To honour the JVM settings for this build a single-use Daemon process will be forked. For more on this, please refer to https://docs.gradle.org/9.2.1/userguide/gradle_daemon.html#sec:disabling_the_daemon in the Gradle documentation.
Daemon will be stopped at the end of the build 
Reusing configuration cache.
> Task :downloadAssets UP-TO-DATE
> Task :writeServerLegacyClasspath UP-TO-DATE
> Task :generateModMetadata UP-TO-DATE
> Task :createMinecraftArtifacts UP-TO-DATE
> Task :prepareServerRun UP-TO-DATE
> Task :processResources UP-TO-DATE
> Task :compileJava UP-TO-DATE
> Task :classes UP-TO-DATE

> Task :runServer
WARN StatusConsoleListener Advanced terminal features are not available in this environment
[12:38:35] [main/INFO] [cp.mo.mo.Launcher/MODLAUNCHER]: ModLauncher running: args [--launchTarget, forgeserverdev, --gameDir, ., --fml.fmlVersion, 4.0.43, --fml.mcVersion, 1.21.1, --fml.neoForgeVersion, 21.1.248, --fml.neoFormVersion, 20240808.144430, --nogui]
[12:38:35] [main/INFO] [cp.mo.mo.Launcher/MODLAUNCHER]: JVM identified as Microsoft OpenJDK 64-Bit Server VM 21.0.8+9-LTS
[12:38:35] [main/INFO] [cp.mo.mo.Launcher/MODLAUNCHER]: ModLauncher 11.0.5+main.901c6ea8 starting: java version 21.0.8 by Microsoft; OS Windows 11 arch amd64 version 10.0
[12:38:35] [main/DEBUG] [cp.mo.mo.LaunchServiceHandler/MODLAUNCHER]: Found launch services [minecraft,forgeclient,forgedatauserdev,testharness,forgeserverdev,forgeserveruserdev,forgejunitdev,forgeclientdev,forgeclientuserdev,forgeserver,forgejunituserdev,forgedatadev]
[12:38:35] [main/DEBUG] [cp.mo.mo.LaunchPluginHandler/MODLAUNCHER]: Found launch plugins: [mixin,slf4jfixer,runtime_enum_extender,accesstransformer,runtimedistcleaner]
[12:38:35] [main/DEBUG] [cp.mo.mo.TransformationServicesHandler/MODLAUNCHER]: Discovering transformation services
[12:38:35] [main/DEBUG] [ne.ne.fm.lo.FMLPaths/CORE]: Path GAMEDIR is C:\Users\trasa\OneDrive\Desktop\unlimitedSpaceFolder\run
[12:38:35] [main/DEBUG] [ne.ne.fm.lo.FMLPaths/CORE]: Path MODSDIR is C:\Users\trasa\OneDrive\Desktop\unlimitedSpaceFolder\run\mods
[12:38:35] [main/DEBUG] [ne.ne.fm.lo.FMLPaths/CORE]: Path CONFIGDIR is C:\Users\trasa\OneDrive\Desktop\unlimitedSpaceFolder\run\config
[12:38:35] [main/DEBUG] [ne.ne.fm.lo.FMLPaths/CORE]: Path FMLCONFIG is C:\Users\trasa\OneDrive\Desktop\unlimitedSpaceFolder\run\config\fml.toml
[12:38:35] [main/DEBUG] [ne.ne.fm.lo.ta.CommonLaunchHandler/CORE]: Got mod coordinates unlimitedspace%%C:\Users\trasa\OneDrive\Desktop\unlimitedSpaceFolder\build\classes\java\main;unlimitedspace%%C:\Users\trasa\OneDrive\Desktop\unlimitedSpaceFolder\build\resources\main from env
[12:38:35] [main/DEBUG] [ne.ne.fm.lo.ta.CommonLaunchHandler/CORE]: Found supplied mod coordinates [{unlimitedspace=[C:\Users\trasa\OneDrive\Desktop\unlimitedSpaceFolder\build\classes\java\main, C:\Users\trasa\OneDrive\Desktop\unlimitedSpaceFolder\build\resources\main]}]
[12:38:35] [main/DEBUG] [cp.mo.mo.TransformationServicesHandler/MODLAUNCHER]: Found additional transformation services from discovery services: 
[12:38:35] [main/INFO] [ne.ne.fm.lo.ImmediateWindowHandler/]: ImmediateWindowProvider not loading because launch target is forgeserverdev
[12:38:35] [main/DEBUG] [cp.mo.mo.TransformationServicesHandler/MODLAUNCHER]: Found transformer services : [mixin,fml]
[12:38:35] [main/DEBUG] [cp.mo.mo.TransformationServicesHandler/MODLAUNCHER]: Transformation services loading
[12:38:35] [main/DEBUG] [cp.mo.mo.TransformationServiceDecorator/MODLAUNCHER]: Loading service mixin
[12:38:35] [main/DEBUG] [cp.mo.mo.TransformationServiceDecorator/MODLAUNCHER]: Loaded service mixin
[12:38:35] [main/DEBUG] [cp.mo.mo.TransformationServiceDecorator/MODLAUNCHER]: Loading service fml
[12:38:35] [main/DEBUG] [ne.ne.fm.lo.FMLLoader/CORE]: FML 4.0.43 loading
[12:38:35] [main/DEBUG] [ne.ne.fm.lo.FMLLoader/CORE]: FML found ModLauncher version : 11.0.5+main.901c6ea8
[12:38:35] [main/DEBUG] [ne.ne.fm.lo.FMLLoader/CORE]: FML found AccessTransformer version : 10.0.1+139da711
[12:38:35] [main/DEBUG] [ne.ne.fm.lo.FMLLoader/CORE]: FML found EventBus version : null
[12:38:35] [main/DEBUG] [ne.ne.fm.lo.FMLLoader/CORE]: Found Runtime Dist Cleaner
[12:38:35] [main/DEBUG] [cp.mo.mo.TransformationServiceDecorator/MODLAUNCHER]: Loaded service fml
[12:38:35] [main/DEBUG] [cp.mo.mo.TransformationServicesHandler/MODLAUNCHER]: Configuring option handling for services
[12:38:35] [main/DEBUG] [ne.ne.fm.lo.FMLServiceProvider/CORE]: Received command line version data  : VersionInfo[neoForgeVersion=21.1.248, fmlVersion=4.0.43, mcVersion=1.21.1, neoFormVersion=20240808.144430]
[12:38:35] [main/DEBUG] [cp.mo.mo.TransformationServicesHandler/MODLAUNCHER]: Transformation services initializing
[12:38:35] [main/DEBUG] [cp.mo.mo.TransformationServiceDecorator/MODLAUNCHER]: Initializing transformation service mixin
[12:38:35] [main/DEBUG] [mixin/]: MixinService [ModLauncher] was successfully booted in cpw.mods.cl.ModuleClassLoader@3712b94
[12:38:35] [main/INFO] [mixin/]: SpongePowered MIXIN Subsystem Version=0.8.7 Source=union:/C:/Users/trasa/.gradle/caches/modules-2/files-2.1/net.fabricmc/sponge-mixin/0.15.2+mixin.0.8.7/2af2f021d8e02a0220dc27a7a72b4666d66d44ca/sponge-mixin-0.15.2+mixin.0.8.7.jar%2394!/ Service=ModLauncher Env=SERVER
[12:38:35] [main/DEBUG] [mixin/]: Initialising Mixin Platform Manager
[12:38:35] [main/DEBUG] [mixin/]: Adding mixin platform agents for container ModLauncher Root Container(ModLauncher:4f56a0a2)
[12:38:35] [main/DEBUG] [mixin/]: Instancing new MixinPlatformAgentMinecraftForge for ModLauncher Root Container(ModLauncher:4f56a0a2)
[12:38:35] [main/DEBUG] [mixin/]: MixinPlatformAgentMinecraftForge rejected container ModLauncher Root Container(ModLauncher:4f56a0a2)
[12:38:35] [main/DEBUG] [mixin/]: Instancing new MixinPlatformAgentDefault for ModLauncher Root Container(ModLauncher:4f56a0a2)
[12:38:35] [main/DEBUG] [mixin/]: MixinPlatformAgentDefault accepted container ModLauncher Root Container(ModLauncher:4f56a0a2)
[12:38:35] [main/DEBUG] [cp.mo.mo.TransformationServiceDecorator/MODLAUNCHER]: Initialized transformation service mixin
[12:38:35] [main/DEBUG] [cp.mo.mo.TransformationServiceDecorator/MODLAUNCHER]: Initializing transformation service fml
[12:38:35] [main/DEBUG] [ne.ne.fm.lo.FMLServiceProvider/CORE]: Setting up basic FML game directories
[12:38:35] [main/DEBUG] [ne.ne.fm.lo.FMLPaths/CORE]: Path GAMEDIR is C:\Users\trasa\OneDrive\Desktop\unlimitedSpaceFolder\run
[12:38:35] [main/DEBUG] [ne.ne.fm.lo.FMLPaths/CORE]: Path MODSDIR is C:\Users\trasa\OneDrive\Desktop\unlimitedSpaceFolder\run\mods
[12:38:35] [main/DEBUG] [ne.ne.fm.lo.FMLPaths/CORE]: Path CONFIGDIR is C:\Users\trasa\OneDrive\Desktop\unlimitedSpaceFolder\run\config
[12:38:35] [main/DEBUG] [ne.ne.fm.lo.FMLPaths/CORE]: Path FMLCONFIG is C:\Users\trasa\OneDrive\Desktop\unlimitedSpaceFolder\run\config\fml.toml
[12:38:35] [main/DEBUG] [ne.ne.fm.lo.FMLServiceProvider/CORE]: Loading configuration
[12:38:35] [main/DEBUG] [ne.ne.fm.lo.FMLServiceProvider/CORE]: Preparing launch handler
[12:38:35] [main/DEBUG] [ne.ne.fm.lo.FMLLoader/CORE]: Using forgeserverdev as launch service
[12:38:35] [main/DEBUG] [cp.mo.mo.TransformationServiceDecorator/MODLAUNCHER]: Initialized transformation service fml
[12:38:35] [main/DEBUG] [cp.mo.mo.TransformationServicesHandler/MODLAUNCHER]: Transformation services begin scanning
[12:38:35] [main/DEBUG] [cp.mo.mo.TransformationServiceDecorator/MODLAUNCHER]: Beginning scan trigger - transformation service mixin
[12:38:35] [main/DEBUG] [cp.mo.mo.TransformationServiceDecorator/MODLAUNCHER]: End scan trigger - transformation service mixin
[12:38:35] [main/DEBUG] [cp.mo.mo.TransformationServiceDecorator/MODLAUNCHER]: Beginning scan trigger - transformation service fml
[12:38:35] [main/DEBUG] [ne.ne.fm.lo.FMLServiceProvider/CORE]: Initiating mod scan
[12:38:35] [main/DEBUG] [ne.ne.fm.lo.ta.CommonLaunchHandler/CORE]: Got mod coordinates unlimitedspace%%C:\Users\trasa\OneDrive\Desktop\unlimitedSpaceFolder\build\classes\java\main;unlimitedspace%%C:\Users\trasa\OneDrive\Desktop\unlimitedSpaceFolder\build\resources\main from env
[12:38:35] [main/DEBUG] [ne.ne.fm.lo.ta.CommonLaunchHandler/CORE]: Found supplied mod coordinates [{unlimitedspace=[C:\Users\trasa\OneDrive\Desktop\unlimitedSpaceFolder\build\classes\java\main, C:\Users\trasa\OneDrive\Desktop\unlimitedSpaceFolder\build\resources\main]}]
[12:38:35] [main/DEBUG] [ne.ne.fm.lo.ta.CommonDevLaunchHandler/]: Launching with NeoForge from C:\Users\trasa\OneDrive\Desktop\unlimitedSpaceFolder\build\moddev\artifacts\neoforge-21.1.248.jar
[12:38:35] [main/DEBUG] [ne.ne.fm.ut.ServiceLoaderUtil/CORE]: Found 4 implementations of IModFileCandidateLocator:
[12:38:35] [main/DEBUG] [ne.ne.fm.ut.ServiceLoaderUtil/CORE]: 	       0 - [built-in] net.neoforged.fml.loading.moddiscovery.locators.NeoForgeDevProvider from loader-4.0.43.jar
[12:38:35] [main/DEBUG] [ne.ne.fm.ut.ServiceLoaderUtil/CORE]: 	       0 - net.neoforged.fml.loading.moddiscovery.locators.ModsFolderLocator from loader-4.0.43.jar
[12:38:35] [main/DEBUG] [ne.ne.fm.ut.ServiceLoaderUtil/CORE]: 	       0 - net.neoforged.fml.loading.moddiscovery.locators.MavenDirectoryLocator from loader-4.0.43.jar
[12:38:35] [main/DEBUG] [ne.ne.fm.ut.ServiceLoaderUtil/CORE]: 	   -1000 - [built-in] net.neoforged.fml.loading.moddiscovery.locators.UserdevLocator from loader-4.0.43.jar
[12:38:35] [main/DEBUG] [ne.ne.fm.ut.ServiceLoaderUtil/CORE]: Found 2 implementations of IModFileReader:
[12:38:35] [main/DEBUG] [ne.ne.fm.ut.ServiceLoaderUtil/CORE]: 	       0 - net.neoforged.fml.loading.moddiscovery.readers.JarModsDotTomlModFileReader from loader-4.0.43.jar
[12:38:35] [main/DEBUG] [ne.ne.fm.ut.ServiceLoaderUtil/CORE]: 	   -1000 - net.neoforged.fml.loading.moddiscovery.readers.NestedLibraryModReader from loader-4.0.43.jar
[12:38:35] [main/DEBUG] [ne.ne.fm.ut.ServiceLoaderUtil/CORE]: Found 1 implementations of IDependencyLocator:
[12:38:35] [main/DEBUG] [ne.ne.fm.ut.ServiceLoaderUtil/CORE]: 	       0 - net.neoforged.fml.loading.moddiscovery.locators.JarInJarDependencyLocator from loader-4.0.43.jar
[12:38:35] [main/DEBUG] [ne.ne.fm.lo.mo.ModFileInfo/LOADING]: Found valid mod file neoforge-21.1.248.jar with {minecraft} mods - versions {1.21.1}
[12:38:35] [main/DEBUG] [ne.ne.fm.lo.mo.ModFileParser/LOADING]: Considering mod file candidate C:\Users\trasa\OneDrive\Desktop\unlimitedSpaceFolder\build\moddev\artifacts\neoforge-21.1.248.jar
[12:38:35] [main/DEBUG] [ne.ne.fm.lo.mo.ModFileInfo/LOADING]: Found valid mod file neoforge-21.1.248.jar with {neoforge} mods - versions {21.1.248}
[12:38:35] [main/DEBUG] [ne.ne.fm.lo.mo.ModListHandler/CORE]: Found mod coordinates from lists: []
[12:38:35] [main/DEBUG] [ne.ne.fm.lo.mo.ModFileParser/LOADING]: Considering mod file candidate C:\Users\trasa\OneDrive\Desktop\unlimitedSpaceFolder\build\classes\java\main
[12:38:35] [main/DEBUG] [ne.ne.fm.lo.mo.ModFileInfo/LOADING]: Found valid mod file main with {unlimitedspace} mods - versions {1.0.0}
[12:38:35] [main/DEBUG] [ne.ne.fm.lo.mo.ModFileParser/LOADING]: Considering mod file candidate C:\Users\trasa\OneDrive\Desktop\unlimitedSpaceFolder\build\moddev\artifacts\neoforge-21.1.248.jar
[12:38:35] [main/DEBUG] [ne.ne.fm.lo.mo.ModFileInfo/LOADING]: Found valid mod file neoforge-21.1.248.jar with {neoforge} mods - versions {21.1.248}
[12:38:35] [main/DEBUG] [ne.ne.fm.lo.mo.ModFileParser/LOADING]: Considering mod file candidate C:\Users\trasa\.gradle\caches\modules-2\files-2.1\com.simibubi.create\create-1.21.1\6.0.9-216\a08cd5cc9846a97d6dd61b89b926798f93b43c90\create-1.21.1-6.0.9-216-slim.jar
[12:38:35] [main/DEBUG] [ne.ne.fm.lo.mo.ModFileInfo/LOADING]: Found valid mod file create-1.21.1-6.0.9-216-slim.jar with {create} mods - versions {6.0.9}
[12:38:35] [main/DEBUG] [ne.ne.fm.lo.mo.ModFileParser/LOADING]: Considering mod file candidate C:\Users\trasa\.gradle\caches\modules-2\files-2.1\maven.modrinth\creating-space\1.7.18\b979ff298fdf6a61dabeb9325d1adda7b4db8da8\creating-space-1.7.18.jar
[12:38:35] [main/DEBUG] [ne.ne.fm.lo.mo.ModFileInfo/LOADING]: Found valid mod file creating-space-1.7.18.jar with {creatingspace} mods - versions {1.7.18}
[12:38:35] [main/DEBUG] [ne.ne.fm.lo.mo.ModFileParser/LOADING]: Considering mod file candidate C:\Users\trasa\.gradle\caches\modules-2\files-2.1\net.createmod.ponder\ponder-neoforge\1.0.81+mc1.21.1\33d5fda0be2726256eb4722f1da2dad5d073d08d\ponder-neoforge-1.0.81+mc1.21.1.jar
[12:38:35] [main/DEBUG] [ne.ne.fm.lo.mo.ModFileInfo/LOADING]: Found valid mod file ponder-neoforge-1.0.81+mc1.21.1.jar with {ponder} mods - versions {1.0.81+mc1.21.1}
[12:38:35] [main/DEBUG] [ne.ne.fm.lo.mo.ModFileParser/LOADING]: Considering mod file candidate C:\Users\trasa\.gradle\caches\modules-2\files-2.1\dev.engine-room.flywheel\flywheel-neoforge-1.21.1\1.0.6\a943872ad0bdd4458d818d8d7dc123fb250eb744\flywheel-neoforge-1.21.1-1.0.6.jar
[12:38:35] [main/DEBUG] [ne.ne.fm.lo.mo.ModFileInfo/LOADING]: Found valid mod file flywheel-neoforge-1.21.1-1.0.6.jar with {flywheel} mods - versions {1.0.6}
[12:38:35] [main/DEBUG] [ne.ne.fm.lo.mo.ModDiscoverer/]: Skipping C:\Users\trasa\.gradle\caches\modules-2\files-2.1\net.neoforged.fancymodloader\earlydisplay\4.0.43\3a941fcf258b5a7dde0445377a7206a55d11630d\earlydisplay-4.0.43.jar because it was already located earlier
[12:38:35] [main/DEBUG] [ne.ne.fm.lo.mo.ModDiscoverer/]: Skipping C:\Users\trasa\.gradle\caches\modules-2\files-2.1\net.neoforged.fancymodloader\loader\4.0.43\fb10b7bf2f568a9676ad8b426b19c23badbbd98a\loader-4.0.43.jar because it was already located earlier
[12:38:35] [main/DEBUG] [ne.ne.fm.lo.mo.ModDiscoverer/]: Skipping C:\Users\trasa\.gradle\caches\modules-2\files-2.1\net.neoforged.accesstransformers\at-modlauncher\10.0.1\5aba50202aceead086bc09fbc2751c9f05cb4890\at-modlauncher-10.0.1.jar because it was already located earlier
[12:38:35] [main/DEBUG] [ne.ne.fm.lo.mo.ModDiscoverer/]: Skipping C:\Users\trasa\.gradle\caches\modules-2\files-2.1\net.neoforged\accesstransformers\10.0.1\fd83b5725f76eae9115e9355fa1c456a6a441400\accesstransformers-10.0.1.jar because it was already located earlier
[12:38:35] [main/DEBUG] [ne.ne.fm.lo.mo.ModDiscoverer/]: Skipping C:\Users\trasa\.gradle\caches\modules-2\files-2.1\net.neoforged\bus\8.0.5\5b2d33285ab5d1554e9798ad98c40d6ea3868bd5\bus-8.0.5.jar because it was already located earlier
[12:38:35] [main/DEBUG] [ne.ne.fm.lo.mo.ModDiscoverer/]: Skipping C:\Users\trasa\.gradle\caches\modules-2\files-2.1\net.neoforged\coremods\7.0.3\9147e6f638b4272b3bd5fc8f92ad37802512c6c\coremods-7.0.3.jar because it was already located earlier
[12:38:35] [main/DEBUG] [ne.ne.fm.lo.mo.ModDiscoverer/]: Skipping C:\Users\trasa\.gradle\caches\modules-2\files-2.1\cpw.mods\modlauncher\11.0.5\b8f0d49294f733fdb6173931b263553e943dc950\modlauncher-11.0.5.jar because it was already located earlier
[12:38:35] [main/DEBUG] [ne.ne.fm.lo.mo.ModDiscoverer/]: Skipping C:\Users\trasa\.gradle\caches\modules-2\files-2.1\net.neoforged\mergetool\2.0.0\52fe1949be64e3303aabaaa21e315f551db9c9f4\mergetool-2.0.0-api.jar because it was already located earlier
[12:38:35] [main/DEBUG] [ne.ne.fm.lo.mo.ModDiscoverer/]: Skipping C:\Users\trasa\.gradle\caches\modules-2\files-2.1\com.electronwill.night-config\toml\3.8.3\90b2fd6efcb4a7d5b9810cf78f9d824994d717f2\toml-3.8.3.jar because it was already located earlier
[12:38:35] [main/DEBUG] [ne.ne.fm.lo.mo.ModDiscoverer/]: Skipping C:\Users\trasa\.gradle\caches\modules-2\files-2.1\com.electronwill.night-config\core\3.8.3\b442a95f09e349927f5a945ecb594455870fcf4f\core-3.8.3.jar because it was already located earlier
[12:38:35] [main/DEBUG] [ne.ne.fm.lo.mo.ModDiscoverer/]: Skipping C:\Users\trasa\.gradle\caches\modules-2\files-2.1\net.neoforged\JarJarSelector\0.4.1\fb3cc7a58af22ad2880adb98af6d518128c47dae\JarJarSelector-0.4.1.jar because it was already located earlier
[12:38:35] [main/DEBUG] [ne.ne.fm.lo.mo.ModDiscoverer/]: Skipping C:\Users\trasa\.gradle\caches\modules-2\files-2.1\net.neoforged\JarJarMetadata\0.4.1\f8da03683dc81694556dc3e177c5e3bb77ae6fcb\JarJarMetadata-0.4.1.jar because it was already located earlier
[12:38:35] [main/DEBUG] [ne.ne.fm.lo.mo.ModDiscoverer/]: Skipping C:\Users\trasa\.gradle\caches\modules-2\files-2.1\org.apache.maven\maven-artifact\3.8.5\4433f50c07debefaed0553bd0068f4f48d449313\maven-artifact-3.8.5.jar because it was already located earlier
[12:38:35] [main/DEBUG] [ne.ne.fm.lo.mo.ModDiscoverer/]: Skipping C:\Users\trasa\.gradle\caches\modules-2\files-2.1\net.jodah\typetools\0.6.3\a01aaa6ddaea9ec07ec4f209487b7a46a526283a\typetools-0.6.3.jar because it was already located earlier
[12:38:35] [main/DEBUG] [ne.ne.fm.lo.mo.ModDiscoverer/]: Skipping C:\Users\trasa\.gradle\caches\modules-2\files-2.1\net.minecrell\terminalconsoleappender\1.3.0\b562e9bb61235c9520e26282cdee71f8f802d1fc\terminalconsoleappender-1.3.0.jar because it was already located earlier
[12:38:35] [main/DEBUG] [ne.ne.fm.lo.mo.ModDiscoverer/]: Skipping C:\Users\trasa\.gradle\caches\modules-2\files-2.1\net.fabricmc\sponge-mixin\0.15.2+mixin.0.8.7\2af2f021d8e02a0220dc27a7a72b4666d66d44ca\sponge-mixin-0.15.2+mixin.0.8.7.jar because it was already located earlier
[12:38:35] [main/DEBUG] [ne.ne.fm.lo.mo.ModDiscoverer/]: Skipping C:\Users\trasa\.gradle\caches\modules-2\files-2.1\org.openjdk.nashorn\nashorn-core\15.4\f67f5ffaa5f5130cf6fb9b133da00c7df3b532a5\nashorn-core-15.4.jar because it was already located earlier
[12:38:35] [main/DEBUG] [ne.ne.fm.lo.mo.ModDiscoverer/]: Skipping C:\Users\trasa\.gradle\caches\modules-2\files-2.1\org.apache.commons\commons-lang3\3.14.0\1ed471194b02f2c6cb734a0cd6f6f107c673afae\commons-lang3-3.14.0.jar because it was already located earlier
[12:38:35] [main/DEBUG] [ne.ne.fm.lo.mo.ModDiscoverer/]: Skipping C:\Users\trasa\.gradle\caches\modules-2\files-2.1\net.sf.jopt-simple\jopt-simple\5.0.4\4fdac2fbe92dfad86aa6e9301736f6b4342a3f5c\jopt-simple-5.0.4.jar because it was already located earlier
[12:38:35] [main/DEBUG] [ne.ne.fm.lo.mo.ModDiscoverer/]: Skipping C:\Users\trasa\.gradle\caches\modules-2\files-2.1\commons-io\commons-io\2.15.1\f11560da189ab563a5c8e351941415430e9304ea\commons-io-2.15.1.jar because it was already located earlier
[12:38:35] [main/DEBUG] [ne.ne.fm.lo.mo.ModDiscoverer/]: Skipping C:\Users\trasa\.gradle\caches\modules-2\files-2.1\com.mojang\logging\1.2.7\24cb95ffb0e3433fd6e844c04e68009e504ca1c0\logging-1.2.7.jar because it was already located earlier
[12:38:35] [main/DEBUG] [ne.ne.fm.lo.mo.ModDiscoverer/]: Skipping C:\Users\trasa\.gradle\caches\modules-2\files-2.1\org.apache.logging.log4j\log4j-slf4j2-impl\2.22.1\d7e6693c2606cb7e7335047d7bb96dec52db5665\log4j-slf4j2-impl-2.22.1.jar because it was already located earlier
[12:38:35] [main/DEBUG] [ne.ne.fm.lo.mo.ModDiscoverer/]: Skipping C:\Users\trasa\.gradle\caches\modules-2\files-2.1\org.apache.logging.log4j\log4j-core\2.22.1\7183a25510a02ad00cc6a95d3b3d2a7d3c5a8dc4\log4j-core-2.22.1.jar because it was already located earlier
[12:38:35] [main/DEBUG] [ne.ne.fm.lo.mo.ModDiscoverer/]: Skipping C:\Users\trasa\.gradle\caches\modules-2\files-2.1\org.apache.logging.log4j\log4j-api\2.22.1\bea6fede6328fabafd7e68363161a7ea6605abd1\log4j-api-2.22.1.jar because it was already located earlier
[12:38:35] [main/DEBUG] [ne.ne.fm.lo.mo.ModDiscoverer/]: Skipping C:\Users\trasa\.gradle\caches\modules-2\files-2.1\com.google.guava\guava\32.1.2-jre\5e64ec7e056456bef3a4bc4c6fdaef71e8ab6318\guava-32.1.2-jre.jar because it was already located earlier
[12:38:35] [main/DEBUG] [ne.ne.fm.lo.mo.ModDiscoverer/]: Skipping C:\Users\trasa\.gradle\caches\modules-2\files-2.1\com.google.code.gson\gson\2.10.1\b3add478d4382b78ea20b1671390a858002feb6c\gson-2.10.1.jar because it was already located earlier
[12:38:35] [main/DEBUG] [ne.ne.fm.lo.mo.ModDiscoverer/]: Skipping C:\Users\trasa\.gradle\caches\modules-2\files-2.1\org.slf4j\slf4j-api\2.0.9\7cf2726fdcfbc8610f9a71fb3ed639871f315340\slf4j-api-2.0.9.jar because it was already located earlier
[12:38:35] [main/DEBUG] [ne.ne.fm.lo.mo.ModDiscoverer/]: Skipping C:\Users\trasa\.gradle\caches\modules-2\files-2.1\org.antlr\antlr4-runtime\4.13.1\17125bae1d965624e265ef49552f6465a2bfa307\antlr4-runtime-4.13.1.jar because it was already located earlier
[12:38:35] [main/DEBUG] [ne.ne.fm.lo.mo.ModDiscoverer/]: Skipping C:\Users\trasa\.gradle\caches\modules-2\files-2.1\net.minecraftforge\srgutils\0.4.15\ca408b131759478f164e010fae0d73997e125fb5\srgutils-0.4.15.jar because it was already located earlier
[12:38:35] [main/DEBUG] [ne.ne.fm.lo.mo.ModDiscoverer/]: Skipping C:\Users\trasa\.gradle\caches\modules-2\files-2.1\org.codehaus.plexus\plexus-utils\3.3.0\cf43b5391de623b36fe066a21127baef82c64022\plexus-utils-3.3.0.jar because it was already located earlier
[12:38:35] [main/DEBUG] [ne.ne.fm.lo.mo.ModDiscoverer/]: Skipping C:\Users\trasa\.gradle\caches\modules-2\files-2.1\org.jline\jline-reader\3.20.0\8f15415b022a25b473e8e16c28ae913186ffb9c4\jline-reader-3.20.0.jar because it was already located earlier
[12:38:35] [main/DEBUG] [ne.ne.fm.lo.mo.ModDiscoverer/]: Skipping C:\Users\trasa\.gradle\caches\modules-2\files-2.1\com.machinezoo.noexception\noexception\1.7.1\b65330c98e38a1f915fa54a6e5eca496505e3f0a\noexception-1.7.1.jar because it was already located earlier
[12:38:35] [main/DEBUG] [ne.ne.fm.lo.mo.ModDiscoverer/]: Skipping C:\Users\trasa\.gradle\caches\modules-2\files-2.1\com.github.oshi\oshi-core\6.4.10\b1d8ab82d11d92fd639b56d639f8f46f739dd5fa\oshi-core-6.4.10.jar because it was already located earlier
[12:38:35] [main/DEBUG] [ne.ne.fm.lo.mo.ModDiscoverer/]: Skipping C:\Users\trasa\.gradle\caches\modules-2\files-2.1\com.google.guava\failureaccess\1.0.1\1dcf1de382a0bf95a3d8b0849546c88bac1292c9\failureaccess-1.0.1.jar because it was already located earlier
[12:38:35] [main/DEBUG] [ne.ne.fm.lo.mo.ModDiscoverer/]: Skipping C:\Users\trasa\.gradle\caches\modules-2\files-2.1\com.mojang\authlib\6.0.54\de8bc95660e1b2fe8793fd427a7a10dcec5b3ea7\authlib-6.0.54.jar because it was already located earlier
[12:38:35] [main/DEBUG] [ne.ne.fm.lo.mo.ModDiscoverer/]: Skipping C:\Users\trasa\.gradle\caches\modules-2\files-2.1\com.mojang\brigadier\1.3.10\d15b53a14cf20fdcaa98f731af5dda654452c010\brigadier-1.3.10.jar because it was already located earlier
[12:38:35] [main/DEBUG] [ne.ne.fm.lo.mo.ModDiscoverer/]: Skipping C:\Users\trasa\.gradle\caches\modules-2\files-2.1\com.mojang\datafixerupper\8.0.16\67d4de6d7f95d89bcf5862995fb854ebaec02a34\datafixerupper-8.0.16.jar because it was already located earlier
[12:38:35] [main/DEBUG] [ne.ne.fm.lo.mo.ModDiscoverer/]: Skipping C:\Users\trasa\.gradle\caches\modules-2\files-2.1\io.netty\netty-buffer\4.1.97.Final\f8f3d8644afa5e6e1a40a3a6aeb9d9aa970ecb4f\netty-buffer-4.1.97.Final.jar because it was already located earlier
[12:38:35] [main/DEBUG] [ne.ne.fm.lo.mo.ModDiscoverer/]: Skipping C:\Users\trasa\.gradle\caches\modules-2\files-2.1\io.netty\netty-codec\4.1.97.Final\384ba4d75670befbedb45c4d3b497a93639c206d\netty-codec-4.1.97.Final.jar because it was already located earlier
[12:38:35] [main/DEBUG] [ne.ne.fm.lo.mo.ModDiscoverer/]: Skipping C:\Users\trasa\.gradle\caches\modules-2\files-2.1\io.netty\netty-common\4.1.97.Final\7cceacaf11df8dc63f23d0fb58e9d4640fc88404\netty-common-4.1.97.Final.jar because it was already located earlier
[12:38:35] [main/DEBUG] [ne.ne.fm.lo.mo.ModDiscoverer/]: Skipping C:\Users\trasa\.gradle\caches\modules-2\files-2.1\io.netty\netty-handler\4.1.97.Final\abb86c6906bf512bf2b797a41cd7d2e8d3cd7c36\netty-handler-4.1.97.Final.jar because it was already located earlier
[12:38:35] [main/DEBUG] [ne.ne.fm.lo.mo.ModDiscoverer/]: Skipping C:\Users\trasa\.gradle\caches\modules-2\files-2.1\io.netty\netty-resolver\4.1.97.Final\cec8348108dc76c47cf87c669d514be52c922144\netty-resolver-4.1.97.Final.jar because it was already located earlier
[12:38:35] [main/DEBUG] [ne.ne.fm.lo.mo.ModDiscoverer/]: Skipping C:\Users\trasa\.gradle\caches\modules-2\files-2.1\io.netty\netty-transport-classes-epoll\4.1.97.Final\795da37ded759e862457a82d9d92c4d39ce8ecee\netty-transport-classes-epoll-4.1.97.Final.jar because it was already located earlier
[12:38:35] [main/DEBUG] [ne.ne.fm.lo.mo.ModDiscoverer/]: Skipping C:\Users\trasa\.gradle\caches\modules-2\files-2.1\io.netty\netty-transport-native-unix-common\4.1.97.Final\d469d84265ab70095b01b40886cabdd433b6e664\netty-transport-native-unix-common-4.1.97.Final.jar because it was already located earlier
[12:38:35] [main/DEBUG] [ne.ne.fm.lo.mo.ModDiscoverer/]: Skipping C:\Users\trasa\.gradle\caches\modules-2\files-2.1\io.netty\netty-transport\4.1.97.Final\f37380d23c9bb079bc702910833b2fd532c9abd0\netty-transport-4.1.97.Final.jar because it was already located earlier
[12:38:35] [main/DEBUG] [ne.ne.fm.lo.mo.ModDiscoverer/]: Skipping C:\Users\trasa\.gradle\caches\modules-2\files-2.1\it.unimi.dsi\fastutil\8.5.12\c24946d46824bd528054bface3231d2ecb7e95e8\fastutil-8.5.12.jar because it was already located earlier
[12:38:35] [main/DEBUG] [ne.ne.fm.lo.mo.ModDiscoverer/]: Skipping C:\Users\trasa\.gradle\caches\modules-2\files-2.1\net.java.dev.jna\jna-platform\5.14.0\28934d48aed814f11e4c584da55c49fa7032b31b\jna-platform-5.14.0.jar because it was already located earlier
[12:38:35] [main/DEBUG] [ne.ne.fm.lo.mo.ModDiscoverer/]: Skipping C:\Users\trasa\.gradle\caches\modules-2\files-2.1\net.java.dev.jna\jna\5.14.0\67bf3eaea4f0718cb376a181a629e5f88fa1c9dd\jna-5.14.0.jar because it was already located earlier
[12:38:35] [main/DEBUG] [ne.ne.fm.lo.mo.ModDiscoverer/]: Skipping C:\Users\trasa\.gradle\caches\modules-2\files-2.1\org.joml\joml\1.10.5\22566d58af70ad3d72308bab63b8339906deb649\joml-1.10.5.jar because it was already located earlier
[12:38:35] [main/DEBUG] [ne.ne.fm.lo.mo.ModDiscoverer/]: Skipping C:\Users\trasa\.gradle\caches\modules-2\files-2.1\org.lz4\lz4-java\1.8.0\4b986a99445e49ea5fbf5d149c4b63f6ed6c6780\lz4-java-1.8.0.jar because it was already located earlier
[12:38:35] [main/DEBUG] [ne.ne.fm.lo.mo.ModDiscoverer/]: Skipping C:\Users\trasa\.gradle\caches\modules-2\files-2.1\org.jline\jline-terminal\3.20.0\d0ddcc708ddf527a3454c941b7b9225cc83a15ff\jline-terminal-3.20.0.jar because it was already located earlier
[12:38:35] [main/DEBUG] [ne.ne.fm.lo.mo.ModDiscoverer/]: Skipping C:\Users\trasa\.gradle\caches\modules-2\files-2.1\com.google.guava\listenablefuture\9999.0-empty-to-avoid-conflict-with-guava\b421526c5f297295adef1c886e5246c39d4ac629\listenablefuture-9999.0-empty-to-avoid-conflict-with-guava.jar because it was already located earlier
[12:38:35] [main/DEBUG] [ne.ne.fm.lo.mo.ModDiscoverer/]: Skipping C:\Users\trasa\.gradle\caches\modules-2\files-2.1\com.google.code.findbugs\jsr305\3.0.2\25ea2e8b0c338a877313bd4672d3fe056ea78f0d\jsr305-3.0.2.jar because it was already located earlier
[12:38:35] [main/DEBUG] [ne.ne.fm.lo.mo.ModDiscoverer/]: Skipping C:\Users\trasa\.gradle\caches\modules-2\files-2.1\org.checkerframework\checker-qual\3.33.0\de2b60b62da487644fc11f734e73c8b0b431238f\checker-qual-3.33.0.jar because it was already located earlier
[12:38:35] [main/DEBUG] [ne.ne.fm.lo.mo.ModDiscoverer/]: Skipping C:\Users\trasa\.gradle\caches\modules-2\files-2.1\com.google.errorprone\error_prone_annotations\2.18.0\89b684257096f548fa39a7df9fdaa409d4d4df91\error_prone_annotations-2.18.0.jar because it was already located earlier
[12:38:35] [main/DEBUG] [ne.ne.fm.lo.mo.ModDiscoverer/]: Skipping C:\Users\trasa\.gradle\caches\modules-2\files-2.1\com.google.j2objc\j2objc-annotations\2.8\c85270e307e7b822f1086b93689124b89768e273\j2objc-annotations-2.8.jar because it was already located earlier
[12:38:35] [main/DEBUG] [ne.ne.fm.lo.UniqueModListBuilder/]: Found 2 mods for first modid neoforge, selecting most recent based on version data
[12:38:35] [main/DEBUG] [ne.ne.fm.lo.UniqueModListBuilder/]: Selected file neoforge-21.1.248.jar for modid neoforge with version 21.1.248
[12:38:35] [main/INFO] [ne.ne.fm.lo.mo.lo.JarInJarDependencyLocator/]: Found 2 dependencies adding them to mods collection
[12:38:35] [main/INFO] [ne.ne.fm.lo.mo.ModDiscoverer/]: 
     Mod List:
		Name Version (Mod Id)

		Create 6.0.9 (create)
		Creating Space 1.7.18 (creatingspace)
		Flywheel 1.0.6 (flywheel)
		Minecraft 1.21.1 (minecraft)
		NeoForge 21.1.248 (neoforge)
		Ponder 1.0.81+mc1.21.1 (ponder)
		Unlimited Space 1.0.0 (unlimitedspace)
[12:38:35] [main/DEBUG] [ne.ne.fm.lo.mo.ModFileInfo/LOADING]: Found valid mod file neoforge-21.1.248.jar with {minecraft} mods - versions {1.21.1}
[12:38:35] [main/DEBUG] [ne.ne.fm.lo.mo.ModFile/LOADING]: Loading mod file C:\Users\trasa\OneDrive\Desktop\unlimitedSpaceFolder\build\moddev\artifacts\neoforge-21.1.248.jar with languages [LanguageSpec[languageName=minecraft, acceptedVersions=1]]
[12:38:35] [main/DEBUG] [ne.ne.fm.lo.mo.ModFileParser/LOADING]: Considering mod file candidate C:\Users\trasa\.gradle\caches\modules-2\files-2.1\maven.modrinth\creating-space\1.7.18\b979ff298fdf6a61dabeb9325d1adda7b4db8da8\creating-space-1.7.18.jar
[12:38:35] [main/DEBUG] [ne.ne.fm.lo.mo.ModFileInfo/LOADING]: Found valid mod file creating-space-1.7.18.jar with {creatingspace} mods - versions {1.7.18}
[12:38:35] [main/DEBUG] [ne.ne.fm.lo.mo.ModFile/LOADING]: Loading mod file C:\Users\trasa\.gradle\caches\modules-2\files-2.1\maven.modrinth\creating-space\1.7.18\b979ff298fdf6a61dabeb9325d1adda7b4db8da8\creating-space-1.7.18.jar with languages [LanguageSpec[languageName=javafml, acceptedVersions=[1,)]]
[12:38:35] [main/DEBUG] [ne.ne.fm.lo.mo.ModFile/LOADING]: Found mixin config MixinConfig[config=creatingspace.mixins.json, requiredMods=[]]
[12:38:35] [main/DEBUG] [ne.ne.fm.lo.mo.ModFileParser/LOADING]: Considering mod file candidate C:\Users\trasa\.gradle\caches\modules-2\files-2.1\dev.engine-room.flywheel\flywheel-neoforge-1.21.1\1.0.6\a943872ad0bdd4458d818d8d7dc123fb250eb744\flywheel-neoforge-1.21.1-1.0.6.jar
[12:38:35] [main/DEBUG] [ne.ne.fm.lo.mo.ModFileInfo/LOADING]: Found valid mod file flywheel-neoforge-1.21.1-1.0.6.jar with {flywheel} mods - versions {1.0.6}
[12:38:35] [main/DEBUG] [ne.ne.fm.lo.mo.ModFile/LOADING]: Loading mod file C:\Users\trasa\.gradle\caches\modules-2\files-2.1\dev.engine-room.flywheel\flywheel-neoforge-1.21.1\1.0.6\a943872ad0bdd4458d818d8d7dc123fb250eb744\flywheel-neoforge-1.21.1-1.0.6.jar with languages [LanguageSpec[languageName=javafml, acceptedVersions=[0,)]]
[12:38:35] [main/DEBUG] [ne.ne.fm.lo.mo.ModFile/LOADING]: Found mixin config MixinConfig[config=flywheel.backend.mixins.json, requiredMods=[]]
[12:38:35] [main/DEBUG] [ne.ne.fm.lo.mo.ModFile/LOADING]: Found mixin config MixinConfig[config=flywheel.impl.mixins.json, requiredMods=[]]
[12:38:35] [main/DEBUG] [ne.ne.fm.lo.mo.ModFile/LOADING]: Found mixin config MixinConfig[config=flywheel.impl.neoforge.mixins.json, requiredMods=[]]
[12:38:35] [main/DEBUG] [ne.ne.fm.lo.mo.ModFileParser/LOADING]: Considering mod file candidate C:\Users\trasa\.gradle\caches\modules-2\files-2.1\com.simibubi.create\create-1.21.1\6.0.9-216\a08cd5cc9846a97d6dd61b89b926798f93b43c90\create-1.21.1-6.0.9-216-slim.jar
[12:38:35] [main/DEBUG] [ne.ne.fm.lo.mo.ModFileInfo/LOADING]: Found valid mod file create-1.21.1-6.0.9-216-slim.jar with {create} mods - versions {6.0.9}
[12:38:35] [main/DEBUG] [ne.ne.fm.lo.mo.ModFile/LOADING]: Loading mod file C:\Users\trasa\.gradle\caches\modules-2\files-2.1\com.simibubi.create\create-1.21.1\6.0.9-216\a08cd5cc9846a97d6dd61b89b926798f93b43c90\create-1.21.1-6.0.9-216-slim.jar with languages [LanguageSpec[languageName=javafml, acceptedVersions=[0,)]]
[12:38:35] [main/DEBUG] [ne.ne.fm.lo.mo.ModFile/LOADING]: Found mixin config MixinConfig[config=create.mixins.json, requiredMods=[]]
[12:38:35] [main/DEBUG] [ne.ne.fm.lo.mo.ModFileParser/LOADING]: Considering mod file candidate C:\Users\trasa\.gradle\caches\modules-2\files-2.1\net.createmod.ponder\ponder-neoforge\1.0.81+mc1.21.1\33d5fda0be2726256eb4722f1da2dad5d073d08d\ponder-neoforge-1.0.81+mc1.21.1.jar
[12:38:35] [main/DEBUG] [ne.ne.fm.lo.mo.ModFileInfo/LOADING]: Found valid mod file ponder-neoforge-1.0.81+mc1.21.1.jar with {ponder} mods - versions {1.0.81+mc1.21.1}
[12:38:35] [main/DEBUG] [ne.ne.fm.lo.mo.ModFile/LOADING]: Loading mod file C:\Users\trasa\.gradle\caches\modules-2\files-2.1\net.createmod.ponder\ponder-neoforge\1.0.81+mc1.21.1\33d5fda0be2726256eb4722f1da2dad5d073d08d\ponder-neoforge-1.0.81+mc1.21.1.jar with languages [LanguageSpec[languageName=javafml, acceptedVersions=[0,)]]
[12:38:35] [main/DEBUG] [ne.ne.fm.lo.mo.ModFile/LOADING]: Found mixin config MixinConfig[config=ponder.mixins.json, requiredMods=[]]
[12:38:35] [main/DEBUG] [ne.ne.fm.lo.mo.ModFile/LOADING]: Found mixin config MixinConfig[config=ponder-common.mixins.json, requiredMods=[]]
[12:38:35] [main/DEBUG] [ne.ne.fm.lo.mo.ModFileParser/LOADING]: Considering mod file candidate C:\Users\trasa\OneDrive\Desktop\unlimitedSpaceFolder\build\moddev\artifacts\neoforge-21.1.248.jar
[12:38:35] [main/DEBUG] [ne.ne.fm.lo.mo.ModFileInfo/LOADING]: Found valid mod file neoforge-21.1.248.jar with {neoforge} mods - versions {21.1.248}
[12:38:35] [main/DEBUG] [ne.ne.fm.lo.mo.ModFile/LOADING]: Loading mod file C:\Users\trasa\OneDrive\Desktop\unlimitedSpaceFolder\build\moddev\artifacts\neoforge-21.1.248.jar with languages [LanguageSpec[languageName=javafml, acceptedVersions=[3,]]]
[12:38:35] [main/DEBUG] [ne.ne.fm.lo.mo.ModFile/LOADING]: Found mixin config MixinConfig[config=neoforge.mixins.json, requiredMods=[]]
[12:38:35] [main/DEBUG] [ne.ne.fm.lo.mo.ModFileParser/LOADING]: Considering mod file candidate C:\Users\trasa\OneDrive\Desktop\unlimitedSpaceFolder\build\classes\java\main
[12:38:35] [main/DEBUG] [ne.ne.fm.lo.mo.ModFileInfo/LOADING]: Found valid mod file main with {unlimitedspace} mods - versions {1.0.0}
[12:38:35] [main/DEBUG] [ne.ne.fm.lo.mo.ModFile/LOADING]: Loading mod file C:\Users\trasa\OneDrive\Desktop\unlimitedSpaceFolder\build\classes\java\main with languages [LanguageSpec[languageName=javafml, acceptedVersions=[1,)]]
[12:38:35] [main/DEBUG] [ne.ne.fm.lo.mo.ModFile/LOADING]: Loading mod file  with languages []
[12:38:35] [main/DEBUG] [ne.ne.fm.lo.mo.ModFile/LOADING]: Loading mod file C:\Users\trasa\.gradle\caches\modules-2\files-2.1\com.tterrag.registrate\Registrate\MC1.21-1.3.0+67\66ddc4cd56472fea1ea1a24182901e6c92a51c0a\Registrate-MC1.21-1.3.0+67.jar with languages []
[12:38:35] [main/DEBUG] [cp.mo.mo.TransformationServiceDecorator/MODLAUNCHER]: End scan trigger - transformation service fml
[12:38:35] [main/DEBUG] [ne.ne.fm.ut.ServiceLoaderUtil/CORE]: Found 3 implementations of IModLanguageLoader:
[12:38:35] [main/DEBUG] [ne.ne.fm.ut.ServiceLoaderUtil/CORE]: 	net.neoforged.fml.javafmlmod.FMLJavaModLanguageProvider from loader-4.0.43.jar
[12:38:35] [main/DEBUG] [ne.ne.fm.ut.ServiceLoaderUtil/CORE]: 	net.neoforged.fml.lowcodemod.LowCodeModLanguageProvider from loader-4.0.43.jar
[12:38:35] [main/DEBUG] [ne.ne.fm.ut.ServiceLoaderUtil/CORE]: 	net.neoforged.fml.mclanguageprovider.MinecraftModLanguageProvider from loader-4.0.43.jar
[12:38:35] [main/DEBUG] [ne.ne.fm.lo.LanguageProviderLoader/CORE]: Found language provider javafml, version 4.0.43
[12:38:35] [main/DEBUG] [ne.ne.fm.lo.LanguageProviderLoader/CORE]: Found language provider lowcodefml, version 4.0.43
[12:38:35] [main/DEBUG] [ne.ne.fm.lo.LanguageProviderLoader/CORE]: Found language provider minecraft, version 4.0.43
[12:38:35] [main/DEBUG] [ne.ne.fm.lo.ModSorter/]: Configured system mods: [minecraft, neoforge]
[12:38:35] [main/DEBUG] [ne.ne.fm.lo.ModSorter/]: Found system mod: minecraft
[12:38:35] [main/DEBUG] [ne.ne.fm.lo.ModSorter/]: Found system mod: neoforge
[12:38:35] [main/DEBUG] [ne.ne.fm.lo.ModSorter/LOADING]: Found 13 mod requirements (10 mandatory, 3 optional)
[12:38:35] [main/DEBUG] [ne.ne.fm.lo.ModSorter/LOADING]: Found 0 mod requirements missing (0 mandatory, 0 optional)
[12:38:36] [main/DEBUG] [mixin/]: Adding mixin platform agents for container net.neoforged.fml.loading.mixin.FMLMixinContainerHandle@53692008
[12:38:36] [main/DEBUG] [mixin/]: Instancing new MixinPlatformAgentMinecraftForge for net.neoforged.fml.loading.mixin.FMLMixinContainerHandle@53692008
[12:38:36] [main/DEBUG] [mixin/]: MixinPlatformAgentMinecraftForge rejected container net.neoforged.fml.loading.mixin.FMLMixinContainerHandle@53692008
[12:38:36] [main/DEBUG] [mixin/]: Instancing new MixinPlatformAgentDefault for net.neoforged.fml.loading.mixin.FMLMixinContainerHandle@53692008
[12:38:36] [main/DEBUG] [mixin/]: MixinPlatformAgentDefault accepted container net.neoforged.fml.loading.mixin.FMLMixinContainerHandle@53692008
[12:38:36] [main/DEBUG] [mixin/]: Instancing new FMLMixinPlatformAgent for net.neoforged.fml.loading.mixin.FMLMixinContainerHandle@53692008
[12:38:36] [main/DEBUG] [mixin/]: FMLMixinPlatformAgent accepted container net.neoforged.fml.loading.mixin.FMLMixinContainerHandle@53692008
[12:38:36] [main/DEBUG] [cp.mo.mo.TransformationServicesHandler/MODLAUNCHER]: Transformation services loading transformers
[12:38:36] [main/DEBUG] [cp.mo.mo.TransformationServiceDecorator/MODLAUNCHER]: Initializing transformers for transformation service mixin
[12:38:36] [main/DEBUG] [cp.mo.mo.TransformationServiceDecorator/MODLAUNCHER]: Initialized transformers for transformation service mixin
[12:38:36] [main/DEBUG] [cp.mo.mo.TransformationServiceDecorator/MODLAUNCHER]: Initializing transformers for transformation service fml
[12:38:36] [main/DEBUG] [ne.ne.fm.lo.FMLServiceProvider/LOADING]: Loading coremod transformers
[12:38:36] [main/DEBUG] [ne.ne.fm.lo.FMLServiceProvider/CORE]: Not loading coremod script-engine since no mod requested it
[12:38:36] [main/DEBUG] [ne.ne.fm.ut.ServiceLoaderUtil/CORE]: Found 1 implementations of ICoreMod:
[12:38:36] [main/DEBUG] [ne.ne.fm.ut.ServiceLoaderUtil/CORE]: 	net.neoforged.neoforge.coremods.NeoForgeCoreMod from neoforge-21.1.248.jar > net.neoforged.neoforge-coremods-21.1.248.jar
[12:38:36] [main/DEBUG] [ne.ne.fm.lo.FMLServiceProvider/CORE]: Adding [Target[className=net.minecraft.world.level.biome.Biome, elementName=, elementDescriptor=, targetType=cpw.mods.modlauncher.api.TargetType@74c79fa2]] transformer from core-mod net.neoforged.neoforge.coremods.NeoForgeCoreMod@393881f0 in neoforge-21.1.248.jar > net.neoforged.neoforge-coremods-21.1.248.jar
[12:38:36] [main/DEBUG] [ne.ne.fm.lo.FMLServiceProvider/CORE]: Adding [Target[className=net.minecraft.world.level.levelgen.structure.Structure, elementName=, elementDescriptor=, targetType=cpw.mods.modlauncher.api.TargetType@74c79fa2]] transformer from core-mod net.neoforged.neoforge.coremods.NeoForgeCoreMod@393881f0 in neoforge-21.1.248.jar > net.neoforged.neoforge-coremods-21.1.248.jar
[12:38:36] [main/DEBUG] [ne.ne.fm.lo.FMLServiceProvider/CORE]: Adding [Target[className=net.minecraft.world.level.block.FlowerPotBlock, elementName=, elementDescriptor=, targetType=cpw.mods.modlauncher.api.TargetType@74c79fa2]] transformer from core-mod net.neoforged.neoforge.coremods.NeoForgeCoreMod@393881f0 in neoforge-21.1.248.jar > net.neoforged.neoforge-coremods-21.1.248.jar
[12:38:36] [main/DEBUG] [ne.ne.fm.lo.FMLServiceProvider/CORE]: Adding [Target[className=net/minecraft/server/commands/SummonCommand, elementName=, elementDescriptor=, targetType=cpw.mods.modlauncher.api.TargetType@74c79fa2], Target[className=net/minecraft/world/level/levelgen/structure/structures/WoodlandMansionPieces$WoodlandMansionPiece, elementName=, elementDescriptor=, targetType=cpw.mods.modlauncher.api.TargetType@74c79fa2], Target[className=net/minecraft/world/entity/npc/CatSpawner, elementName=, elementDescriptor=, targetType=cpw.mods.modlauncher.api.TargetType@74c79fa2], Target[className=net/minecraft/world/entity/ai/village/VillageSiege, elementName=, elementDescriptor=, targetType=cpw.mods.modlauncher.api.TargetType@74c79fa2], Target[className=net/minecraft/world/entity/monster/Spider, elementName=, elementDescriptor=, targetType=cpw.mods.modlauncher.api.TargetType@74c79fa2], Target[className=net/minecraft/world/entity/monster/Zombie, elementName=, elementDescriptor=, targetType=cpw.mods.modlauncher.api.TargetType@74c79fa2], Target[className=net/minecraft/world/entity/monster/ZombieVillager, elementName=, elementDescriptor=, targetType=cpw.mods.modlauncher.api.TargetType@74c79fa2], Target[className=net/minecraft/server/commands/RaidCommand, elementName=, elementDescriptor=, targetType=cpw.mods.modlauncher.api.TargetType@74c79fa2], Target[className=net/minecraft/world/entity/raid/Raid, elementName=, elementDescriptor=, targetType=cpw.mods.modlauncher.api.TargetType@74c79fa2], Target[className=net/minecraft/world/level/NaturalSpawner, elementName=, elementDescriptor=, targetType=cpw.mods.modlauncher.api.TargetType@74c79fa2], Target[className=net/minecraft/world/entity/animal/frog/Tadpole, elementName=, elementDescriptor=, targetType=cpw.mods.modlauncher.api.TargetType@74c79fa2], Target[className=net/minecraft/world/level/levelgen/structure/structures/OceanMonumentPieces$OceanMonumentPiece, elementName=, elementDescriptor=, targetType=cpw.mods.modlauncher.api.TargetType@74c79fa2], Target[className=net/minecraft/world/entity/animal/horse/SkeletonTrapGoal, elementName=, elementDescriptor=, targetType=cpw.mods.modlauncher.api.TargetType@74c79fa2], Target[className=net/minecraft/world/level/levelgen/structure/templatesystem/StructureTemplate, elementName=, elementDescriptor=, targetType=cpw.mods.modlauncher.api.TargetType@74c79fa2], Target[className=net/minecraft/world/entity/EntityType, elementName=, elementDescriptor=, targetType=cpw.mods.modlauncher.api.TargetType@74c79fa2], Target[className=net/minecraft/world/entity/monster/Evoker$EvokerSummonSpellGoal, elementName=, elementDescriptor=, targetType=cpw.mods.modlauncher.api.TargetType@74c79fa2], Target[className=net/minecraft/world/entity/monster/Strider, elementName=, elementDescriptor=, targetType=cpw.mods.modlauncher.api.TargetType@74c79fa2], Target[className=net/minecraft/world/level/levelgen/structure/structures/OceanRuinPieces$OceanRuinPiece, elementName=, elementDescriptor=, targetType=cpw.mods.modlauncher.api.TargetType@74c79fa2], Target[className=net/minecraft/world/entity/npc/Villager, elementName=, elementDescriptor=, targetType=cpw.mods.modlauncher.api.TargetType@74c79fa2], Target[className=net/minecraft/world/level/levelgen/PatrolSpawner, elementName=, elementDescriptor=, targetType=cpw.mods.modlauncher.api.TargetType@74c79fa2], Target[className=net/minecraft/world/level/levelgen/PhantomSpawner, elementName=, elementDescriptor=, targetType=cpw.mods.modlauncher.api.TargetType@74c79fa2], Target[className=net/minecraft/world/level/levelgen/structure/structures/SwampHutPiece, elementName=, elementDescriptor=, targetType=cpw.mods.modlauncher.api.TargetType@74c79fa2]] transformer from core-mod net.neoforged.neoforge.coremods.NeoForgeCoreMod@393881f0 in neoforge-21.1.248.jar > net.neoforged.neoforge-coremods-21.1.248.jar
[12:38:36] [main/DEBUG] [cp.mo.mo.TransformStore/MODLAUNCHER]: Adding transformer net.neoforged.neoforge.coremods.ReplaceFieldWithGetterAccess@c27d163 to Target : cpw.mods.modlauncher.api.TargetType@74c79fa2 {Lnet/minecraft/world/level/biome/Biome;} {} {V}
[12:38:36] [main/DEBUG] [cp.mo.mo.TransformStore/MODLAUNCHER]: Adding transformer net.neoforged.neoforge.coremods.ReplaceFieldWithGetterAccess@398474a2 to Target : cpw.mods.modlauncher.api.TargetType@74c79fa2 {Lnet/minecraft/world/level/levelgen/structure/Structure;} {} {V}
[12:38:36] [main/DEBUG] [cp.mo.mo.TransformStore/MODLAUNCHER]: Adding transformer net.neoforged.neoforge.coremods.ReplaceFieldWithGetterAccess@61799544 to Target : cpw.mods.modlauncher.api.TargetType@74c79fa2 {Lnet/minecraft/world/level/block/FlowerPotBlock;} {} {V}
[12:38:36] [main/DEBUG] [cp.mo.mo.TransformStore/MODLAUNCHER]: Adding transformer net.neoforged.neoforge.coremods.MethodRedirector@78c1a023 to Target : cpw.mods.modlauncher.api.TargetType@74c79fa2 {Lnet/minecraft/server/commands/SummonCommand;} {} {V}
[12:38:36] [main/DEBUG] [cp.mo.mo.TransformStore/MODLAUNCHER]: Adding transformer net.neoforged.neoforge.coremods.MethodRedirector@78c1a023 to Target : cpw.mods.modlauncher.api.TargetType@74c79fa2 {Lnet/minecraft/world/level/levelgen/structure/structures/WoodlandMansionPieces$WoodlandMansionPiece;} {} {V}
[12:38:36] [main/DEBUG] [cp.mo.mo.TransformStore/MODLAUNCHER]: Adding transformer net.neoforged.neoforge.coremods.MethodRedirector@78c1a023 to Target : cpw.mods.modlauncher.api.TargetType@74c79fa2 {Lnet/minecraft/world/entity/npc/CatSpawner;} {} {V}
[12:38:36] [main/DEBUG] [cp.mo.mo.TransformStore/MODLAUNCHER]: Adding transformer net.neoforged.neoforge.coremods.MethodRedirector@78c1a023 to Target : cpw.mods.modlauncher.api.TargetType@74c79fa2 {Lnet/minecraft/world/entity/ai/village/VillageSiege;} {} {V}
[12:38:36] [main/DEBUG] [cp.mo.mo.TransformStore/MODLAUNCHER]: Adding transformer net.neoforged.neoforge.coremods.MethodRedirector@78c1a023 to Target : cpw.mods.modlauncher.api.TargetType@74c79fa2 {Lnet/minecraft/world/entity/monster/Spider;} {} {V}
[12:38:36] [main/DEBUG] [cp.mo.mo.TransformStore/MODLAUNCHER]: Adding transformer net.neoforged.neoforge.coremods.MethodRedirector@78c1a023 to Target : cpw.mods.modlauncher.api.TargetType@74c79fa2 {Lnet/minecraft/world/entity/monster/Zombie;} {} {V}
[12:38:36] [main/DEBUG] [cp.mo.mo.TransformStore/MODLAUNCHER]: Adding transformer net.neoforged.neoforge.coremods.MethodRedirector@78c1a023 to Target : cpw.mods.modlauncher.api.TargetType@74c79fa2 {Lnet/minecraft/world/entity/monster/ZombieVillager;} {} {V}
[12:38:36] [main/DEBUG] [cp.mo.mo.TransformStore/MODLAUNCHER]: Adding transformer net.neoforged.neoforge.coremods.MethodRedirector@78c1a023 to Target : cpw.mods.modlauncher.api.TargetType@74c79fa2 {Lnet/minecraft/server/commands/RaidCommand;} {} {V}
[12:38:36] [main/DEBUG] [cp.mo.mo.TransformStore/MODLAUNCHER]: Adding transformer net.neoforged.neoforge.coremods.MethodRedirector@78c1a023 to Target : cpw.mods.modlauncher.api.TargetType@74c79fa2 {Lnet/minecraft/world/entity/raid/Raid;} {} {V}
[12:38:36] [main/DEBUG] [cp.mo.mo.TransformStore/MODLAUNCHER]: Adding transformer net.neoforged.neoforge.coremods.MethodRedirector@78c1a023 to Target : cpw.mods.modlauncher.api.TargetType@74c79fa2 {Lnet/minecraft/world/level/NaturalSpawner;} {} {V}
[12:38:36] [main/DEBUG] [cp.mo.mo.TransformStore/MODLAUNCHER]: Adding transformer net.neoforged.neoforge.coremods.MethodRedirector@78c1a023 to Target : cpw.mods.modlauncher.api.TargetType@74c79fa2 {Lnet/minecraft/world/entity/animal/frog/Tadpole;} {} {V}
[12:38:36] [main/DEBUG] [cp.mo.mo.TransformStore/MODLAUNCHER]: Adding transformer net.neoforged.neoforge.coremods.MethodRedirector@78c1a023 to Target : cpw.mods.modlauncher.api.TargetType@74c79fa2 {Lnet/minecraft/world/level/levelgen/structure/structures/OceanMonumentPieces$OceanMonumentPiece;} {} {V}
[12:38:36] [main/DEBUG] [cp.mo.mo.TransformStore/MODLAUNCHER]: Adding transformer net.neoforged.neoforge.coremods.MethodRedirector@78c1a023 to Target : cpw.mods.modlauncher.api.TargetType@74c79fa2 {Lnet/minecraft/world/entity/animal/horse/SkeletonTrapGoal;} {} {V}
[12:38:36] [main/DEBUG] [cp.mo.mo.TransformStore/MODLAUNCHER]: Adding transformer net.neoforged.neoforge.coremods.MethodRedirector@78c1a023 to Target : cpw.mods.modlauncher.api.TargetType@74c79fa2 {Lnet/minecraft/world/level/levelgen/structure/templatesystem/StructureTemplate;} {} {V}
[12:38:36] [main/DEBUG] [cp.mo.mo.TransformStore/MODLAUNCHER]: Adding transformer net.neoforged.neoforge.coremods.MethodRedirector@78c1a023 to Target : cpw.mods.modlauncher.api.TargetType@74c79fa2 {Lnet/minecraft/world/entity/EntityType;} {} {V}
[12:38:36] [main/DEBUG] [cp.mo.mo.TransformStore/MODLAUNCHER]: Adding transformer net.neoforged.neoforge.coremods.MethodRedirector@78c1a023 to Target : cpw.mods.modlauncher.api.TargetType@74c79fa2 {Lnet/minecraft/world/entity/monster/Evoker$EvokerSummonSpellGoal;} {} {V}
[12:38:36] [main/DEBUG] [cp.mo.mo.TransformStore/MODLAUNCHER]: Adding transformer net.neoforged.neoforge.coremods.MethodRedirector@78c1a023 to Target : cpw.mods.modlauncher.api.TargetType@74c79fa2 {Lnet/minecraft/world/entity/monster/Strider;} {} {V}
[12:38:36] [main/DEBUG] [cp.mo.mo.TransformStore/MODLAUNCHER]: Adding transformer net.neoforged.neoforge.coremods.MethodRedirector@78c1a023 to Target : cpw.mods.modlauncher.api.TargetType@74c79fa2 {Lnet/minecraft/world/level/levelgen/structure/structures/OceanRuinPieces$OceanRuinPiece;} {} {V}
[12:38:36] [main/DEBUG] [cp.mo.mo.TransformStore/MODLAUNCHER]: Adding transformer net.neoforged.neoforge.coremods.MethodRedirector@78c1a023 to Target : cpw.mods.modlauncher.api.TargetType@74c79fa2 {Lnet/minecraft/world/entity/npc/Villager;} {} {V}
[12:38:36] [main/DEBUG] [cp.mo.mo.TransformStore/MODLAUNCHER]: Adding transformer net.neoforged.neoforge.coremods.MethodRedirector@78c1a023 to Target : cpw.mods.modlauncher.api.TargetType@74c79fa2 {Lnet/minecraft/world/level/levelgen/PatrolSpawner;} {} {V}
[12:38:36] [main/DEBUG] [cp.mo.mo.TransformStore/MODLAUNCHER]: Adding transformer net.neoforged.neoforge.coremods.MethodRedirector@78c1a023 to Target : cpw.mods.modlauncher.api.TargetType@74c79fa2 {Lnet/minecraft/world/level/levelgen/PhantomSpawner;} {} {V}
[12:38:36] [main/DEBUG] [cp.mo.mo.TransformStore/MODLAUNCHER]: Adding transformer net.neoforged.neoforge.coremods.MethodRedirector@78c1a023 to Target : cpw.mods.modlauncher.api.TargetType@74c79fa2 {Lnet/minecraft/world/level/levelgen/structure/structures/SwampHutPiece;} {} {V}
[12:38:36] [main/DEBUG] [cp.mo.mo.TransformationServiceDecorator/MODLAUNCHER]: Initialized transformers for transformation service fml
[12:38:36] [main/DEBUG] [mixin/]: Processing prepare() for PlatformAgent[MixinPlatformAgentDefault:ModLauncher Root Container(ModLauncher:4f56a0a2)]
[12:38:36] [main/DEBUG] [mixin/]: Processing prepare() for PlatformAgent[MixinPlatformAgentDefault:net.neoforged.fml.loading.mixin.FMLMixinContainerHandle@53692008]
[12:38:36] [main/DEBUG] [mixin/]: Processing prepare() for PlatformAgent[FMLMixinPlatformAgent:null]
[12:38:36] [main/DEBUG] [mixin/]: Compatibility level JAVA_17 specified by creatingspace.mixins.json is higher than the maximum level supported by this version of mixin (JAVA_13).
[12:38:36] [main/INFO] [mixin/]: Compatibility level set to JAVA_17
[12:38:36] [main/DEBUG] [mixin/]: Compatibility level JAVA_21 specified by flywheel.backend.mixins.json is higher than the maximum level supported by this version of mixin (JAVA_13).
[12:38:36] [main/INFO] [mixin/]: Compatibility level set to JAVA_21
[12:38:37] [main/DEBUG] [mixin/]: Compatibility level JAVA_17 specified by flywheel.impl.neoforge.mixins.json is higher than the maximum level supported by this version of mixin (JAVA_13).
[12:38:37] [main/DEBUG] [mixin/]: Compatibility level JAVA_17 specified by ponder.mixins.json is higher than the maximum level supported by this version of mixin (JAVA_13).
[12:38:37] [main/DEBUG] [mixin/]: Compatibility level JAVA_17 specified by ponder-common.mixins.json is higher than the maximum level supported by this version of mixin (JAVA_13).
[12:38:37] [main/DEBUG] [mixin/]: Processing launch tasks for PlatformAgent[MixinPlatformAgentDefault:ModLauncher Root Container(ModLauncher:4f56a0a2)]
[12:38:37] [main/DEBUG] [mixin/]: Adding mixin platform agents for container SecureJarResource(mixin_synthetic)
[12:38:37] [main/DEBUG] [mixin/]: Instancing new MixinPlatformAgentMinecraftForge for SecureJarResource(mixin_synthetic)
[12:38:37] [main/DEBUG] [mixin/]: MixinPlatformAgentMinecraftForge rejected container SecureJarResource(mixin_synthetic)
[12:38:37] [main/DEBUG] [mixin/]: Instancing new MixinPlatformAgentDefault for SecureJarResource(mixin_synthetic)
[12:38:37] [main/DEBUG] [mixin/]: MixinPlatformAgentDefault accepted container SecureJarResource(mixin_synthetic)
[12:38:37] [main/DEBUG] [mixin/]: Instancing new FMLMixinPlatformAgent for SecureJarResource(mixin_synthetic)
[12:38:37] [main/DEBUG] [mixin/]: FMLMixinPlatformAgent rejected container SecureJarResource(mixin_synthetic)
[12:38:37] [main/DEBUG] [mixin/]: Processing prepare() for PlatformAgent[MixinPlatformAgentDefault:SecureJarResource(mixin_synthetic)]
[12:38:37] [main/DEBUG] [mixin/]: Adding mixin platform agents for container SecureJarResource(minecraft)
[12:38:37] [main/DEBUG] [mixin/]: Instancing new MixinPlatformAgentMinecraftForge for SecureJarResource(minecraft)
[12:38:37] [main/DEBUG] [mixin/]: MixinPlatformAgentMinecraftForge rejected container SecureJarResource(minecraft)
[12:38:37] [main/DEBUG] [mixin/]: Instancing new MixinPlatformAgentDefault for SecureJarResource(minecraft)
[12:38:37] [main/DEBUG] [mixin/]: MixinPlatformAgentDefault accepted container SecureJarResource(minecraft)
[12:38:37] [main/DEBUG] [mixin/]: Instancing new FMLMixinPlatformAgent for SecureJarResource(minecraft)
[12:38:37] [main/DEBUG] [mixin/]: FMLMixinPlatformAgent rejected container SecureJarResource(minecraft)
[12:38:37] [main/DEBUG] [mixin/]: Processing prepare() for PlatformAgent[MixinPlatformAgentDefault:SecureJarResource(minecraft)]
[12:38:37] [main/DEBUG] [mixin/]: Adding mixin platform agents for container SecureJarResource(creatingspace)
[12:38:37] [main/DEBUG] [mixin/]: Instancing new MixinPlatformAgentMinecraftForge for SecureJarResource(creatingspace)
[12:38:37] [main/DEBUG] [mixin/]: MixinPlatformAgentMinecraftForge rejected container SecureJarResource(creatingspace)
[12:38:37] [main/DEBUG] [mixin/]: Instancing new MixinPlatformAgentDefault for SecureJarResource(creatingspace)
[12:38:37] [main/DEBUG] [mixin/]: MixinPlatformAgentDefault accepted container SecureJarResource(creatingspace)
[12:38:37] [main/DEBUG] [mixin/]: Instancing new FMLMixinPlatformAgent for SecureJarResource(creatingspace)
[12:38:37] [main/DEBUG] [mixin/]: FMLMixinPlatformAgent rejected container SecureJarResource(creatingspace)
[12:38:37] [main/DEBUG] [mixin/]: Processing prepare() for PlatformAgent[MixinPlatformAgentDefault:SecureJarResource(creatingspace)]
[12:38:37] [main/DEBUG] [mixin/]: Adding mixin platform agents for container SecureJarResource(flywheel)
[12:38:37] [main/DEBUG] [mixin/]: Instancing new MixinPlatformAgentMinecraftForge for SecureJarResource(flywheel)
[12:38:37] [main/DEBUG] [mixin/]: MixinPlatformAgentMinecraftForge rejected container SecureJarResource(flywheel)
[12:38:37] [main/DEBUG] [mixin/]: Instancing new MixinPlatformAgentDefault for SecureJarResource(flywheel)
[12:38:37] [main/DEBUG] [mixin/]: MixinPlatformAgentDefault accepted container SecureJarResource(flywheel)
[12:38:37] [main/DEBUG] [mixin/]: Instancing new FMLMixinPlatformAgent for SecureJarResource(flywheel)
[12:38:37] [main/DEBUG] [mixin/]: FMLMixinPlatformAgent rejected container SecureJarResource(flywheel)
[12:38:37] [main/DEBUG] [mixin/]: Processing prepare() for PlatformAgent[MixinPlatformAgentDefault:SecureJarResource(flywheel)]
[12:38:37] [main/DEBUG] [mixin/]: Adding mixin platform agents for container SecureJarResource(ponder)
[12:38:37] [main/DEBUG] [mixin/]: Instancing new MixinPlatformAgentMinecraftForge for SecureJarResource(ponder)
[12:38:37] [main/DEBUG] [mixin/]: MixinPlatformAgentMinecraftForge rejected container SecureJarResource(ponder)
[12:38:37] [main/DEBUG] [mixin/]: Instancing new MixinPlatformAgentDefault for SecureJarResource(ponder)
[12:38:37] [main/DEBUG] [mixin/]: MixinPlatformAgentDefault accepted container SecureJarResource(ponder)
[12:38:37] [main/DEBUG] [mixin/]: Instancing new FMLMixinPlatformAgent for SecureJarResource(ponder)
[12:38:37] [main/DEBUG] [mixin/]: FMLMixinPlatformAgent rejected container SecureJarResource(ponder)
[12:38:37] [main/DEBUG] [mixin/]: Processing prepare() for PlatformAgent[MixinPlatformAgentDefault:SecureJarResource(ponder)]
[12:38:37] [main/DEBUG] [mixin/]: Adding mixin platform agents for container SecureJarResource(create)
[12:38:37] [main/DEBUG] [mixin/]: Instancing new MixinPlatformAgentMinecraftForge for SecureJarResource(create)
[12:38:37] [main/DEBUG] [mixin/]: MixinPlatformAgentMinecraftForge rejected container SecureJarResource(create)
[12:38:37] [main/DEBUG] [mixin/]: Instancing new MixinPlatformAgentDefault for SecureJarResource(create)
[12:38:37] [main/DEBUG] [mixin/]: MixinPlatformAgentDefault accepted container SecureJarResource(create)
[12:38:37] [main/DEBUG] [mixin/]: Instancing new FMLMixinPlatformAgent for SecureJarResource(create)
[12:38:37] [main/DEBUG] [mixin/]: FMLMixinPlatformAgent rejected container SecureJarResource(create)
[12:38:37] [main/DEBUG] [mixin/]: Processing prepare() for PlatformAgent[MixinPlatformAgentDefault:SecureJarResource(create)]
[12:38:37] [main/DEBUG] [mixin/]: Registering mixin config: create.mixins.json source=SecureJarResource(create)
[12:38:37] [main/DEBUG] [mixin/]: Adding mixin platform agents for container SecureJarResource(unlimitedspace)
[12:38:37] [main/DEBUG] [mixin/]: Instancing new MixinPlatformAgentMinecraftForge for SecureJarResource(unlimitedspace)
[12:38:37] [main/DEBUG] [mixin/]: MixinPlatformAgentMinecraftForge rejected container SecureJarResource(unlimitedspace)
[12:38:37] [main/DEBUG] [mixin/]: Instancing new MixinPlatformAgentDefault for SecureJarResource(unlimitedspace)
[12:38:37] [main/DEBUG] [mixin/]: MixinPlatformAgentDefault accepted container SecureJarResource(unlimitedspace)
[12:38:37] [main/DEBUG] [mixin/]: Instancing new FMLMixinPlatformAgent for SecureJarResource(unlimitedspace)
[12:38:37] [main/DEBUG] [mixin/]: FMLMixinPlatformAgent rejected container SecureJarResource(unlimitedspace)
[12:38:37] [main/DEBUG] [mixin/]: Processing prepare() for PlatformAgent[MixinPlatformAgentDefault:SecureJarResource(unlimitedspace)]
[12:38:37] [main/DEBUG] [mixin/]: Adding mixin platform agents for container SecureJarResource(mixinextras.neoforge)
[12:38:37] [main/DEBUG] [mixin/]: Instancing new MixinPlatformAgentMinecraftForge for SecureJarResource(mixinextras.neoforge)
[12:38:37] [main/DEBUG] [mixin/]: MixinPlatformAgentMinecraftForge rejected container SecureJarResource(mixinextras.neoforge)
[12:38:37] [main/DEBUG] [mixin/]: Instancing new MixinPlatformAgentDefault for SecureJarResource(mixinextras.neoforge)
[12:38:37] [main/DEBUG] [mixin/]: MixinPlatformAgentDefault accepted container SecureJarResource(mixinextras.neoforge)
[12:38:37] [main/DEBUG] [mixin/]: Instancing new FMLMixinPlatformAgent for SecureJarResource(mixinextras.neoforge)
[12:38:37] [main/DEBUG] [mixin/]: FMLMixinPlatformAgent rejected container SecureJarResource(mixinextras.neoforge)
[12:38:37] [main/DEBUG] [mixin/]: Processing prepare() for PlatformAgent[MixinPlatformAgentDefault:SecureJarResource(mixinextras.neoforge)]
[12:38:37] [main/DEBUG] [mixin/]: Registering mixin config: mixinextras.init.mixins.json source=SecureJarResource(mixinextras.neoforge)
[12:38:37] [main/DEBUG] [mixin/]: Adding mixin platform agents for container SecureJarResource(Registrate.MC1._21._67)
[12:38:37] [main/DEBUG] [mixin/]: Instancing new MixinPlatformAgentMinecraftForge for SecureJarResource(Registrate.MC1._21._67)
[12:38:37] [main/DEBUG] [mixin/]: MixinPlatformAgentMinecraftForge rejected container SecureJarResource(Registrate.MC1._21._67)
[12:38:37] [main/DEBUG] [mixin/]: Instancing new MixinPlatformAgentDefault for SecureJarResource(Registrate.MC1._21._67)
[12:38:37] [main/DEBUG] [mixin/]: MixinPlatformAgentDefault accepted container SecureJarResource(Registrate.MC1._21._67)
[12:38:37] [main/DEBUG] [mixin/]: Instancing new FMLMixinPlatformAgent for SecureJarResource(Registrate.MC1._21._67)
[12:38:37] [main/DEBUG] [mixin/]: FMLMixinPlatformAgent rejected container SecureJarResource(Registrate.MC1._21._67)
[12:38:37] [main/DEBUG] [mixin/]: Processing prepare() for PlatformAgent[MixinPlatformAgentDefault:SecureJarResource(Registrate.MC1._21._67)]
[12:38:37] [main/DEBUG] [mixin/]: inject() running with 11 agents
[12:38:37] [main/DEBUG] [mixin/]: Processing inject() for PlatformAgent[MixinPlatformAgentDefault:ModLauncher Root Container(ModLauncher:4f56a0a2)]
[12:38:37] [main/DEBUG] [mixin/]: Processing inject() for PlatformAgent[MixinPlatformAgentDefault:net.neoforged.fml.loading.mixin.FMLMixinContainerHandle@53692008]
[12:38:37] [main/DEBUG] [mixin/]: Processing inject() for PlatformAgent[FMLMixinPlatformAgent:null]
[12:38:37] [main/DEBUG] [mixin/]: Processing inject() for PlatformAgent[MixinPlatformAgentDefault:SecureJarResource(mixin_synthetic)]
[12:38:37] [main/DEBUG] [mixin/]: Processing inject() for PlatformAgent[MixinPlatformAgentDefault:SecureJarResource(minecraft)]
[12:38:37] [main/DEBUG] [mixin/]: Processing inject() for PlatformAgent[MixinPlatformAgentDefault:SecureJarResource(creatingspace)]
[12:38:37] [main/DEBUG] [mixin/]: Processing inject() for PlatformAgent[MixinPlatformAgentDefault:SecureJarResource(flywheel)]
[12:38:37] [main/DEBUG] [mixin/]: Processing inject() for PlatformAgent[MixinPlatformAgentDefault:SecureJarResource(ponder)]
[12:38:37] [main/DEBUG] [mixin/]: Processing inject() for PlatformAgent[MixinPlatformAgentDefault:SecureJarResource(create)]
[12:38:37] [main/DEBUG] [mixin/]: Processing inject() for PlatformAgent[MixinPlatformAgentDefault:SecureJarResource(unlimitedspace)]
[12:38:37] [main/DEBUG] [mixin/]: Processing inject() for PlatformAgent[MixinPlatformAgentDefault:SecureJarResource(mixinextras.neoforge)]
[12:38:37] [main/DEBUG] [mixin/]: Processing inject() for PlatformAgent[MixinPlatformAgentDefault:SecureJarResource(Registrate.MC1._21._67)]
[12:38:37] [main/INFO] [cp.mo.mo.LaunchServiceHandler/MODLAUNCHER]: Launching target 'forgeserverdev' with arguments [--gameDir, ., --nogui]
[12:38:37] [main/DEBUG] [mixin/]: Preparing mixins for MixinEnvironment[DEFAULT]
[12:38:37] [main/DEBUG] [mixin/]: Selecting config creatingspace.mixins.json
[12:38:37] [main/DEBUG] [mixin/]: Selecting config flywheel.backend.mixins.json
[12:38:37] [main/DEBUG] [mixin/]: Selecting config flywheel.impl.mixins.json
[12:38:37] [main/DEBUG] [mixin/]: Selecting config flywheel.impl.neoforge.mixins.json
[12:38:37] [main/DEBUG] [mixin/]: Selecting config ponder.mixins.json
[12:38:37] [main/DEBUG] [mixin/]: Selecting config ponder-common.mixins.json
[12:38:37] [main/WARN] [mixin/]: Reference map 'ponder.refmap.json' for ponder-common.mixins.json could not be read. If this is a development environment you can ignore this message
[12:38:37] [main/DEBUG] [mixin/]: Selecting config create.mixins.json
[12:38:37] [main/DEBUG] [mixin/]: Selecting config neoforge.mixins.json
[12:38:37] [main/DEBUG] [mixin/]: Selecting config mixinextras.init.mixins.json
[12:38:37] [main/DEBUG] [MixinExtras|Service/]: com.llamalad7.mixinextras.service.MixinExtrasServiceImpl(version=0.5.3) is taking over from null
[12:38:37] [main/DEBUG] [mixin/]: Registering new injector for @Inject with org.spongepowered.asm.mixin.injection.struct.CallbackInjectionInfo
[12:38:37] [main/DEBUG] [mixin/]: Registering new injector for @ModifyArg with org.spongepowered.asm.mixin.injection.struct.ModifyArgInjectionInfo
[12:38:37] [main/DEBUG] [mixin/]: Registering new injector for @ModifyArgs with org.spongepowered.asm.mixin.injection.struct.ModifyArgsInjectionInfo
[12:38:37] [main/DEBUG] [mixin/]: Registering new injector for @Redirect with org.spongepowered.asm.mixin.injection.struct.RedirectInjectionInfo
[12:38:37] [main/DEBUG] [mixin/]: Registering new injector for @ModifyVariable with org.spongepowered.asm.mixin.injection.struct.ModifyVariableInjectionInfo
[12:38:37] [main/DEBUG] [mixin/]: Registering new injector for @ModifyConstant with org.spongepowered.asm.mixin.injection.struct.ModifyConstantInjectionInfo
[12:38:37] [main/DEBUG] [mixin/]: Preparing creatingspace.mixins.json (19)
[12:38:37] [main/DEBUG] [mixin/]: Preparing flywheel.backend.mixins.json (9)
[12:38:37] [main/DEBUG] [mixin/]: Preparing flywheel.impl.mixins.json (14)
[12:38:37] [main/DEBUG] [mixin/]: Preparing flywheel.impl.neoforge.mixins.json (1)
[12:38:37] [main/DEBUG] [mixin/]: Preparing ponder.mixins.json (1)
[12:38:37] [main/DEBUG] [mixin/]: Preparing ponder-common.mixins.json (12)
[12:38:37] [main/DEBUG] [mixin/]: Preparing create.mixins.json (64)
[12:38:37] [main/DEBUG] [mixin/]: Preparing neoforge.mixins.json (2)
[12:38:37] [main/DEBUG] [mixin/]: Preparing mixinextras.init.mixins.json (0)
[12:38:37] [main/WARN] [mixin/]: Error loading class: org/jetbrains/annotations/ApiStatus$ScheduledForRemoval (java.lang.ClassNotFoundException: org.jetbrains.annotations.ApiStatus$ScheduledForRemoval)
[12:38:37] [main/DEBUG] [mixin/]: Prepared 66 mixins in 0,487 sec (7,4ms avg) (0ms load, 0ms transform, 0ms plugin)
[12:38:37] [main/DEBUG] [io.ne.ut.in.lo.InternalLoggerFactory/]: Using SLF4J as the default logging framework
[12:38:37] [main/DEBUG] [io.ne.ut.ResourceLeakDetector/]: -Dio.netty.leakDetection.level: simple
[12:38:37] [main/DEBUG] [io.ne.ut.ResourceLeakDetector/]: -Dio.netty.leakDetection.targetRecords: 4
[12:38:38] [main/INFO] [MixinExtras|Service/]: Initializing MixinExtras via com.llamalad7.mixinextras.service.MixinExtrasServiceImpl(version=0.5.3).
[12:38:38] [main/DEBUG] [mixin/]: Registering new injector for @SugarWrapper with com.llamalad7.mixinextras.sugar.impl.SugarWrapperInjectionInfo
[12:38:38] [main/DEBUG] [mixin/]: Registering new injector for @FactoryRedirectWrapper with com.llamalad7.mixinextras.wrapper.factory.FactoryRedirectWrapperInjectionInfo
[12:38:38] [main/DEBUG] [mixin/]: Registering new injector for @ExpressionInjectorWrapper with com.llamalad7.mixinextras.expression.impl.wrapper.ExpressionInjectorWrapperInjectionInfo
[12:38:38] [main/DEBUG] [mixin/]: Mixing accessor.NbtAccounterAccessor from create.mixins.json into net.minecraft.nbt.NbtAccounter
[12:38:38] [main/DEBUG] [mixin/]: Mixing accessor.SystemReportAccessor from create.mixins.json into net.minecraft.SystemReport
[12:38:38] [main/DEBUG] [mixin/]: Renaming @Accessor method getOPERATING_SYSTEM()Ljava/lang/String; to getOPERATING_SYSTEM$create_$md$8212ea$0 in create.mixins.json:accessor.SystemReportAccessor from mod create
[12:38:38] [main/DEBUG] [mixin/]: Renaming @Accessor method getJAVA_VERSION()Ljava/lang/String; to getJAVA_VERSION$create_$md$8212ea$1 in create.mixins.json:accessor.SystemReportAccessor from mod create
[12:38:38] [main/DEBUG] [os.ut.FileUtil/]: No oshi.properties file found from ClassLoader cpw.mods.modlauncher.TransformingClassLoader@63da207f
[12:38:38] [main/DEBUG] [os.ut.FileUtil/]: No oshi.architecture.properties file found from ClassLoader cpw.mods.modlauncher.TransformingClassLoader@63da207f
[12:38:38] [main/DEBUG] [mixin/]: Mixing BuiltInRegistriesMixin from create.mixins.json into net.minecraft.core.registries.BuiltInRegistries
[12:38:38] [main/DEBUG] [mixin/]: Renaming synthetic method lambda$create$ourRegistriesAreNotEmpty$0(Ljava/util/function/Consumer;Lnet/minecraft/core/Registry;)V to md8212ea$create$lambda$create$ourRegistriesAreNotEmpty$0$0 in create.mixins.json:BuiltInRegistriesMixin from mod create
[12:38:39] [main/DEBUG] [mixin/]: Mixing accessor.MappedRegistryAccessor from create.mixins.json into net.minecraft.core.MappedRegistry
[12:38:39] [main/DEBUG] [mixin/]: Mixing MappedRegistryAccessor from neoforge.mixins.json into net.minecraft.core.MappedRegistry
[12:38:39] [main/DEBUG] [mixin/]: Mixing BlockMixin from create.mixins.json into net.minecraft.world.level.block.Block
[12:38:39] [main/DEBUG] [mixin/]: Mixing accessor.BlockBehaviourAccessor from create.mixins.json into net.minecraft.world.level.block.state.BlockBehaviour
[12:38:39] [main/DEBUG] [mixin/]: Mixing entity.PlayerMixin from creatingspace.mixins.json into net.minecraft.world.entity.player.Player
[12:38:39] [main/DEBUG] [mixin/]: creatingspace.mixins.json:entity.PlayerMixin from mod creatingspace: Class version 65 required is higher than the class version supported by the current version of Mixin (JAVA_17 supports class version 61)
[12:38:39] [main/DEBUG] [mixin/]: Mixing PlayerMixin from create.mixins.json into net.minecraft.world.entity.player.Player
[12:38:39] [main/DEBUG] [mixin/]: creatingspace.mixins.json:entity.PlayerMixin from mod creatingspace->@Inject::flying(Lorg/spongepowered/asm/mixin/injection/callback/CallbackInfo;)V doesn't use it's CallbackInfo
[12:38:39] [main/DEBUG] [mixin/]: creatingspace.mixins.json:entity.PlayerMixin from mod creatingspace->@Inject::flying(Lorg/spongepowered/asm/mixin/injection/callback/CallbackInfo;)V has 0 override(s) in child classes
[12:38:39] [main/DEBUG] [mixin/]: creatingspace.mixins.json:entity.PlayerMixin from mod creatingspace->@Inject::flying(Lorg/spongepowered/asm/mixin/injection/callback/CallbackInfo;)V won't be passed a CallbackInfo as a result
[12:38:39] [main/DEBUG] [mixin/]: Mixing entity.LivingEntityMixin from creatingspace.mixins.json into net.minecraft.world.entity.LivingEntity
[12:38:39] [main/DEBUG] [mixin/]: creatingspace.mixins.json:entity.LivingEntityMixin from mod creatingspace: Class version 65 required is higher than the class version supported by the current version of Mixin (JAVA_17 supports class version 61)
[12:38:39] [main/DEBUG] [mixin/]: Mixing entity.gravity.LivingEntityMixin from creatingspace.mixins.json into net.minecraft.world.entity.LivingEntity
[12:38:39] [main/DEBUG] [mixin/]: creatingspace.mixins.json:entity.gravity.LivingEntityMixin from mod creatingspace: Class version 65 required is higher than the class version supported by the current version of Mixin (JAVA_17 supports class version 61)
[12:38:39] [main/DEBUG] [mixin/]: Mixing CustomItemUseEffectsMixin from create.mixins.json into net.minecraft.world.entity.LivingEntity
[12:38:39] [main/DEBUG] [mixin/]: Mixing LavaSwimmingMixin from create.mixins.json into net.minecraft.world.entity.LivingEntity
[12:38:39] [main/DEBUG] [mixin/]: Mixing accessor.LivingEntityAccessor from create.mixins.json into net.minecraft.world.entity.LivingEntity
[12:38:39] [main/DEBUG] [mixin/]: creatingspace.mixins.json:entity.gravity.LivingEntityMixin from mod creatingspace->@Inject::getDefaultGravity(Lorg/spongepowered/asm/mixin/injection/callback/CallbackInfoReturnable;)V does use it's CallbackInfoReturnable
[12:38:39] [main/DEBUG] [mixin/]: create.mixins.json:CustomItemUseEffectsMixin from mod create->@Inject::create$onShouldTriggerUseEffects(Lorg/spongepowered/asm/mixin/injection/callback/CallbackInfoReturnable;)V does use it's CallbackInfoReturnable
[12:38:39] [main/DEBUG] [mixin/]: create.mixins.json:CustomItemUseEffectsMixin from mod create->@Inject::create$onTriggerUseEffects(Lnet/minecraft/world/item/ItemStack;ILorg/spongepowered/asm/mixin/injection/callback/CallbackInfo;)V does use it's CallbackInfo
[12:38:39] [main/DEBUG] [mixin/]: create.mixins.json:LavaSwimmingMixin from mod create->@Inject::create$onLavaTravel(Lnet/minecraft/world/phys/Vec3;Lorg/spongepowered/asm/mixin/injection/callback/CallbackInfo;)V doesn't use it's CallbackInfo
[12:38:39] [main/DEBUG] [mixin/]: create.mixins.json:LavaSwimmingMixin from mod create->@Inject::create$onLavaTravel(Lnet/minecraft/world/phys/Vec3;Lorg/spongepowered/asm/mixin/injection/callback/CallbackInfo;)V has 0 override(s) in child classes
[12:38:39] [main/DEBUG] [mixin/]: create.mixins.json:LavaSwimmingMixin from mod create->@Inject::create$onLavaTravel(Lnet/minecraft/world/phys/Vec3;Lorg/spongepowered/asm/mixin/injection/callback/CallbackInfo;)V won't be passed a CallbackInfo as a result
[12:38:39] [main/DEBUG] [mixin/]: Mixing entity.EntityMixin from creatingspace.mixins.json into net.minecraft.world.entity.Entity
[12:38:39] [main/DEBUG] [mixin/]: creatingspace.mixins.json:entity.EntityMixin from mod creatingspace: Class version 65 required is higher than the class version supported by the current version of Mixin (JAVA_17 supports class version 61)
[12:38:39] [main/DEBUG] [mixin/]: Mixing accessor.EntityAccessor from ponder-common.mixins.json into net.minecraft.world.entity.Entity
[12:38:39] [main/DEBUG] [mixin/]: ponder-common.mixins.json:accessor.EntityAccessor from mod ponder: Class version 65 required is higher than the class version supported by the current version of Mixin (JAVA_17 supports class version 61)
[12:38:39] [main/DEBUG] [mixin/]: Mixing EntityMixin from create.mixins.json into net.minecraft.world.entity.Entity
[12:38:39] [main/DEBUG] [io.ne.ut.in.PlatformDependent0/]: -Dio.netty.noUnsafe: false
[12:38:39] [main/DEBUG] [io.ne.ut.in.PlatformDependent0/]: Java version: 21
[12:38:39] [main/DEBUG] [io.ne.ut.in.PlatformDependent0/]: sun.misc.Unsafe.theUnsafe: available
[12:38:39] [main/DEBUG] [io.ne.ut.in.PlatformDependent0/]: sun.misc.Unsafe.copyMemory: available
[12:38:39] [main/DEBUG] [io.ne.ut.in.PlatformDependent0/]: sun.misc.Unsafe.storeFence: available
[12:38:39] [main/DEBUG] [io.ne.ut.in.PlatformDependent0/]: java.nio.Buffer.address: available
[12:38:39] [main/DEBUG] [io.ne.ut.in.PlatformDependent0/]: direct buffer constructor: unavailable: Reflective setAccessible(true) disabled
[12:38:39] [main/DEBUG] [io.ne.ut.in.PlatformDependent0/]: java.nio.Bits.unaligned: available, true
[12:38:39] [main/DEBUG] [io.ne.ut.in.PlatformDependent0/]: jdk.internal.misc.Unsafe.allocateUninitializedArray(int): unavailable: class io.netty.util.internal.PlatformDependent0$7 (in module io.netty.common) cannot access class jdk.internal.misc.Unsafe (in module java.base) because module java.base does not export jdk.internal.misc to module io.netty.common
[12:38:39] [main/DEBUG] [io.ne.ut.in.PlatformDependent0/]: java.nio.DirectByteBuffer.<init>(long, {int,long}): unavailable
[12:38:39] [main/DEBUG] [io.ne.ut.in.PlatformDependent/]: sun.misc.Unsafe: available
[12:38:39] [main/DEBUG] [io.ne.ut.in.PlatformDependent/]: maxDirectMemory: 8552185856 bytes (maybe)
[12:38:39] [main/DEBUG] [io.ne.ut.in.PlatformDependent/]: -Dio.netty.tmpdir: C:\Users\trasa\AppData\Local\Temp (java.io.tmpdir)
[12:38:39] [main/DEBUG] [io.ne.ut.in.PlatformDependent/]: -Dio.netty.bitMode: 64 (sun.arch.data.model)
[12:38:39] [main/DEBUG] [io.ne.ut.in.PlatformDependent/]: Platform: Windows
[12:38:39] [main/DEBUG] [io.ne.ut.in.PlatformDependent/]: -Dio.netty.maxDirectMemory: -1 bytes
[12:38:39] [main/DEBUG] [io.ne.ut.in.PlatformDependent/]: -Dio.netty.uninitializedArrayAllocationThreshold: -1
[12:38:39] [main/DEBUG] [io.ne.ut.in.CleanerJava9/]: java.nio.ByteBuffer.cleaner(): available
[12:38:39] [main/DEBUG] [io.ne.ut.in.PlatformDependent/]: -Dio.netty.noPreferDirect: false
[12:38:39] [main/DEBUG] [mixin/]: Mixing accessor.StateHolderAccessor from create.mixins.json into net.minecraft.world.level.block.state.StateHolder
[12:38:39] [main/DEBUG] [mixin/]: Mixing entity.gravity.ItemEntityMixin from creatingspace.mixins.json into net.minecraft.world.entity.item.ItemEntity
[12:38:39] [main/DEBUG] [mixin/]: creatingspace.mixins.json:entity.gravity.ItemEntityMixin from mod creatingspace: Class version 65 required is higher than the class version supported by the current version of Mixin (JAVA_17 supports class version 61)
[12:38:39] [main/DEBUG] [mixin/]: creatingspace.mixins.json:entity.gravity.ItemEntityMixin from mod creatingspace->@Inject::getDefaultGravity(Lorg/spongepowered/asm/mixin/injection/callback/CallbackInfoReturnable;)V does use it's CallbackInfoReturnable
[12:38:39] [main/DEBUG] [mixin/]: Mixing accessor.ServerLevelAccessor from create.mixins.json into net.minecraft.server.level.ServerLevel
[12:38:40] [main/DEBUG] [mixin/]: Mixing accessor.DispenserBlockAccessor from create.mixins.json into net.minecraft.world.level.block.DispenserBlock
[12:38:40] [main/DEBUG] [mixin/]: Mixing accessor.CropBlockAccessor from create.mixins.json into net.minecraft.world.level.block.CropBlock
[12:38:40] [main/DEBUG] [mixin/]: Mixing accessor.ConcretePowderBlockAccessor from create.mixins.json into net.minecraft.world.level.block.ConcretePowderBlock
[12:38:40] [main/DEBUG] [mixin/]: Mixing BeehiveBlockMixin from create.mixins.json into net.minecraft.world.level.block.BeehiveBlock
[12:38:40] [main/DEBUG] [mixin/]: Mixing WaterWheelFluidSpreadMixin from create.mixins.json into net.minecraft.world.level.material.FlowingFluid
[12:38:40] [main/DEBUG] [mixin/]: Mixing accessor.FlowingFluidAccessor from create.mixins.json into net.minecraft.world.level.material.FlowingFluid
[12:38:40] [main/DEBUG] [mixin/]: create.mixins.json:WaterWheelFluidSpreadMixin from mod create->@Inject::create$canPassThroughOnWaterWheel(Lnet/minecraft/world/level/BlockGetter;Lnet/minecraft/world/level/material/Fluid;Lnet/minecraft/core/BlockPos;Lnet/minecraft/world/level/block/state/BlockState;Lnet/minecraft/core/Direction;Lnet/minecraft/core/BlockPos;Lnet/minecraft/world/level/block/state/BlockState;Lnet/minecraft/world/level/material/FluidState;Lorg/spongepowered/asm/mixin/injection/callback/CallbackInfoReturnable;)V does use it's CallbackInfoReturnable
[12:38:40] [main/DEBUG] [mixin/]: Mixing entity.gravity.FallingBlockEntityMixin from creatingspace.mixins.json into net.minecraft.world.entity.item.FallingBlockEntity
[12:38:40] [main/DEBUG] [mixin/]: creatingspace.mixins.json:entity.gravity.FallingBlockEntityMixin from mod creatingspace: Class version 65 required is higher than the class version supported by the current version of Mixin (JAVA_17 supports class version 61)
[12:38:40] [main/DEBUG] [mixin/]: Mixing accessor.FallingBlockEntityAccessor from create.mixins.json into net.minecraft.world.entity.item.FallingBlockEntity
[12:38:40] [main/DEBUG] [mixin/]: Renaming @Invoker method create$callInit(Lnet/minecraft/world/level/Level;DDDLnet/minecraft/world/level/block/state/BlockState;)Lnet/minecraft/world/entity/item/FallingBlockEntity; to callInit$create_$md$8212ea$0 in create.mixins.json:accessor.FallingBlockEntityAccessor from mod create
[12:38:40] [main/DEBUG] [mixin/]: creatingspace.mixins.json:entity.gravity.FallingBlockEntityMixin from mod creatingspace->@Inject::getDefaultGravity(Lorg/spongepowered/asm/mixin/injection/callback/CallbackInfoReturnable;)V does use it's CallbackInfoReturnable
[12:38:40] [main/DEBUG] [mixin/]: Mixing accessor.MobEffectInstanceAccessor from create.mixins.json into net.minecraft.world.effect.MobEffectInstance
[12:38:40] [main/DEBUG] [mixin/]: Mixing MobMixin from create.mixins.json into net.minecraft.world.entity.Mob
[12:38:40] [main/DEBUG] [mixin/]: Mixing entity.gravity.PrimedTntMixin from creatingspace.mixins.json into net.minecraft.world.entity.item.PrimedTnt
[12:38:40] [main/DEBUG] [mixin/]: creatingspace.mixins.json:entity.gravity.PrimedTntMixin from mod creatingspace: Class version 65 required is higher than the class version supported by the current version of Mixin (JAVA_17 supports class version 61)
[12:38:40] [main/DEBUG] [mixin/]: creatingspace.mixins.json:entity.gravity.PrimedTntMixin from mod creatingspace->@Inject::getDefaultGravity(Lorg/spongepowered/asm/mixin/injection/callback/CallbackInfoReturnable;)V does use it's CallbackInfoReturnable
[12:38:40] [main/DEBUG] [mixin/]: Mixing BlockEntityTypeAccessor from neoforge.mixins.json into net.minecraft.world.level.block.entity.BlockEntityType
[12:38:40] [main/DEBUG] [mixin/]: Mixing ItemStackMixin from create.mixins.json into net.minecraft.world.item.ItemStack
[12:38:40] [main/DEBUG] [mixin/]: Renaming synthetic method lambda$create$migrateOldClipboardComponents$0(Lcom/simibubi/create/content/equipment/clipboard/ClipboardContent;Lnet/minecraft/util/Unit;)Lcom/simibubi/create/content/equipment/clipboard/ClipboardContent; to md8212ea$create$lambda$create$migrateOldClipboardComponents$0$0 in create.mixins.json:ItemStackMixin from mod create
[12:38:40] [main/DEBUG] [mixin/]: create.mixins.json:ItemStackMixin from mod create->@Inject::create$migrateOldClipboardComponents(Lnet/minecraft/world/level/ItemLike;ILnet/minecraft/core/component/PatchedDataComponentMap;Lorg/spongepowered/asm/mixin/injection/callback/CallbackInfo;)V doesn't use it's CallbackInfo
[12:38:41] [main/DEBUG] [mixin/]: Mixing SmithingMenuMixin from create.mixins.json into net.minecraft.world.inventory.SmithingMenu
[12:38:41] [main/DEBUG] [mixin/]: Renaming synthetic method lambda$create$preventUnbreakingOnBacktanks$0(Lnet/minecraft/world/item/ItemStack;Lnet/minecraft/core/Holder;)Z to md8212ea$create$lambda$create$preventUnbreakingOnBacktanks$0$0 in create.mixins.json:SmithingMenuMixin from mod create
[12:38:41] [main/DEBUG] [mixin/]: create.mixins.json:SmithingMenuMixin from mod create->@Inject::create$awardAdvancementWhenTrimmingCardboardArmor(Lnet/minecraft/world/entity/player/Player;Lnet/minecraft/world/item/ItemStack;Lorg/spongepowered/asm/mixin/injection/callback/CallbackInfo;)V doesn't use it's CallbackInfo
[12:38:41] [main/DEBUG] [mixin/]: create.mixins.json:SmithingMenuMixin from mod create->@Inject::create$awardAdvancementWhenTrimmingCardboardArmor(Lnet/minecraft/world/entity/player/Player;Lnet/minecraft/world/item/ItemStack;Lorg/spongepowered/asm/mixin/injection/callback/CallbackInfo;)V has 0 override(s) in child classes
[12:38:41] [main/DEBUG] [mixin/]: create.mixins.json:SmithingMenuMixin from mod create->@Inject::create$awardAdvancementWhenTrimmingCardboardArmor(Lnet/minecraft/world/entity/player/Player;Lnet/minecraft/world/item/ItemStack;Lorg/spongepowered/asm/mixin/injection/callback/CallbackInfo;)V won't be passed a CallbackInfo as a result
[12:38:41] [main/DEBUG] [mixin/]: Mixing BlockItemMixin from create.mixins.json into net.minecraft.world.item.BlockItem
[12:38:41] [main/DEBUG] [mixin/]: create.mixins.json:BlockItemMixin from mod create->@Inject::create$fixDeployerPlacement(Lnet/minecraft/world/item/context/BlockPlaceContext;Lorg/spongepowered/asm/mixin/injection/callback/CallbackInfoReturnable;)V does use it's CallbackInfoReturnable
[12:38:42] [main/DEBUG] [mixin/]: Mixing ArmorTrimMixin from create.mixins.json into net.minecraft.world.item.armortrim.ArmorTrim
[12:38:42] [main/DEBUG] [mixin/]: Renaming synthetic method lambda$new$0(Ljava/lang/Boolean;Lnet/minecraft/core/Holder;)Lnet/minecraft/resources/ResourceLocation; to md8212ea$create$lambda$new$0$0 in create.mixins.json:ArmorTrimMixin from mod create
[12:38:42] [main/DEBUG] [mixin/]: create.mixins.json:ArmorTrimMixin from mod create->@Inject::create$swapTexturesForCardboardTrimsInner(Lnet/minecraft/core/Holder;Lorg/spongepowered/asm/mixin/injection/callback/CallbackInfoReturnable;)V does use it's CallbackInfoReturnable
[12:38:42] [main/DEBUG] [mixin/]: create.mixins.json:ArmorTrimMixin from mod create->@Inject::create$swapTexturesForCardboardTrimsOuter(Lnet/minecraft/core/Holder;Lorg/spongepowered/asm/mixin/injection/callback/CallbackInfoReturnable;)V does use it's CallbackInfoReturnable
[12:38:42] [main/DEBUG] [mixin/]: Mixing accessor.UseOnContextAccessor from create.mixins.json into net.minecraft.world.item.context.UseOnContext
[12:38:42] [main/DEBUG] [mixin/]: Mixing entity.gravity.BoatMixin from creatingspace.mixins.json into net.minecraft.world.entity.vehicle.Boat
[12:38:42] [main/DEBUG] [mixin/]: creatingspace.mixins.json:entity.gravity.BoatMixin from mod creatingspace: Class version 65 required is higher than the class version supported by the current version of Mixin (JAVA_17 supports class version 61)
[12:38:42] [main/DEBUG] [mixin/]: creatingspace.mixins.json:entity.gravity.BoatMixin from mod creatingspace->@Inject::getDefaultGravity(Lorg/spongepowered/asm/mixin/injection/callback/CallbackInfoReturnable;)V does use it's CallbackInfoReturnable
[12:38:42] [main/DEBUG] [mixin/]: Mixing entity.gravity.MinecartMixin from creatingspace.mixins.json into net.minecraft.world.entity.vehicle.AbstractMinecart
[12:38:42] [main/DEBUG] [mixin/]: creatingspace.mixins.json:entity.gravity.MinecartMixin from mod creatingspace: Class version 65 required is higher than the class version supported by the current version of Mixin (JAVA_17 supports class version 61)
[12:38:42] [main/DEBUG] [mixin/]: creatingspace.mixins.json:entity.gravity.MinecartMixin from mod creatingspace->@Inject::getDefaultGravity(Lorg/spongepowered/asm/mixin/injection/callback/CallbackInfoReturnable;)V does use it's CallbackInfoReturnable
[12:38:42] [main/DEBUG] [mixin/]: Mixing datafixer.BlockPosFormatAndRenamesFixMixin from create.mixins.json into net.minecraft.util.datafix.fixes.BlockPosFormatAndRenamesFix
[12:38:42] [main/DEBUG] [mixin/]: Renaming synthetic method lambda$create$addFixers$2(Lcom/mojang/datafixers/OpticFinder;Lcom/simibubi/create/foundation/utility/DataFixerHelper$BlockPosFixer;Lcom/mojang/datafixers/Typed;)Lcom/mojang/datafixers/Typed; to md8212ea$create$lambda$create$addFixers$2$0 in create.mixins.json:datafixer.BlockPosFormatAndRenamesFixMixin from mod create
[12:38:42] [main/DEBUG] [mixin/]: Renaming synthetic method lambda$create$addFixers$1(Lcom/simibubi/create/foundation/utility/DataFixerHelper$BlockPosFixer;Lcom/mojang/datafixers/Typed;)Lcom/mojang/datafixers/Typed; to md8212ea$create$lambda$create$addFixers$1$1 in create.mixins.json:datafixer.BlockPosFormatAndRenamesFixMixin from mod create
[12:38:42] [main/DEBUG] [mixin/]: Renaming synthetic method lambda$create$addFixers$0(Lcom/simibubi/create/foundation/utility/DataFixerHelper$BlockPosFixer;Lcom/mojang/serialization/Dynamic;)Lcom/mojang/serialization/Dynamic; to md8212ea$create$lambda$create$addFixers$0$2 in create.mixins.json:datafixer.BlockPosFormatAndRenamesFixMixin from mod create
[12:38:42] [main/DEBUG] [mixin/]: create.mixins.json:datafixer.BlockPosFormatAndRenamesFixMixin from mod create->@Inject::create$addFixers(Lorg/spongepowered/asm/mixin/injection/callback/CallbackInfoReturnable;)V doesn't use it's CallbackInfoReturnable
[12:38:42] [main/DEBUG] [mixin/]: create.mixins.json:datafixer.BlockPosFormatAndRenamesFixMixin from mod create->@Inject::create$addFixers(Lorg/spongepowered/asm/mixin/injection/callback/CallbackInfoReturnable;)V has 0 override(s) in child classes
[12:38:42] [main/DEBUG] [mixin/]: create.mixins.json:datafixer.BlockPosFormatAndRenamesFixMixin from mod create->@Inject::create$addFixers(Lorg/spongepowered/asm/mixin/injection/callback/CallbackInfoReturnable;)V won't be passed a CallbackInfoReturnable as a result
[12:38:42] [main/DEBUG] [mixin/]: Mixing datafixer.ItemStackComponentizationFixMixin from create.mixins.json into net.minecraft.util.datafix.fixes.ItemStackComponentizationFix
[12:38:42] [main/DEBUG] [mixin/]: Renaming synthetic method lambda$create$moveItemStackHandlerToItemContainerContents$4(Lcom/mojang/serialization/Dynamic;Lnet/minecraft/util/datafix/fixes/ItemStackComponentizationFix$ItemStackData;Ljava/lang/String;Lcom/mojang/serialization/Dynamic;)V to md8212ea$create$lambda$create$moveItemStackHandlerToItemContainerContents$4$0 in create.mixins.json:datafixer.ItemStackComponentizationFixMixin from mod create
[12:38:42] [main/DEBUG] [mixin/]: Renaming synthetic method lambda$create$moveItemStackHandlerToItemContainerContents$3(Lcom/mojang/serialization/Dynamic;Ljava/util/List;Lcom/mojang/serialization/Dynamic;)V to md8212ea$create$lambda$create$moveItemStackHandlerToItemContainerContents$3$1 in create.mixins.json:datafixer.ItemStackComponentizationFixMixin from mod create
[12:38:42] [main/DEBUG] [mixin/]: Renaming synthetic method lambda$create$moveTagToEnumComponent$2([Ljava/lang/Enum;Lnet/minecraft/util/datafix/fixes/ItemStackComponentizationFix$ItemStackData;Ljava/lang/String;Lcom/mojang/serialization/Dynamic;)V to md8212ea$create$lambda$create$moveTagToEnumComponent$2$2 in create.mixins.json:datafixer.ItemStackComponentizationFixMixin from mod create
[12:38:42] [main/DEBUG] [mixin/]: Renaming synthetic method lambda$create$fixItemsAndTranslateNBTIntoComponents$1(Lnet/minecraft/util/datafix/fixes/ItemStackComponentizationFix$ItemStackData;Lcom/mojang/serialization/Dynamic;)V to md8212ea$create$lambda$create$fixItemsAndTranslateNBTIntoComponents$1$3 in create.mixins.json:datafixer.ItemStackComponentizationFixMixin from mod create
[12:38:42] [main/DEBUG] [mixin/]: Renaming synthetic method lambda$create$fixItemsAndTranslateNBTIntoComponents$0(Lcom/mojang/serialization/Dynamic;Lnet/minecraft/util/datafix/fixes/ItemStackComponentizationFix$ItemStackData;Lcom/mojang/serialization/Dynamic;)V to md8212ea$create$lambda$create$fixItemsAndTranslateNBTIntoComponents$0$4 in create.mixins.json:datafixer.ItemStackComponentizationFixMixin from mod create
[12:38:42] [main/DEBUG] [mixin/]: create.mixins.json:datafixer.ItemStackComponentizationFixMixin from mod create->@Inject::create$fixItemsAndTranslateNBTIntoComponents(Lnet/minecraft/util/datafix/fixes/ItemStackComponentizationFix$ItemStackData;Lcom/mojang/serialization/Dynamic;Lorg/spongepowered/asm/mixin/injection/callback/CallbackInfo;)V doesn't use it's CallbackInfo
[12:38:42] [main/DEBUG] [mixin/]: Mixing datafixer.V1460Mixin from create.mixins.json into net.minecraft.util.datafix.schemas.V1460
[12:38:42] [main/DEBUG] [mixin/]: create.mixins.json:datafixer.V1460Mixin from mod create->@Inject::create$registerEntitiesToBeFixed(Lcom/mojang/datafixers/schemas/Schema;Lorg/spongepowered/asm/mixin/injection/callback/CallbackInfoReturnable;)V does use it's CallbackInfoReturnable
[12:38:42] [main/DEBUG] [mixin/]: create.mixins.json:datafixer.V1460Mixin from mod create->@Inject::create$registerBlockEntitiesToBeFixed(Lcom/mojang/datafixers/schemas/Schema;Lorg/spongepowered/asm/mixin/injection/callback/CallbackInfoReturnable;)V does use it's CallbackInfoReturnable
[12:38:42] [main/DEBUG] [mixin/]: Mixing accessor.MinecartFurnaceAccessor from create.mixins.json into net.minecraft.world.entity.vehicle.MinecartFurnace
[12:38:42] [main/DEBUG] [mixin/]: Mixing accessor.ItemFrameAccessor from create.mixins.json into net.minecraft.world.entity.decoration.ItemFrame
[12:38:43] [main/DEBUG] [mixin/]: Mixing accessor.ItemStackHandlerAccessor from create.mixins.json into net.neoforged.neoforge.items.ItemStackHandler
[12:38:43] [main/DEBUG] [mixin/]: Mixing recipe.SequencedAssemblyRecipeMixin from creatingspace.mixins.json into com.simibubi.create.content.processing.sequenced.SequencedAssemblyRecipe
[12:38:43] [main/DEBUG] [mixin/]: creatingspace.mixins.json:recipe.SequencedAssemblyRecipeMixin from mod creatingspace: Class version 65 required is higher than the class version supported by the current version of Mixin (JAVA_17 supports class version 61)
[12:38:43] [main/DEBUG] [mixin/]: creatingspace.mixins.json:recipe.SequencedAssemblyRecipeMixin from mod creatingspace->@Inject::addTagBack(Lnet/minecraft/resources/ResourceLocation;Lnet/minecraft/world/item/ItemStack;Lnet/minecraft/util/RandomSource;Lorg/spongepowered/asm/mixin/injection/callback/CallbackInfoReturnable;)V does use it's CallbackInfoReturnable
[12:38:43] [main/DEBUG] [mixin/]: creatingspace.mixins.json:recipe.SequencedAssemblyRecipeMixin from mod creatingspace->@Inject::addTagBack(Lnet/minecraft/resources/ResourceLocation;Lnet/minecraft/world/item/ItemStack;Lnet/minecraft/util/RandomSource;Lorg/spongepowered/asm/mixin/injection/callback/CallbackInfoReturnable;)V does use it's CallbackInfoReturnable
[12:38:43] [main/DEBUG] [mixin/]: Mixing accessor.ProjectileDispenseBehaviorAccessor from create.mixins.json into net.minecraft.core.dispenser.ProjectileDispenseBehavior
[12:38:43] [main/DEBUG] [mixin/]: Mixing accessor.ShapedRecipeAccessor from create.mixins.json into net.minecraft.world.item.crafting.ShapedRecipe
[12:38:43] [main/DEBUG] [mixin/]: Mixing EnchantedCountIncreaseFunctionMixin from create.mixins.json into net.minecraft.world.level.storage.loot.functions.EnchantedCountIncreaseFunction
[12:38:43] [main/DEBUG] [mixin/]: create.mixins.json:EnchantedCountIncreaseFunctionMixin from mod create->@Inject::create$crushingWheelLooting(Lnet/minecraft/world/item/ItemStack;Lnet/minecraft/world/level/storage/loot/LootContext;Lorg/spongepowered/asm/mixin/injection/callback/CallbackInfoReturnable;)V doesn't use it's CallbackInfoReturnable
[12:38:43] [main/DEBUG] [mixin/]: create.mixins.json:EnchantedCountIncreaseFunctionMixin from mod create->@Inject::create$crushingWheelLooting(Lnet/minecraft/world/item/ItemStack;Lnet/minecraft/world/level/storage/loot/LootContext;Lorg/spongepowered/asm/mixin/injection/callback/CallbackInfoReturnable;)V has 0 override(s) in child classes
[12:38:43] [main/DEBUG] [mixin/]: create.mixins.json:EnchantedCountIncreaseFunctionMixin from mod create->@Inject::create$crushingWheelLooting(Lnet/minecraft/world/item/ItemStack;Lnet/minecraft/world/level/storage/loot/LootContext;Lorg/spongepowered/asm/mixin/injection/callback/CallbackInfoReturnable;)V won't be passed a CallbackInfoReturnable as a result
[12:38:44] [main/DEBUG] [mixin/]: Mixing accessor.MinecraftServerAccessor from ponder-common.mixins.json into net.minecraft.server.MinecraftServer
[12:38:44] [main/DEBUG] [mixin/]: ponder-common.mixins.json:accessor.MinecraftServerAccessor from mod ponder: Class version 65 required is higher than the class version supported by the current version of Mixin (JAVA_17 supports class version 61)
[12:38:44] [main/DEBUG] [mixin/]: Mixing MapItemSavedDataMixin from create.mixins.json into net.minecraft.world.level.saveddata.maps.MapItemSavedData
[12:38:44] [main/DEBUG] [mixin/]: create.mixins.json:MapItemSavedDataMixin from mod create->@Inject::create$onLoad(Lnet/minecraft/nbt/CompoundTag;Lnet/minecraft/core/HolderLookup$Provider;Lorg/spongepowered/asm/mixin/injection/callback/CallbackInfoReturnable;)V does use it's CallbackInfoReturnable
[12:38:44] [main/DEBUG] [mixin/]: create.mixins.json:MapItemSavedDataMixin from mod create->@Inject::create$onSave(Lnet/minecraft/nbt/CompoundTag;Lnet/minecraft/core/HolderLookup$Provider;Lorg/spongepowered/asm/mixin/injection/callback/CallbackInfoReturnable;)V doesn't use it's CallbackInfoReturnable
[12:38:44] [main/DEBUG] [mixin/]: create.mixins.json:MapItemSavedDataMixin from mod create->@Inject::create$onSave(Lnet/minecraft/nbt/CompoundTag;Lnet/minecraft/core/HolderLookup$Provider;Lorg/spongepowered/asm/mixin/injection/callback/CallbackInfoReturnable;)V has 0 override(s) in child classes
[12:38:44] [main/DEBUG] [mixin/]: create.mixins.json:MapItemSavedDataMixin from mod create->@Inject::create$onSave(Lnet/minecraft/nbt/CompoundTag;Lnet/minecraft/core/HolderLookup$Provider;Lorg/spongepowered/asm/mixin/injection/callback/CallbackInfoReturnable;)V won't be passed a CallbackInfoReturnable as a result
[12:38:44] [main/DEBUG] [mixin/]: create.mixins.json:MapItemSavedDataMixin from mod create->@Inject::create$onCheckBanners(Lnet/minecraft/world/level/BlockGetter;IILorg/spongepowered/asm/mixin/injection/callback/CallbackInfo;)V doesn't use it's CallbackInfo
[12:38:44] [main/DEBUG] [mixin/]: create.mixins.json:MapItemSavedDataMixin from mod create->@Inject::create$onCheckBanners(Lnet/minecraft/world/level/BlockGetter;IILorg/spongepowered/asm/mixin/injection/callback/CallbackInfo;)V has 0 override(s) in child classes
[12:38:44] [main/DEBUG] [mixin/]: create.mixins.json:MapItemSavedDataMixin from mod create->@Inject::create$onCheckBanners(Lnet/minecraft/world/level/BlockGetter;IILorg/spongepowered/asm/mixin/injection/callback/CallbackInfo;)V won't be passed a CallbackInfo as a result
[12:38:44] [main/WARN] [minecraft/Commands]: Ambiguity between arguments [teleport, location] and [teleport, destination] with inputs: [0.1 -0.5 .9, 0 0 0]
[12:38:44] [main/WARN] [minecraft/Commands]: Ambiguity between arguments [teleport, location] and [teleport, targets] with inputs: [0.1 -0.5 .9, 0 0 0]
[12:38:44] [main/WARN] [minecraft/Commands]: Ambiguity between arguments [teleport, destination] and [teleport, targets] with inputs: [Player, 0123, @e, dd12be42-52a9-4a91-a8a1-11c01849e498]
[12:38:44] [main/WARN] [minecraft/Commands]: Ambiguity between arguments [teleport, targets] and [teleport, destination] with inputs: [Player, 0123, dd12be42-52a9-4a91-a8a1-11c01849e498]
[12:38:44] [main/WARN] [minecraft/Commands]: Ambiguity between arguments [teleport, targets, location] and [teleport, targets, destination] with inputs: [0.1 -0.5 .9, 0 0 0]
[12:38:44] [main/DEBUG] [ne.ne.fm.ModWorkManager/LOADING]: Using 16 threads for parallel mod-loading
[12:38:44] [main/DEBUG] [ne.ne.fm.ja.FMLModContainer/LOADING]: Creating FMLModContainer instance for [com.rae.creatingspace.CreatingSpace]
[12:38:44] [main/DEBUG] [ne.ne.fm.ja.FMLModContainer/LOADING]: Creating FMLModContainer instance for []
[12:38:44] [main/DEBUG] [ne.ne.fm.ja.FMLModContainer/LOADING]: Creating FMLModContainer instance for [net.createmod.ponder.NeoForgePonder]
[12:38:44] [main/DEBUG] [ne.ne.fm.ja.FMLModContainer/LOADING]: Creating FMLModContainer instance for [com.simibubi.create.Create]
[12:38:44] [main/DEBUG] [ne.ne.fm.ja.FMLModContainer/LOADING]: Creating FMLModContainer instance for [net.neoforged.neoforge.common.NeoForgeMod]
[12:38:44] [main/DEBUG] [ne.ne.fm.ja.FMLModContainer/LOADING]: Creating FMLModContainer instance for [com.modscreating.unlimitedspace.UnlimitedSpace]
[12:38:44] [modloading-worker-0/DEBUG] [ne.ne.fm.ja.AutomaticEventSubscriber/LOADING]: Attempting to inject @EventBusSubscriber classes into the eventbus for flywheel
[12:38:44] [modloading-worker-0/DEBUG] [ne.ne.ne.in.ve.ne.NeoForgeVersion/CORE]: Found NeoForge version 21.1.248
[12:38:44] [modloading-worker-0/DEBUG] [ne.ne.ne.in.ve.ne.NeoForgeVersion/CORE]: Found FML version 4.0.43
[12:38:44] [modloading-worker-0/INFO] [ne.ne.ne.co.NeoForgeMod/NEOFORGE-MOD]: NeoForge mod loading, version 21.1.248, for MC 1.21.1
[12:38:44] [modloading-worker-0/DEBUG] [ne.ne.fm.co.ConfigTracker/CONFIG]: Config file ponder-client.toml for ponder tracking
[12:38:44] [modloading-worker-0/DEBUG] [ne.ne.fm.co.ConfigTracker/CONFIG]: Config file neoforge-client.toml for neoforge tracking
[12:38:44] [modloading-worker-0/DEBUG] [ne.ne.fm.co.ConfigTracker/CONFIG]: Config file unlimitedspace-common.toml for unlimitedspace tracking
[12:38:44] [modloading-worker-0/DEBUG] [ne.ne.fm.ja.AutomaticEventSubscriber/LOADING]: Attempting to inject @EventBusSubscriber classes into the eventbus for ponder
[12:38:44] [modloading-worker-0/DEBUG] [ne.ne.fm.co.ConfigTracker/CONFIG]: Config file neoforge-server.toml for neoforge tracking
[12:38:44] [modloading-worker-0/DEBUG] [ne.ne.fm.co.ConfigTracker/CONFIG]: Config file neoforge-common.toml for neoforge tracking
[12:38:44] [modloading-worker-0/DEBUG] [ne.ne.fm.ja.AutomaticEventSubscriber/LOADING]: Scanning class net.createmod.ponder.NeoForgePonder$ModBusEvents for @SubscribeEvent-annotated methods
[12:38:44] [modloading-worker-0/DEBUG] [ne.ne.fm.ja.AutomaticEventSubscriber/]: Subscribing @EventBusSubscriber class Lnet/createmod/ponder/NeoForgePonder$ModBusEvents; to the mod event bus of mod ponder
[12:38:44] [modloading-worker-0/DEBUG] [ne.ne.fm.ja.AutomaticEventSubscriber/LOADING]: Scanning class net.createmod.ponder.NeoForgePonder$Events for @SubscribeEvent-annotated methods
[12:38:44] [modloading-worker-0/DEBUG] [ne.ne.fm.co.ConfigTracker/CONFIG]: Config file unlimitedspace-server.toml for unlimitedspace tracking
[12:38:44] [modloading-worker-0/DEBUG] [ne.ne.fm.ja.AutomaticEventSubscriber/]: Subscribing @EventBusSubscriber class Lnet/createmod/ponder/NeoForgePonder$Events; to the game event bus
[12:38:44] [modloading-worker-0/INFO] [co.si.cr.Create/]: Create 6.0.9 initializing! Commit hash: bedec48bb3ac00f6d9f280cddb6b9a692c09db7f
[12:38:44] [modloading-worker-0/DEBUG] [ne.ne.fm.co.ConfigTracker/CONFIG]: Config file unlimitedspace-planet.toml for unlimitedspace tracking
[12:38:44] [modloading-worker-0/DEBUG] [ne.ne.fm.ja.AutomaticEventSubscriber/LOADING]: Attempting to inject @EventBusSubscriber classes into the eventbus for unlimitedspace
[12:38:44] [modloading-worker-0/DEBUG] [ne.ne.fm.ja.AutomaticEventSubscriber/LOADING]: Scanning class com.modscreating.unlimitedspace.command.GalaxyCommands for @SubscribeEvent-annotated methods
[12:38:44] [modloading-worker-0/DEBUG] [ne.ne.fm.ja.AutomaticEventSubscriber/]: Subscribing @EventBusSubscriber class Lcom/modscreating/unlimitedspace/command/GalaxyCommands; to the game event bus
[12:38:45] [modloading-worker-0/DEBUG] [ne.ne.fm.ja.AutomaticEventSubscriber/LOADING]: Attempting to inject @EventBusSubscriber classes into the eventbus for neoforge
[12:38:45] [modloading-worker-0/DEBUG] [ne.ne.fm.ja.AutomaticEventSubscriber/LOADING]: Scanning class net.neoforged.neoforge.network.filters.GenericPacketSplitter for @SubscribeEvent-annotated methods
[12:38:45] [modloading-worker-0/DEBUG] [mixin/]: Mixing accessor.BlockLootSubProviderAccessor from create.mixins.json into net.minecraft.data.loot.BlockLootSubProvider
[12:38:45] [modloading-worker-0/DEBUG] [io.ne.bu.AbstractByteBuf/]: -Dio.netty.buffer.checkAccessible: true
[12:38:45] [modloading-worker-0/DEBUG] [io.ne.bu.AbstractByteBuf/]: -Dio.netty.buffer.checkBounds: true
[12:38:45] [modloading-worker-0/DEBUG] [io.ne.ut.ResourceLeakDetectorFactory/]: Loaded default ResourceLeakDetector: io.netty.util.ResourceLeakDetector@6b5770e2
[12:38:45] [modloading-worker-0/DEBUG] [io.ne.ut.in.InternalThreadLocalMap/]: -Dio.netty.threadLocalMap.stringBuilder.initialSize: 1024
[12:38:45] [modloading-worker-0/DEBUG] [io.ne.ut.in.InternalThreadLocalMap/]: -Dio.netty.threadLocalMap.stringBuilder.maxSize: 4096
[12:38:45] [modloading-worker-0/DEBUG] [io.ne.bu.PooledByteBufAllocator/]: -Dio.netty.allocator.numHeapArenas: 32
[12:38:45] [modloading-worker-0/DEBUG] [io.ne.bu.PooledByteBufAllocator/]: -Dio.netty.allocator.numDirectArenas: 32
[12:38:45] [modloading-worker-0/DEBUG] [io.ne.bu.PooledByteBufAllocator/]: -Dio.netty.allocator.pageSize: 8192
[12:38:45] [modloading-worker-0/DEBUG] [io.ne.bu.PooledByteBufAllocator/]: -Dio.netty.allocator.maxOrder: 9
[12:38:45] [modloading-worker-0/DEBUG] [io.ne.bu.PooledByteBufAllocator/]: -Dio.netty.allocator.chunkSize: 4194304
[12:38:45] [modloading-worker-0/DEBUG] [io.ne.bu.PooledByteBufAllocator/]: -Dio.netty.allocator.smallCacheSize: 256
[12:38:45] [modloading-worker-0/DEBUG] [io.ne.bu.PooledByteBufAllocator/]: -Dio.netty.allocator.normalCacheSize: 64
[12:38:45] [modloading-worker-0/DEBUG] [io.ne.bu.PooledByteBufAllocator/]: -Dio.netty.allocator.maxCachedBufferCapacity: 32768
[12:38:45] [modloading-worker-0/DEBUG] [io.ne.bu.PooledByteBufAllocator/]: -Dio.netty.allocator.cacheTrimInterval: 8192
[12:38:45] [modloading-worker-0/DEBUG] [io.ne.bu.PooledByteBufAllocator/]: -Dio.netty.allocator.cacheTrimIntervalMillis: 0
[12:38:45] [modloading-worker-0/DEBUG] [io.ne.bu.PooledByteBufAllocator/]: -Dio.netty.allocator.useCacheForAllThreads: false
[12:38:45] [modloading-worker-0/DEBUG] [io.ne.bu.PooledByteBufAllocator/]: -Dio.netty.allocator.maxCachedByteBuffersPerChunk: 1023
[12:38:45] [modloading-worker-0/DEBUG] [io.ne.bu.ByteBufUtil/]: -Dio.netty.allocator.type: pooled
[12:38:45] [modloading-worker-0/DEBUG] [io.ne.bu.ByteBufUtil/]: -Dio.netty.threadLocalDirectBufferSize: 0
[12:38:45] [modloading-worker-0/DEBUG] [io.ne.bu.ByteBufUtil/]: -Dio.netty.maxThreadLocalCharBufferSize: 16384
[12:38:45] [modloading-worker-0/DEBUG] [ne.ne.fm.ja.AutomaticEventSubscriber/]: Subscribing @EventBusSubscriber class Lnet/neoforged/neoforge/network/filters/GenericPacketSplitter; to the mod event bus of mod neoforge
[12:38:45] [modloading-worker-0/DEBUG] [ne.ne.fm.ja.AutomaticEventSubscriber/LOADING]: Scanning class net.neoforged.neoforge.network.NetworkInitialization for @SubscribeEvent-annotated methods
[12:38:45] [modloading-worker-0/DEBUG] [ne.ne.fm.ja.AutomaticEventSubscriber/]: Subscribing @EventBusSubscriber class Lnet/neoforged/neoforge/network/NetworkInitialization; to the mod event bus of mod neoforge
[12:38:45] [modloading-worker-0/DEBUG] [ne.ne.fm.ja.AutomaticEventSubscriber/LOADING]: Scanning class net.neoforged.neoforge.network.ConfigurationInitialization for @SubscribeEvent-annotated methods
[12:38:45] [modloading-worker-0/DEBUG] [ne.ne.fm.ja.AutomaticEventSubscriber/]: Subscribing @EventBusSubscriber class Lnet/neoforged/neoforge/network/ConfigurationInitialization; to the mod event bus of mod neoforge
[12:38:45] [modloading-worker-0/DEBUG] [ne.ne.fm.ja.AutomaticEventSubscriber/LOADING]: Scanning class net.neoforged.neoforge.common.MonsterRoomHooks for @SubscribeEvent-annotated methods
[12:38:45] [modloading-worker-0/DEBUG] [ne.ne.fm.ja.AutomaticEventSubscriber/]: Subscribing @EventBusSubscriber class Lnet/neoforged/neoforge/common/MonsterRoomHooks; to the game event bus
[12:38:45] [modloading-worker-0/DEBUG] [ne.ne.fm.ja.AutomaticEventSubscriber/LOADING]: Scanning class net.neoforged.neoforge.common.DeferredSpawnEggItem$CommonHandler for @SubscribeEvent-annotated methods
[12:38:45] [modloading-worker-0/DEBUG] [ne.ne.fm.ja.AutomaticEventSubscriber/]: Subscribing @EventBusSubscriber class Lnet/neoforged/neoforge/common/DeferredSpawnEggItem$CommonHandler; to the mod event bus of mod neoforge
[12:38:45] [modloading-worker-0/DEBUG] [ne.ne.fm.ja.AutomaticEventSubscriber/LOADING]: Scanning class net.neoforged.neoforge.attachment.AttachmentSync for @SubscribeEvent-annotated methods
[12:38:45] [modloading-worker-0/DEBUG] [ne.ne.fm.ja.AutomaticEventSubscriber/]: Subscribing @EventBusSubscriber class Lnet/neoforged/neoforge/attachment/AttachmentSync; to the game event bus
[12:38:45] [modloading-worker-0/DEBUG] [ne.ne.fm.ja.AutomaticEventSubscriber/LOADING]: Scanning class net.neoforged.neoforge.attachment.AttachmentInternals for @SubscribeEvent-annotated methods
[12:38:45] [modloading-worker-0/DEBUG] [ne.ne.fm.ja.AutomaticEventSubscriber/]: Subscribing @EventBusSubscriber class Lnet/neoforged/neoforge/attachment/AttachmentInternals; to the game event bus
[12:38:45] [modloading-worker-0/DEBUG] [Ponder/]: Loaded net.createmod.catnip.platform.NeoForgePlatformHelper@4adcbf18 for service interface net.createmod.catnip.platform.services.PlatformHelper
[12:38:45] [modloading-worker-0/DEBUG] [Ponder/]: Loaded net.createmod.catnip.platform.NeoForgeFluidHelper@1e89c1a for service interface net.createmod.catnip.platform.services.ModFluidHelper
[12:38:45] [modloading-worker-0/DEBUG] [Ponder/]: Loaded net.createmod.catnip.platform.NeoForgeHooksHelper@75500573 for service interface net.createmod.catnip.platform.services.ModHooksHelper
[12:38:45] [modloading-worker-0/DEBUG] [Ponder/]: Loaded net.createmod.catnip.platform.NeoForgeNetworkHelper@345e68b9 for service interface net.createmod.catnip.platform.services.NetworkHelper
[12:38:45] [modloading-worker-0/DEBUG] [mixin/]: Mixing entity.ContraptionMixin from creatingspace.mixins.json into com.simibubi.create.content.contraptions.Contraption
[12:38:45] [modloading-worker-0/DEBUG] [mixin/]: creatingspace.mixins.json:entity.ContraptionMixin from mod creatingspace: Class version 65 required is higher than the class version supported by the current version of Mixin (JAVA_17 supports class version 61)
[12:38:45] [modloading-worker-0/DEBUG] [mixin/]: creatingspace.mixins.json:entity.ContraptionMixin from mod creatingspace->@Inject::gettingPos(Lnet/minecraft/world/level/Level;Lnet/minecraft/core/Direction;Ljava/util/Queue;Ljava/util/Set;Lorg/spongepowered/asm/mixin/injection/callback/CallbackInfoReturnable;)V doesn't use it's CallbackInfoReturnable
[12:38:45] [modloading-worker-0/DEBUG] [mixin/]: creatingspace.mixins.json:entity.ContraptionMixin from mod creatingspace->@Inject::gettingPos(Lnet/minecraft/world/level/Level;Lnet/minecraft/core/Direction;Ljava/util/Queue;Ljava/util/Set;Lorg/spongepowered/asm/mixin/injection/callback/CallbackInfoReturnable;)V has 0 override(s) in child classes
[12:38:45] [modloading-worker-0/DEBUG] [mixin/]: creatingspace.mixins.json:entity.ContraptionMixin from mod creatingspace->@Inject::gettingPos(Lnet/minecraft/world/level/Level;Lnet/minecraft/core/Direction;Ljava/util/Queue;Ljava/util/Set;Lorg/spongepowered/asm/mixin/injection/callback/CallbackInfoReturnable;)V won't be passed a CallbackInfoReturnable as a result
[12:38:45] [modloading-worker-0/DEBUG] [mixin/]: creatingspace.mixins.json:entity.ContraptionMixin from mod creatingspace->@Inject::onMoveBlock(Lnet/minecraft/world/level/Level;Lnet/minecraft/core/Direction;Ljava/util/Queue;Ljava/util/Set;Lorg/spongepowered/asm/mixin/injection/callback/CallbackInfoReturnable;)V doesn't use it's CallbackInfoReturnable
[12:38:45] [modloading-worker-0/DEBUG] [mixin/]: creatingspace.mixins.json:entity.ContraptionMixin from mod creatingspace->@Inject::onMoveBlock(Lnet/minecraft/world/level/Level;Lnet/minecraft/core/Direction;Ljava/util/Queue;Ljava/util/Set;Lorg/spongepowered/asm/mixin/injection/callback/CallbackInfoReturnable;)V has 0 override(s) in child classes
[12:38:45] [modloading-worker-0/DEBUG] [mixin/]: creatingspace.mixins.json:entity.ContraptionMixin from mod creatingspace->@Inject::onMoveBlock(Lnet/minecraft/world/level/Level;Lnet/minecraft/core/Direction;Ljava/util/Queue;Ljava/util/Set;Lorg/spongepowered/asm/mixin/injection/callback/CallbackInfoReturnable;)V won't be passed a CallbackInfoReturnable as a result
[12:38:45] [modloading-worker-0/DEBUG] [mixin/]: Mixing recipe.ProcessingRecipeParamsMixin from creatingspace.mixins.json into com.simibubi.create.content.processing.recipe.ProcessingRecipeParams
[12:38:45] [modloading-worker-0/DEBUG] [mixin/]: creatingspace.mixins.json:recipe.ProcessingRecipeParamsMixin from mod creatingspace: Class version 65 required is higher than the class version supported by the current version of Mixin (JAVA_17 supports class version 61)
[12:38:45] [modloading-worker-0/DEBUG] [mixin/]: Renaming synthetic method lambda$addDecode$1(I)Ljava/util/ArrayList; to md8212ea$creatingspace$lambda$addDecode$1$0 in creatingspace.mixins.json:recipe.ProcessingRecipeParamsMixin from mod creatingspace
[12:38:45] [modloading-worker-0/DEBUG] [mixin/]: Renaming synthetic method lambda$addDecode$0(I)Ljava/util/ArrayList; to md8212ea$creatingspace$lambda$addDecode$0$1 in creatingspace.mixins.json:recipe.ProcessingRecipeParamsMixin from mod creatingspace
[12:38:45] [modloading-worker-0/DEBUG] [mixin/]: creatingspace.mixins.json:recipe.ProcessingRecipeParamsMixin from mod creatingspace->@Inject::addEncodeFailSafe(Lnet/minecraft/network/RegistryFriendlyByteBuf;Lorg/spongepowered/asm/mixin/injection/callback/CallbackInfo;)V doesn't use it's CallbackInfo
[12:38:45] [modloading-worker-0/DEBUG] [mixin/]: creatingspace.mixins.json:recipe.ProcessingRecipeParamsMixin from mod creatingspace->@Inject::addEncodeFailSafe(Lnet/minecraft/network/RegistryFriendlyByteBuf;Lorg/spongepowered/asm/mixin/injection/callback/CallbackInfo;)V has 0 override(s) in child classes
[12:38:45] [modloading-worker-0/DEBUG] [mixin/]: creatingspace.mixins.json:recipe.ProcessingRecipeParamsMixin from mod creatingspace->@Inject::addEncodeFailSafe(Lnet/minecraft/network/RegistryFriendlyByteBuf;Lorg/spongepowered/asm/mixin/injection/callback/CallbackInfo;)V won't be passed a CallbackInfo as a result
[12:38:45] [modloading-worker-0/DEBUG] [mixin/]: creatingspace.mixins.json:recipe.ProcessingRecipeParamsMixin from mod creatingspace->@Inject::addEncode(Lnet/minecraft/network/RegistryFriendlyByteBuf;Lorg/spongepowered/asm/mixin/injection/callback/CallbackInfo;)V doesn't use it's CallbackInfo
[12:38:45] [modloading-worker-0/DEBUG] [mixin/]: creatingspace.mixins.json:recipe.ProcessingRecipeParamsMixin from mod creatingspace->@Inject::addEncode(Lnet/minecraft/network/RegistryFriendlyByteBuf;Lorg/spongepowered/asm/mixin/injection/callback/CallbackInfo;)V has 0 override(s) in child classes
[12:38:45] [modloading-worker-0/DEBUG] [mixin/]: creatingspace.mixins.json:recipe.ProcessingRecipeParamsMixin from mod creatingspace->@Inject::addEncode(Lnet/minecraft/network/RegistryFriendlyByteBuf;Lorg/spongepowered/asm/mixin/injection/callback/CallbackInfo;)V won't be passed a CallbackInfo as a result
[12:38:45] [modloading-worker-0/DEBUG] [mixin/]: creatingspace.mixins.json:recipe.ProcessingRecipeParamsMixin from mod creatingspace->@Inject::addDecode(Lnet/minecraft/network/RegistryFriendlyByteBuf;Lorg/spongepowered/asm/mixin/injection/callback/CallbackInfo;)V doesn't use it's CallbackInfo
[12:38:45] [modloading-worker-0/DEBUG] [mixin/]: creatingspace.mixins.json:recipe.ProcessingRecipeParamsMixin from mod creatingspace->@Inject::addDecode(Lnet/minecraft/network/RegistryFriendlyByteBuf;Lorg/spongepowered/asm/mixin/injection/callback/CallbackInfo;)V has 0 override(s) in child classes
[12:38:45] [modloading-worker-0/DEBUG] [mixin/]: creatingspace.mixins.json:recipe.ProcessingRecipeParamsMixin from mod creatingspace->@Inject::addDecode(Lnet/minecraft/network/RegistryFriendlyByteBuf;Lorg/spongepowered/asm/mixin/injection/callback/CallbackInfo;)V won't be passed a CallbackInfo as a result
[12:38:45] [modloading-worker-0/DEBUG] [mixin/]: Mixing recipe.ProcessingRecipeMixin from creatingspace.mixins.json into com.simibubi.create.content.processing.recipe.ProcessingRecipe
[12:38:45] [modloading-worker-0/DEBUG] [mixin/]: creatingspace.mixins.json:recipe.ProcessingRecipeMixin from mod creatingspace: Class version 65 required is higher than the class version supported by the current version of Mixin (JAVA_17 supports class version 61)
[12:38:45] [modloading-worker-0/DEBUG] [mixin/]: creatingspace.mixins.json:recipe.ProcessingRecipeMixin from mod creatingspace->@Inject::ctor(Lorg/spongepowered/asm/mixin/injection/callback/CallbackInfo;)V doesn't use it's CallbackInfo
[12:38:45] [modloading-worker-0/DEBUG] [mixin/]: creatingspace.mixins.json:recipe.ProcessingRecipeMixin from mod creatingspace->@Inject::ctor(Lorg/spongepowered/asm/mixin/injection/callback/CallbackInfo;)V has 0 override(s) in child classes
[12:38:45] [modloading-worker-0/DEBUG] [mixin/]: creatingspace.mixins.json:recipe.ProcessingRecipeMixin from mod creatingspace->@Inject::ctor(Lorg/spongepowered/asm/mixin/injection/callback/CallbackInfo;)V won't be passed a CallbackInfo as a result
[12:38:45] [modloading-worker-0/DEBUG] [ne.ne.fm.co.ConfigTracker/CONFIG]: Config file creatingspace-common.toml for creatingspace tracking
[12:38:45] [modloading-worker-0/DEBUG] [ne.ne.fm.co.ConfigTracker/CONFIG]: Config file creatingspace-client.toml for creatingspace tracking
[12:38:45] [modloading-worker-0/DEBUG] [ne.ne.fm.co.ConfigTracker/CONFIG]: Config file creatingspace-server.toml for creatingspace tracking
[12:38:45] [modloading-worker-0/DEBUG] [ne.ne.fm.ja.AutomaticEventSubscriber/LOADING]: Attempting to inject @EventBusSubscriber classes into the eventbus for creatingspace
[12:38:45] [modloading-worker-0/DEBUG] [ne.ne.fm.ja.AutomaticEventSubscriber/LOADING]: Scanning class com.rae.creatingspace.content.life_support.spacesuit.SpacesuitHelmetItem for @SubscribeEvent-annotated methods
[12:38:45] [modloading-worker-0/DEBUG] [ne.ne.fm.ja.AutomaticEventSubscriber/]: Subscribing @EventBusSubscriber class Lcom/rae/creatingspace/content/life_support/spacesuit/SpacesuitHelmetItem; to the game event bus
[12:38:45] [modloading-worker-0/DEBUG] [ne.ne.fm.ja.AutomaticEventSubscriber/LOADING]: Scanning class com.rae.creatingspace.content.life_support.spacesuit.NetheriteDivingHandler for @SubscribeEvent-annotated methods
[12:38:45] [modloading-worker-0/DEBUG] [ne.ne.fm.ja.AutomaticEventSubscriber/]: Subscribing @EventBusSubscriber class Lcom/rae/creatingspace/content/life_support/spacesuit/NetheriteDivingHandler; to the game event bus
[12:38:45] [modloading-worker-0/DEBUG] [ne.ne.fm.ja.AutomaticEventSubscriber/LOADING]: Scanning class com.rae.creatingspace.content.event.IgniteOnPlace for @SubscribeEvent-annotated methods
[12:38:45] [modloading-worker-0/DEBUG] [ne.ne.fm.ja.AutomaticEventSubscriber/]: Subscribing @EventBusSubscriber class Lcom/rae/creatingspace/content/event/IgniteOnPlace; to the game event bus
[12:38:45] [modloading-worker-0/DEBUG] [ne.ne.fm.ja.AutomaticEventSubscriber/LOADING]: Scanning class com.rae.creatingspace.content.event.DataEventHandler for @SubscribeEvent-annotated methods
[12:38:45] [modloading-worker-0/DEBUG] [ne.ne.fm.ja.AutomaticEventSubscriber/]: Subscribing @EventBusSubscriber class Lcom/rae/creatingspace/content/event/DataEventHandler; to the game event bus
[12:38:45] [modloading-worker-0/DEBUG] [ne.ne.fm.ja.AutomaticEventSubscriber/LOADING]: Scanning class com.rae.creatingspace.content.event.CSEventHandler for @SubscribeEvent-annotated methods
[12:38:45] [modloading-worker-0/DEBUG] [ne.ne.fm.ja.AutomaticEventSubscriber/]: Subscribing @EventBusSubscriber class Lcom/rae/creatingspace/content/event/CSEventHandler; to the game event bus
[12:38:45] [modloading-worker-0/DEBUG] [ne.ne.fm.ja.AutomaticEventSubscriber/LOADING]: Scanning class com.rae.creatingspace.content.event.CSEventHandler$ModBusEvents for @SubscribeEvent-annotated methods
[12:38:45] [modloading-worker-0/DEBUG] [ne.ne.fm.ja.AutomaticEventSubscriber/]: Subscribing @EventBusSubscriber class Lcom/rae/creatingspace/content/event/CSEventHandler$ModBusEvents; to the mod event bus of mod creatingspace
[12:38:45] [modloading-worker-0/DEBUG] [ne.ne.fm.ja.AutomaticEventSubscriber/LOADING]: Scanning class com.rae.creatingspace.configs.CSConfigs for @SubscribeEvent-annotated methods
[12:38:45] [modloading-worker-0/DEBUG] [ne.ne.fm.ja.AutomaticEventSubscriber/]: Subscribing @EventBusSubscriber class Lcom/rae/creatingspace/configs/CSConfigs; to the mod event bus of mod creatingspace
[12:38:45] [modloading-worker-0/DEBUG] [mixin/]: Mixing kinetics.BacktankBlockEntityMixin from creatingspace.mixins.json into com.simibubi.create.content.equipment.armor.BacktankBlockEntity
[12:38:45] [modloading-worker-0/DEBUG] [mixin/]: creatingspace.mixins.json:kinetics.BacktankBlockEntityMixin from mod creatingspace: Class version 65 required is higher than the class version supported by the current version of Mixin (JAVA_17 supports class version 61)
[12:38:45] [modloading-worker-0/DEBUG] [mixin/]: creatingspace.mixins.json:kinetics.BacktankBlockEntityMixin from mod creatingspace->@Inject::onTick(Lorg/spongepowered/asm/mixin/injection/callback/CallbackInfo;)V does use it's CallbackInfo
[12:38:45] [modloading-worker-0/DEBUG] [mixin/]: Mixing recipe.ItemApplicationMixin from creatingspace.mixins.json into com.simibubi.create.content.kinetics.deployer.ItemApplicationRecipe
[12:38:45] [modloading-worker-0/DEBUG] [mixin/]: creatingspace.mixins.json:recipe.ItemApplicationMixin from mod creatingspace: Class version 65 required is higher than the class version supported by the current version of Mixin (JAVA_17 supports class version 61)
[12:38:45] [modloading-worker-0/DEBUG] [mixin/]: creatingspace.mixins.json:recipe.ItemApplicationMixin from mod creatingspace->@Inject::addAdditionalLogic(Lnet/neoforged/neoforge/items/wrapper/RecipeWrapper;Lnet/minecraft/world/level/Level;Lorg/spongepowered/asm/mixin/injection/callback/CallbackInfoReturnable;)V does use it's CallbackInfoReturnable
[12:38:45] [modloading-worker-0/DEBUG] [mixin/]: Mixing recipe.SequencedAssemblyRecipeSerializerMixin from creatingspace.mixins.json into com.simibubi.create.content.processing.sequenced.SequencedAssemblyRecipeSerializer
[12:38:45] [modloading-worker-0/DEBUG] [mixin/]: creatingspace.mixins.json:recipe.SequencedAssemblyRecipeSerializerMixin from mod creatingspace: Class version 65 required is higher than the class version supported by the current version of Mixin (JAVA_17 supports class version 61)
[12:38:45] [modloading-worker-0/DEBUG] [mixin/]: Renaming synthetic method lambda$addToCodec$8(Lcom/mojang/serialization/MapCodec;Lcom/mojang/serialization/codecs/RecordCodecBuilder$Instance;)Lcom/mojang/datafixers/kinds/App; to md8212ea$creatingspace$lambda$addToCodec$8$0 in creatingspace.mixins.json:recipe.SequencedAssemblyRecipeSerializerMixin from mod creatingspace
[12:38:45] [modloading-worker-0/DEBUG] [mixin/]: Renaming synthetic method lambda$addToCodec$7(Lcom/simibubi/create/content/processing/sequenced/SequencedAssemblyRecipe;Ljava/util/List;Ljava/util/List;)Lcom/simibubi/create/content/processing/sequenced/SequencedAssemblyRecipe; to md8212ea$creatingspace$lambda$addToCodec$7$1 in creatingspace.mixins.json:recipe.SequencedAssemblyRecipeSerializerMixin from mod creatingspace
[12:38:45] [modloading-worker-0/DEBUG] [mixin/]: Renaming synthetic method lambda$addToCodec$6(Lcom/simibubi/create/content/processing/sequenced/SequencedAssemblyRecipe;)Ljava/util/List; to md8212ea$creatingspace$lambda$addToCodec$6$2 in creatingspace.mixins.json:recipe.SequencedAssemblyRecipeSerializerMixin from mod creatingspace
[12:38:45] [modloading-worker-0/DEBUG] [mixin/]: Renaming synthetic method lambda$addToCodec$5(Lcom/simibubi/create/content/processing/sequenced/SequencedAssemblyRecipe;)Ljava/util/List; to md8212ea$creatingspace$lambda$addToCodec$5$3 in creatingspace.mixins.json:recipe.SequencedAssemblyRecipeSerializerMixin from mod creatingspace
[12:38:45] [modloading-worker-0/DEBUG] [mixin/]: Renaming synthetic method lambda$addToCodec$4(Lcom/simibubi/create/content/processing/sequenced/SequencedAssemblyRecipe;)Lcom/simibubi/create/content/processing/sequenced/SequencedAssemblyRecipe; to md8212ea$creatingspace$lambda$addToCodec$4$4 in creatingspace.mixins.json:recipe.SequencedAssemblyRecipeSerializerMixin from mod creatingspace
[12:38:45] [modloading-worker-0/DEBUG] [mixin/]: Renaming synthetic method lambda$addToStreamCodec$3(Lcom/simibubi/create/content/processing/sequenced/SequencedAssemblyRecipe;Ljava/util/List;Ljava/util/List;)Lcom/simibubi/create/content/processing/sequenced/SequencedAssemblyRecipe; to md8212ea$creatingspace$lambda$addToStreamCodec$3$5 in creatingspace.mixins.json:recipe.SequencedAssemblyRecipeSerializerMixin from mod creatingspace
[12:38:45] [modloading-worker-0/DEBUG] [mixin/]: Renaming synthetic method lambda$addToStreamCodec$2(Lcom/simibubi/create/content/processing/sequenced/SequencedAssemblyRecipe;)Ljava/util/List; to md8212ea$creatingspace$lambda$addToStreamCodec$2$6 in creatingspace.mixins.json:recipe.SequencedAssemblyRecipeSerializerMixin from mod creatingspace
[12:38:45] [modloading-worker-0/DEBUG] [mixin/]: Renaming synthetic method lambda$addToStreamCodec$1(Lcom/simibubi/create/content/processing/sequenced/SequencedAssemblyRecipe;)Ljava/util/List; to md8212ea$creatingspace$lambda$addToStreamCodec$1$7 in creatingspace.mixins.json:recipe.SequencedAssemblyRecipeSerializerMixin from mod creatingspace
[12:38:45] [modloading-worker-0/DEBUG] [mixin/]: Renaming synthetic method lambda$addToStreamCodec$0(Lcom/simibubi/create/content/processing/sequenced/SequencedAssemblyRecipe;)Lcom/simibubi/create/content/processing/sequenced/SequencedAssemblyRecipe; to md8212ea$creatingspace$lambda$addToStreamCodec$0$8 in creatingspace.mixins.json:recipe.SequencedAssemblyRecipeSerializerMixin from mod creatingspace
[12:38:45] [modloading-worker-0/DEBUG] [mixin/]: creatingspace.mixins.json:recipe.SequencedAssemblyRecipeSerializerMixin from mod creatingspace->@Inject::addToStreamCodec(Lorg/spongepowered/asm/mixin/injection/callback/CallbackInfoReturnable;)V does use it's CallbackInfoReturnable
[12:38:45] [modloading-worker-0/DEBUG] [mixin/]: creatingspace.mixins.json:recipe.SequencedAssemblyRecipeSerializerMixin from mod creatingspace->@Inject::addToCodec(Lorg/spongepowered/asm/mixin/injection/callback/CallbackInfoReturnable;)V does use it's CallbackInfoReturnable
[12:38:45] [modloading-worker-0/DEBUG] [ne.ne.fm.co.ConfigTracker/CONFIG]: Config file create-common.toml for create tracking
[12:38:45] [modloading-worker-0/DEBUG] [ne.ne.fm.co.ConfigTracker/CONFIG]: Config file create-client.toml for create tracking
[12:38:45] [modloading-worker-0/DEBUG] [ne.ne.fm.co.ConfigTracker/CONFIG]: Config file create-server.toml for create tracking
[12:38:45] [modloading-worker-0/DEBUG] [ne.ne.fm.ja.AutomaticEventSubscriber/LOADING]: Attempting to inject @EventBusSubscriber classes into the eventbus for create
[12:38:45] [modloading-worker-0/DEBUG] [ne.ne.fm.ja.AutomaticEventSubscriber/LOADING]: Scanning class com.simibubi.create.foundation.blockEntity.behaviour.ValueSettingsInputHandler for @SubscribeEvent-annotated methods
[12:38:45] [modloading-worker-0/DEBUG] [ne.ne.fm.ja.AutomaticEventSubscriber/]: Subscribing @EventBusSubscriber class Lcom/simibubi/create/foundation/blockEntity/behaviour/ValueSettingsInputHandler; to the game event bus
[12:38:45] [modloading-worker-0/DEBUG] [ne.ne.fm.ja.AutomaticEventSubscriber/LOADING]: Scanning class com.simibubi.create.foundation.blockEntity.behaviour.edgeInteraction.EdgeInteractionHandler for @SubscribeEvent-annotated methods
[12:38:45] [modloading-worker-0/DEBUG] [ne.ne.fm.ja.AutomaticEventSubscriber/]: Subscribing @EventBusSubscriber class Lcom/simibubi/create/foundation/blockEntity/behaviour/edgeInteraction/EdgeInteractionHandler; to the game event bus
[12:38:45] [modloading-worker-0/DEBUG] [ne.ne.fm.ja.AutomaticEventSubscriber/LOADING]: Scanning class com.simibubi.create.foundation.block.ItemUseOverrides for @SubscribeEvent-annotated methods
[12:38:45] [modloading-worker-0/DEBUG] [ne.ne.fm.ja.AutomaticEventSubscriber/]: Subscribing @EventBusSubscriber class Lcom/simibubi/create/foundation/block/ItemUseOverrides; to the game event bus
[12:38:45] [modloading-worker-0/DEBUG] [ne.ne.fm.ja.AutomaticEventSubscriber/LOADING]: Scanning class com.simibubi.create.foundation.events.CommonEvents for @SubscribeEvent-annotated methods
[12:38:45] [modloading-worker-0/DEBUG] [ne.ne.fm.ja.AutomaticEventSubscriber/]: Subscribing @EventBusSubscriber class Lcom/simibubi/create/foundation/events/CommonEvents; to the game event bus
[12:38:45] [modloading-worker-0/DEBUG] [ne.ne.fm.ja.AutomaticEventSubscriber/LOADING]: Scanning class com.simibubi.create.foundation.events.CommonEvents$ModBusEvents for @SubscribeEvent-annotated methods
[12:38:45] [modloading-worker-0/DEBUG] [ne.ne.fm.ja.AutomaticEventSubscriber/]: Subscribing @EventBusSubscriber class Lcom/simibubi/create/foundation/events/CommonEvents$ModBusEvents; to the mod event bus of mod create
[12:38:45] [modloading-worker-0/DEBUG] [ne.ne.fm.ja.AutomaticEventSubscriber/LOADING]: Scanning class com.simibubi.create.content.trains.schedule.ScheduleItemEntityInteraction for @SubscribeEvent-annotated methods
[12:38:45] [modloading-worker-0/DEBUG] [ne.ne.fm.ja.AutomaticEventSubscriber/]: Subscribing @EventBusSubscriber class Lcom/simibubi/create/content/trains/schedule/ScheduleItemEntityInteraction; to the game event bus
[12:38:45] [modloading-worker-0/DEBUG] [ne.ne.fm.ja.AutomaticEventSubscriber/LOADING]: Scanning class com.simibubi.create.content.processing.burner.BlazeBurnerHandler for @SubscribeEvent-annotated methods
[12:38:45] [modloading-worker-0/DEBUG] [ne.ne.fm.ja.AutomaticEventSubscriber/]: Subscribing @EventBusSubscriber class Lcom/simibubi/create/content/processing/burner/BlazeBurnerHandler; to the game event bus
[12:38:45] [modloading-worker-0/DEBUG] [ne.ne.fm.ja.AutomaticEventSubscriber/LOADING]: Scanning class com.simibubi.create.content.equipment.wrench.WrenchEventHandler for @SubscribeEvent-annotated methods
[12:38:45] [modloading-worker-0/DEBUG] [ne.ne.fm.ja.AutomaticEventSubscriber/]: Subscribing @EventBusSubscriber class Lcom/simibubi/create/content/equipment/wrench/WrenchEventHandler; to the game event bus
[12:38:45] [modloading-worker-0/DEBUG] [ne.ne.fm.ja.AutomaticEventSubscriber/LOADING]: Scanning class com.simibubi.create.content.equipment.extendoGrip.ExtendoGripItem for @SubscribeEvent-annotated methods
[12:38:45] [modloading-worker-0/DEBUG] [ne.ne.fm.ja.AutomaticEventSubscriber/]: Subscribing @EventBusSubscriber class Lcom/simibubi/create/content/equipment/extendoGrip/ExtendoGripItem; to the game event bus
[12:38:45] [modloading-worker-0/DEBUG] [ne.ne.fm.ja.AutomaticEventSubscriber/LOADING]: Scanning class com.simibubi.create.content.equipment.zapper.ZapperInteractionHandler for @SubscribeEvent-annotated methods
[12:38:45] [modloading-worker-0/DEBUG] [ne.ne.fm.ja.AutomaticEventSubscriber/]: Subscribing @EventBusSubscriber class Lcom/simibubi/create/content/equipment/zapper/ZapperInteractionHandler; to the game event bus
[12:38:45] [modloading-worker-0/DEBUG] [ne.ne.fm.ja.AutomaticEventSubscriber/LOADING]: Scanning class com.simibubi.create.content.equipment.symmetryWand.SymmetryHandler for @SubscribeEvent-annotated methods
[12:38:45] [modloading-worker-0/DEBUG] [ne.ne.fm.ja.AutomaticEventSubscriber/]: Subscribing @EventBusSubscriber class Lcom/simibubi/create/content/equipment/symmetryWand/SymmetryHandler; to the game event bus
[12:38:45] [modloading-worker-0/DEBUG] [ne.ne.fm.ja.AutomaticEventSubscriber/LOADING]: Scanning class com.simibubi.create.content.equipment.armor.NetheriteDivingHandler for @SubscribeEvent-annotated methods
[12:38:45] [modloading-worker-0/DEBUG] [ne.ne.fm.ja.AutomaticEventSubscriber/]: Subscribing @EventBusSubscriber class Lcom/simibubi/create/content/equipment/armor/NetheriteDivingHandler; to the game event bus
[12:38:45] [modloading-worker-0/DEBUG] [ne.ne.fm.ja.AutomaticEventSubscriber/LOADING]: Scanning class com.simibubi.create.content.equipment.armor.DivingHelmetItem for @SubscribeEvent-annotated methods
[12:38:45] [modloading-worker-0/DEBUG] [ne.ne.fm.ja.AutomaticEventSubscriber/]: Subscribing @EventBusSubscriber class Lcom/simibubi/create/content/equipment/armor/DivingHelmetItem; to the game event bus
[12:38:45] [modloading-worker-0/DEBUG] [ne.ne.fm.ja.AutomaticEventSubscriber/LOADING]: Scanning class com.simibubi.create.content.equipment.armor.CardboardArmorHandler for @SubscribeEvent-annotated methods
[12:38:45] [modloading-worker-0/DEBUG] [ne.ne.fm.ja.AutomaticEventSubscriber/]: Subscribing @EventBusSubscriber class Lcom/simibubi/create/content/equipment/armor/CardboardArmorHandler; to the game event bus
[12:38:45] [modloading-worker-0/DEBUG] [ne.ne.fm.ja.AutomaticEventSubscriber/LOADING]: Scanning class com.simibubi.create.content.equipment.armor.DivingBootsItem for @SubscribeEvent-annotated methods
[12:38:45] [modloading-worker-0/DEBUG] [ne.ne.fm.ja.AutomaticEventSubscriber/]: Subscribing @EventBusSubscriber class Lcom/simibubi/create/content/equipment/armor/DivingBootsItem; to the game event bus
[12:38:45] [modloading-worker-0/DEBUG] [ne.ne.fm.ja.AutomaticEventSubscriber/LOADING]: Scanning class com.simibubi.create.content.equipment.clipboard.ClipboardValueSettingsHandler for @SubscribeEvent-annotated methods
[12:38:45] [modloading-worker-0/DEBUG] [ne.ne.fm.ja.AutomaticEventSubscriber/]: Subscribing @EventBusSubscriber class Lcom/simibubi/create/content/equipment/clipboard/ClipboardValueSettingsHandler; to the game event bus
[12:38:45] [modloading-worker-0/DEBUG] [ne.ne.fm.ja.AutomaticEventSubscriber/LOADING]: Scanning class com.simibubi.create.content.equipment.tool.CardboardSwordItem for @SubscribeEvent-annotated methods
[12:38:45] [modloading-worker-0/DEBUG] [ne.ne.fm.ja.AutomaticEventSubscriber/]: Subscribing @EventBusSubscriber class Lcom/simibubi/create/content/equipment/tool/CardboardSwordItem; to the game event bus
[12:38:45] [modloading-worker-0/DEBUG] [ne.ne.fm.ja.AutomaticEventSubscriber/LOADING]: Scanning class com.simibubi.create.content.equipment.bell.HauntedBellPulser for @SubscribeEvent-annotated methods
[12:38:45] [modloading-worker-0/DEBUG] [ne.ne.fm.ja.AutomaticEventSubscriber/]: Subscribing @EventBusSubscriber class Lcom/simibubi/create/content/equipment/bell/HauntedBellPulser; to the game event bus
[12:38:45] [modloading-worker-0/DEBUG] [ne.ne.fm.ja.AutomaticEventSubscriber/LOADING]: Scanning class com.simibubi.create.content.kinetics.crusher.CrushingWheelBlockEntity for @SubscribeEvent-annotated methods
[12:38:45] [modloading-worker-0/DEBUG] [ne.ne.fm.ja.AutomaticEventSubscriber/]: Subscribing @EventBusSubscriber class Lcom/simibubi/create/content/kinetics/crusher/CrushingWheelBlockEntity; to the game event bus
[12:38:45] [modloading-worker-0/DEBUG] [ne.ne.fm.ja.AutomaticEventSubscriber/LOADING]: Scanning class com.simibubi.create.content.kinetics.crank.ValveHandleBlock for @SubscribeEvent-annotated methods
[12:38:45] [modloading-worker-0/DEBUG] [ne.ne.fm.ja.AutomaticEventSubscriber/]: Subscribing @EventBusSubscriber class Lcom/simibubi/create/content/kinetics/crank/ValveHandleBlock; to the game event bus
[12:38:45] [modloading-worker-0/DEBUG] [ne.ne.fm.ja.AutomaticEventSubscriber/LOADING]: Scanning class com.simibubi.create.content.kinetics.deployer.ManualApplicationRecipe for @SubscribeEvent-annotated methods
[12:38:45] [modloading-worker-0/DEBUG] [ne.ne.fm.ja.AutomaticEventSubscriber/]: Subscribing @EventBusSubscriber class Lcom/simibubi/create/content/kinetics/deployer/ManualApplicationRecipe; to the game event bus
[12:38:45] [modloading-worker-0/DEBUG] [ne.ne.fm.ja.AutomaticEventSubscriber/LOADING]: Scanning class com.simibubi.create.content.kinetics.deployer.DeployerFakePlayer for @SubscribeEvent-annotated methods
[12:38:45] [modloading-worker-0/DEBUG] [ne.ne.fm.ja.AutomaticEventSubscriber/]: Subscribing @EventBusSubscriber class Lcom/simibubi/create/content/kinetics/deployer/DeployerFakePlayer; to the game event bus
[12:38:45] [modloading-worker-0/DEBUG] [ne.ne.fm.ja.AutomaticEventSubscriber/LOADING]: Scanning class com.simibubi.create.content.logistics.funnel.FunnelItem for @SubscribeEvent-annotated methods
[12:38:45] [modloading-worker-0/DEBUG] [ne.ne.fm.ja.AutomaticEventSubscriber/]: Subscribing @EventBusSubscriber class Lcom/simibubi/create/content/logistics/funnel/FunnelItem; to the game event bus
[12:38:45] [modloading-worker-0/DEBUG] [ne.ne.fm.ja.AutomaticEventSubscriber/LOADING]: Scanning class com.simibubi.create.content.logistics.itemHatch.ItemHatchHandler for @SubscribeEvent-annotated methods
[12:38:45] [modloading-worker-0/DEBUG] [ne.ne.fm.ja.AutomaticEventSubscriber/]: Subscribing @EventBusSubscriber class Lcom/simibubi/create/content/logistics/itemHatch/ItemHatchHandler; to the game event bus
[12:38:45] [modloading-worker-0/DEBUG] [ne.ne.fm.ja.AutomaticEventSubscriber/LOADING]: Scanning class com.simibubi.create.content.logistics.stockTicker.StockTickerInteractionHandler for @SubscribeEvent-annotated methods
[12:38:45] [modloading-worker-0/DEBUG] [ne.ne.fm.ja.AutomaticEventSubscriber/]: Subscribing @EventBusSubscriber class Lcom/simibubi/create/content/logistics/stockTicker/StockTickerInteractionHandler; to the game event bus
[12:38:45] [modloading-worker-0/DEBUG] [ne.ne.fm.ja.AutomaticEventSubscriber/LOADING]: Scanning class com.simibubi.create.content.contraptions.mounted.MinecartContraptionItem for @SubscribeEvent-annotated methods
[12:38:45] [modloading-worker-0/DEBUG] [ne.ne.fm.ja.AutomaticEventSubscriber/]: Subscribing @EventBusSubscriber class Lcom/simibubi/create/content/contraptions/mounted/MinecartContraptionItem; to the game event bus
[12:38:45] [modloading-worker-0/DEBUG] [ne.ne.fm.ja.AutomaticEventSubscriber/LOADING]: Scanning class com.simibubi.create.content.contraptions.minecart.MinecartCouplingItem for @SubscribeEvent-annotated methods
[12:38:45] [modloading-worker-0/DEBUG] [ne.ne.fm.ja.AutomaticEventSubscriber/]: Subscribing @EventBusSubscriber class Lcom/simibubi/create/content/contraptions/minecart/MinecartCouplingItem; to the game event bus
[12:38:45] [modloading-worker-0/DEBUG] [ne.ne.fm.ja.AutomaticEventSubscriber/LOADING]: Scanning class com.simibubi.create.content.contraptions.minecart.CouplingHandler for @SubscribeEvent-annotated methods
[12:38:45] [modloading-worker-0/DEBUG] [ne.ne.fm.ja.AutomaticEventSubscriber/]: Subscribing @EventBusSubscriber class Lcom/simibubi/create/content/contraptions/minecart/CouplingHandler; to the game event bus
[12:38:45] [modloading-worker-0/DEBUG] [ne.ne.fm.ja.AutomaticEventSubscriber/LOADING]: Scanning class com.simibubi.create.content.contraptions.glue.SuperGlueHandler for @SubscribeEvent-annotated methods
[12:38:45] [modloading-worker-0/DEBUG] [ne.ne.fm.ja.AutomaticEventSubscriber/]: Subscribing @EventBusSubscriber class Lcom/simibubi/create/content/contraptions/glue/SuperGlueHandler; to the game event bus
[12:38:45] [modloading-worker-0/DEBUG] [ne.ne.fm.ja.AutomaticEventSubscriber/LOADING]: Scanning class com.simibubi.create.content.contraptions.glue.SuperGlueItem for @SubscribeEvent-annotated methods
[12:38:45] [modloading-worker-0/DEBUG] [ne.ne.fm.ja.AutomaticEventSubscriber/]: Subscribing @EventBusSubscriber class Lcom/simibubi/create/content/contraptions/glue/SuperGlueItem; to the game event bus
[12:38:45] [modloading-worker-0/DEBUG] [ne.ne.fm.ja.AutomaticEventSubscriber/LOADING]: Scanning class com.simibubi.create.content.redstone.displayLink.ClickToLinkBlockItem for @SubscribeEvent-annotated methods
[12:38:45] [modloading-worker-0/DEBUG] [ne.ne.fm.ja.AutomaticEventSubscriber/]: Subscribing @EventBusSubscriber class Lcom/simibubi/create/content/redstone/displayLink/ClickToLinkBlockItem; to the game event bus
[12:38:45] [modloading-worker-0/DEBUG] [ne.ne.fm.ja.AutomaticEventSubscriber/LOADING]: Scanning class com.simibubi.create.content.redstone.link.LinkHandler for @SubscribeEvent-annotated methods
[12:38:45] [modloading-worker-0/DEBUG] [ne.ne.fm.ja.AutomaticEventSubscriber/]: Subscribing @EventBusSubscriber class Lcom/simibubi/create/content/redstone/link/LinkHandler; to the game event bus
[12:38:45] [modloading-worker-0/DEBUG] [ne.ne.fm.ja.AutomaticEventSubscriber/LOADING]: Scanning class com.simibubi.create.content.fluids.FluidBottleItemHook for @SubscribeEvent-annotated methods
[12:38:45] [modloading-worker-0/DEBUG] [ne.ne.fm.ja.AutomaticEventSubscriber/]: Subscribing @EventBusSubscriber class Lcom/simibubi/create/content/fluids/FluidBottleItemHook; to the game event bus
[12:38:45] [modloading-worker-0/DEBUG] [ne.ne.fm.ja.AutomaticEventSubscriber/LOADING]: Scanning class com.simibubi.create.content.fluids.FluidReactions for @SubscribeEvent-annotated methods
[12:38:45] [modloading-worker-0/DEBUG] [ne.ne.fm.ja.AutomaticEventSubscriber/]: Subscribing @EventBusSubscriber class Lcom/simibubi/create/content/fluids/FluidReactions; to the game event bus
[12:38:45] [modloading-worker-0/DEBUG] [ne.ne.fm.ja.AutomaticEventSubscriber/LOADING]: Scanning class com.simibubi.create.impl.registry.CreateDataMapsImpl for @SubscribeEvent-annotated methods
[12:38:45] [modloading-worker-0/DEBUG] [ne.ne.fm.ja.AutomaticEventSubscriber/]: Subscribing @EventBusSubscriber class Lcom/simibubi/create/impl/registry/CreateDataMapsImpl; to the mod event bus of mod create
[12:38:45] [modloading-worker-0/DEBUG] [ne.ne.fm.ja.AutomaticEventSubscriber/LOADING]: Scanning class com.simibubi.create.impl.registry.CreateRegistriesImpl for @SubscribeEvent-annotated methods
[12:38:45] [modloading-worker-0/DEBUG] [ne.ne.fm.ja.AutomaticEventSubscriber/]: Subscribing @EventBusSubscriber class Lcom/simibubi/create/impl/registry/CreateRegistriesImpl; to the mod event bus of mod create
[12:38:45] [modloading-worker-0/DEBUG] [ne.ne.fm.ja.AutomaticEventSubscriber/LOADING]: Scanning class com.simibubi.create.infrastructure.RemapHelper for @SubscribeEvent-annotated methods
[12:38:45] [modloading-worker-0/DEBUG] [ne.ne.fm.ja.AutomaticEventSubscriber/]: Subscribing @EventBusSubscriber class Lcom/simibubi/create/infrastructure/RemapHelper; to the mod event bus of mod create
[12:38:45] [modloading-worker-0/DEBUG] [ne.ne.fm.ja.AutomaticEventSubscriber/LOADING]: Scanning class com.simibubi.create.infrastructure.gametest.CreateGameTests for @SubscribeEvent-annotated methods
[12:38:45] [modloading-worker-0/DEBUG] [ne.ne.fm.ja.AutomaticEventSubscriber/]: Subscribing @EventBusSubscriber class Lcom/simibubi/create/infrastructure/gametest/CreateGameTests; to the mod event bus of mod create
[12:38:45] [modloading-worker-0/DEBUG] [ne.ne.fm.ja.AutomaticEventSubscriber/LOADING]: Scanning class com.simibubi.create.infrastructure.config.AllConfigs for @SubscribeEvent-annotated methods
[12:38:45] [modloading-worker-0/DEBUG] [ne.ne.fm.ja.AutomaticEventSubscriber/]: Subscribing @EventBusSubscriber class Lcom/simibubi/create/infrastructure/config/AllConfigs; to the mod event bus of mod create
[12:38:45] [modloading-sync-worker/DEBUG] [co.ra.cr.CreatingSpace/]: added reload for CS registries
[12:38:46] [modloading-sync-worker/DEBUG] [mixin/]: Mixing recipe.DataComponentIngredientMixin from creatingspace.mixins.json into net.neoforged.neoforge.common.crafting.DataComponentIngredient
[12:38:46] [modloading-sync-worker/DEBUG] [mixin/]: creatingspace.mixins.json:recipe.DataComponentIngredientMixin from mod creatingspace: Class version 65 required is higher than the class version supported by the current version of Mixin (JAVA_17 supports class version 61)
[12:38:46] [modloading-sync-worker/DEBUG] [mixin/]: creatingspace.mixins.json:recipe.DataComponentIngredientMixin from mod creatingspace->@Inject::lessStrictTest(Lnet/minecraft/world/item/ItemStack;Lorg/spongepowered/asm/mixin/injection/callback/CallbackInfoReturnable;)V does use it's CallbackInfoReturnable
[12:38:46] [modloading-sync-worker/DEBUG] [ne.ne.fm.co.ConfigTracker/CONFIG]: Loading configs type COMMON
[12:38:46] [modloading-sync-worker/DEBUG] [ne.ne.fm.co.ConfigTracker/CONFIG]: Loaded TOML config file C:\Users\trasa\OneDrive\Desktop\unlimitedSpaceFolder\run\config\unlimitedspace-common.toml
[12:38:46] [modloading-sync-worker/DEBUG] [ne.ne.fm.co.ConfigTracker/CONFIG]: Watching TOML config file C:\Users\trasa\OneDrive\Desktop\unlimitedSpaceFolder\run\config\unlimitedspace-common.toml for changes
[12:38:46] [modloading-sync-worker/DEBUG] [ne.ne.ne.co.NeoForgeConfig/FORGEMOD]: Loaded NeoForge config file neoforge-common.toml
[12:38:46] [modloading-sync-worker/DEBUG] [ne.ne.fm.co.ConfigTracker/CONFIG]: Loaded TOML config file C:\Users\trasa\OneDrive\Desktop\unlimitedSpaceFolder\run\config\neoforge-common.toml
[12:38:46] [modloading-sync-worker/DEBUG] [ne.ne.fm.co.ConfigTracker/CONFIG]: Watching TOML config file C:\Users\trasa\OneDrive\Desktop\unlimitedSpaceFolder\run\config\neoforge-common.toml for changes
[12:38:46] [modloading-sync-worker/DEBUG] [ne.ne.fm.co.ConfigTracker/CONFIG]: Loaded TOML config file C:\Users\trasa\OneDrive\Desktop\unlimitedSpaceFolder\run\config\creatingspace-common.toml
[12:38:46] [modloading-sync-worker/DEBUG] [ne.ne.fm.co.ConfigTracker/CONFIG]: Watching TOML config file C:\Users\trasa\OneDrive\Desktop\unlimitedSpaceFolder\run\config\creatingspace-common.toml for changes
[12:38:46] [modloading-sync-worker/DEBUG] [ne.ne.fm.co.ConfigTracker/CONFIG]: Loaded TOML config file C:\Users\trasa\OneDrive\Desktop\unlimitedSpaceFolder\run\config\create-common.toml
[12:38:46] [modloading-sync-worker/DEBUG] [ne.ne.fm.co.ConfigTracker/CONFIG]: Watching TOML config file C:\Users\trasa\OneDrive\Desktop\unlimitedSpaceFolder\run\config\create-common.toml for changes
[12:38:46] [modloading-worker-0/INFO] [co.mo.un.UnlimitedSpace/]: HELLO FROM COMMON SETUP
[12:38:46] [modloading-worker-0/INFO] [co.mo.un.UnlimitedSpace/]: DIRT BLOCK >> minecraft:dirt
[12:38:46] [modloading-worker-0/INFO] [co.mo.un.UnlimitedSpace/]: The magic number is... 42
[12:38:46] [modloading-worker-0/INFO] [co.mo.un.UnlimitedSpace/]: ITEM >> minecraft:iron_ingot
[12:38:46] [modloading-worker-0/DEBUG] [mixin/]: Mixing fluid.FluidInteractionRegistryMixin from creatingspace.mixins.json into net.neoforged.neoforge.fluids.FluidInteractionRegistry
[12:38:46] [modloading-worker-0/DEBUG] [mixin/]: creatingspace.mixins.json:fluid.FluidInteractionRegistryMixin from mod creatingspace: Class version 65 required is higher than the class version supported by the current version of Mixin (JAVA_17 supports class version 61)
[12:38:46] [modloading-worker-0/DEBUG] [mixin/]: Renaming synthetic method lambda$redirectFluidInteractionRegistry$0(Lnet/minecraft/world/level/Level;Lnet/minecraft/core/BlockPos;Lnet/minecraft/core/BlockPos;Lnet/minecraft/world/level/material/FluidState;)Z to md8212ea$creatingspace$lambda$redirectFluidInteractionRegistry$0$0 in creatingspace.mixins.json:fluid.FluidInteractionRegistryMixin from mod creatingspace
[12:38:46] [modloading-worker-0/DEBUG] [mixin/]: Mixing accessor.FluidInteractionRegistryAccessor from create.mixins.json into net.neoforged.neoforge.fluids.FluidInteractionRegistry
[12:38:46] [modloading-worker-0/DEBUG] [mixin/]: Renaming @Accessor method getInteractions()Ljava/util/Map; to getInteractions$create_$md$8212ea$1 in create.mixins.json:accessor.FluidInteractionRegistryAccessor from mod create
[12:38:46] [modloading-worker-0/DEBUG] [mixin/]: creatingspace.mixins.json:fluid.FluidInteractionRegistryMixin from mod creatingspace->@Inject::redirectFluidInteractionRegistry(Lorg/spongepowered/asm/mixin/injection/callback/CallbackInfo;)V does use it's CallbackInfo
[12:38:46] [modloading-sync-worker/DEBUG] [ne.ne.fm.DeferredWorkQueue/LOADING]: Dispatching synchronous work for work queue Common setup: 3 jobs
[12:38:46] [modloading-sync-worker/DEBUG] [ne.ne.fm.DeferredWorkQueue/LOADING]: Synchronous work queue completed in 16.97 ms
[12:38:46] [modloading-sync-worker/DEBUG] [ne.ne.fm.DeferredWorkQueue/LOADING]: Dispatching synchronous work for work queue Complete loading of 7 mods: 1 jobs
[12:38:46] [modloading-sync-worker/DEBUG] [ne.ne.fm.DeferredWorkQueue/LOADING]: Synchronous work queue completed in 524.9 μs
[12:38:47] [main/INFO] [mojang/YggdrasilAuthenticationService]: Environment: Environment[sessionHost=https://sessionserver.mojang.com, servicesHost=https://api.minecraftservices.com, name=PROD]
[12:38:47] [main/WARN] [minecraft/VanillaPackResourcesBuilder]: Assets URL 'union:/C:/Users/trasa/OneDrive/Desktop/unlimitedSpaceFolder/build/moddev/artifacts/neoforge-21.1.248.jar%23125!/assets/.mcassetsroot' uses unexpected schema
[12:38:47] [main/WARN] [minecraft/VanillaPackResourcesBuilder]: Assets URL 'union:/C:/Users/trasa/OneDrive/Desktop/unlimitedSpaceFolder/build/moddev/artifacts/neoforge-21.1.248.jar%23125!/data/.mcassetsroot' uses unexpected schema
[12:38:47] [main/INFO] [co.si.cr.Create/]: Created 157 recipes which will be injected into the game
[12:38:47] [main/INFO] [co.si.cr.Create/]: Created 0 tags which will be injected into the game
[12:38:47] [main/ERROR] [minecraft/MobSpawnSettings]: Spawn data: Value must be positive: 0
[12:38:48] [Worker-Main-12/ERROR] [minecraft/TagLoader]: Couldn't load tag minecraft:placeable as it is missing following references: 
	creatingspace:blank_painting (from mod/creatingspace)
[12:38:48] [main/INFO] [minecraft/RecipeManager]: Loaded 3038 recipes
[12:38:48] [main/INFO] [minecraft/AdvancementTree]: Loaded 2578 advancements
[12:38:48] [main/INFO] [co.ra.cr.CreatingSpace/]: Beginning loading of data for data loader: creatingspace_utilities
[12:38:48] [main/INFO] [co.ra.cr.CreatingSpace/]: Data loader for creatingspace_utilities loaded 1 jsons
[12:38:48] [main/WARN] [minecraft/MappedRegistry]: Not all defined tags for registry ResourceKey[minecraft:root / minecraft:block] are present in data pack: creatingspace:moon_carver_replaceables
[12:38:49] [main/DEBUG] [ne.ne.ne.co.CommonHooks/WP]: Gathered mod list to write to world save world
[12:38:49] [main/DEBUG] [mixin/]: Mixing accessor.PotionBrewingAccessor from create.mixins.json into net.minecraft.world.item.alchemy.PotionBrewing
[12:38:49] [Server thread/INFO] [minecraft/DedicatedServer]: Starting minecraft server version 1.21.1
[12:38:49] [Server thread/INFO] [minecraft/DedicatedServer]: Loading properties
[12:38:49] [Server thread/INFO] [minecraft/DedicatedServer]: Default game type: SURVIVAL
[12:38:49] [Server thread/INFO] [minecraft/MinecraftServer]: Generating keypair
[12:38:49] [Server thread/INFO] [minecraft/DedicatedServer]: Starting Minecraft server on *:25565
[12:38:49] [Server thread/DEBUG] [ne.ne.ne.ne.DualStackUtils/]: Detected IPv6 address: "0:0:0:0:0:0:0:0"
[12:38:49] [Server thread/DEBUG] [io.ne.ch.MultithreadEventLoopGroup/]: -Dio.netty.eventLoopThreads: 32
[12:38:49] [Server thread/DEBUG] [io.ne.ut.co.GlobalEventExecutor/]: -Dio.netty.globalEventExecutor.quietPeriodSeconds: 1
[12:38:49] [Server thread/DEBUG] [io.ne.ch.ni.NioEventLoop/]: -Dio.netty.noKeySetOptimization: false
[12:38:49] [Server thread/DEBUG] [io.ne.ch.ni.NioEventLoop/]: -Dio.netty.selectorAutoRebuildThreshold: 512
[12:38:49] [Server thread/DEBUG] [io.ne.ut.in.PlatformDependent/]: org.jctools-core.MpscChunkedArrayQueue: available
[12:38:49] [Server thread/INFO] [minecraft/ServerConnectionListener]: Using default channel type
[12:38:49] [Server thread/DEBUG] [io.ne.ch.DefaultChannelId/]: -Dio.netty.processId: 18660 (auto-detected)
[12:38:49] [Server thread/DEBUG] [io.ne.ut.NetUtil/]: -Djava.net.preferIPv4Stack: false
[12:38:49] [Server thread/DEBUG] [io.ne.ut.NetUtil/]: -Djava.net.preferIPv6Addresses: true
[12:38:49] [Server thread/DEBUG] [io.ne.ut.NetUtilInitializations/]: Loopback interface: loopback_0 (Software Loopback Interface 1, 0:0:0:0:0:0:0:1)
[12:38:49] [Server thread/DEBUG] [io.ne.ut.NetUtil/]: Failed to get SOMAXCONN from sysctl and file \proc\sys\net\core\somaxconn. Default: 200
[12:38:49] [Server thread/DEBUG] [io.ne.ch.DefaultChannelId/]: -Dio.netty.machineId: 00:00:00:00:00:00:00:e0 (auto-detected)
[12:38:49] [Server thread/WARN] [minecraft/DedicatedServer]: **** SERVER IS RUNNING IN OFFLINE/INSECURE MODE!
[12:38:49] [Server thread/WARN] [minecraft/DedicatedServer]: The server will make no attempt to authenticate usernames. Beware.
[12:38:49] [Server thread/WARN] [minecraft/DedicatedServer]: While this makes the game possible to play without internet access, it also opens up the ability for hackers to connect with any username they choose.
[12:38:49] [Server thread/WARN] [minecraft/DedicatedServer]: To change this, set "online-mode" to "true" in the server.properties file.
[12:38:49] [Server thread/DEBUG] [ne.ne.fm.co.ConfigTracker/CONFIG]: Loading configs type SERVER
[12:38:49] [Server thread/DEBUG] [ne.ne.ne.co.NeoForgeConfig/FORGEMOD]: Loaded NeoForge config file neoforge-server.toml
[12:38:49] [Server thread/DEBUG] [ne.ne.fm.co.ConfigTracker/CONFIG]: Loaded TOML config file C:\Users\trasa\OneDrive\Desktop\unlimitedSpaceFolder\run\config\neoforge-server.toml
[12:38:49] [Server thread/DEBUG] [ne.ne.fm.co.ConfigTracker/CONFIG]: Watching TOML config file C:\Users\trasa\OneDrive\Desktop\unlimitedSpaceFolder\run\config\neoforge-server.toml for changes
[12:38:49] [Server thread/DEBUG] [ne.ne.fm.co.ConfigTracker/CONFIG]: Loaded TOML config file C:\Users\trasa\OneDrive\Desktop\unlimitedSpaceFolder\run\config\unlimitedspace-server.toml
[12:38:49] [Server thread/DEBUG] [ne.ne.fm.co.ConfigTracker/CONFIG]: Watching TOML config file C:\Users\trasa\OneDrive\Desktop\unlimitedSpaceFolder\run\config\unlimitedspace-server.toml for changes
[12:38:49] [Server thread/DEBUG] [ne.ne.fm.co.ConfigTracker/CONFIG]: Loaded TOML config file C:\Users\trasa\OneDrive\Desktop\unlimitedSpaceFolder\run\config\unlimitedspace-planet.toml
[12:38:49] [Server thread/DEBUG] [ne.ne.fm.co.ConfigTracker/CONFIG]: Watching TOML config file C:\Users\trasa\OneDrive\Desktop\unlimitedSpaceFolder\run\config\unlimitedspace-planet.toml for changes
[12:38:49] [Server thread/DEBUG] [ne.ne.fm.co.ConfigTracker/CONFIG]: Loaded TOML config file C:\Users\trasa\OneDrive\Desktop\unlimitedSpaceFolder\run\config\creatingspace-server.toml
[12:38:49] [Server thread/DEBUG] [ne.ne.fm.co.ConfigTracker/CONFIG]: Watching TOML config file C:\Users\trasa\OneDrive\Desktop\unlimitedSpaceFolder\run\config\creatingspace-server.toml for changes
[12:38:49] [Server thread/DEBUG] [ne.ne.fm.co.ConfigTracker/CONFIG]: Loaded TOML config file C:\Users\trasa\OneDrive\Desktop\unlimitedSpaceFolder\run\config\create-server.toml
[12:38:49] [Server thread/DEBUG] [ne.ne.fm.co.ConfigTracker/CONFIG]: Watching TOML config file C:\Users\trasa\OneDrive\Desktop\unlimitedSpaceFolder\run\config\create-server.toml for changes
[12:38:49] [Server thread/INFO] [minecraft/DedicatedServer]: Preparing level "world"
[12:38:49] [Server thread/DEBUG] [mixin/]: Mixing accessor.BiomeManagerAccessor from ponder-common.mixins.json into net.minecraft.world.level.biome.BiomeManager
[12:38:49] [Server thread/DEBUG] [mixin/]: ponder-common.mixins.json:accessor.BiomeManagerAccessor from mod ponder: Class version 65 required is higher than the class version supported by the current version of Mixin (JAVA_17 supports class version 61)
[12:38:49] [Server thread/DEBUG] [co.si.cr.Create/]: Prepared Redstone Network Space for minecraft:overworld
[12:38:49] [Server thread/DEBUG] [co.si.cr.Create/]: Prepared Kinetic Network Space for minecraft:overworld
[12:38:50] [Server thread/DEBUG] [co.si.cr.Create/]: Prepared Redstone Network Space for unlimitedspace:test_planet
[12:38:50] [Server thread/DEBUG] [co.si.cr.Create/]: Prepared Kinetic Network Space for unlimitedspace:test_planet
[12:38:50] [Server thread/DEBUG] [co.si.cr.Create/]: Prepared Redstone Network Space for unlimitedspace:space
[12:38:50] [Server thread/DEBUG] [co.si.cr.Create/]: Prepared Kinetic Network Space for unlimitedspace:space
[12:38:50] [Server thread/DEBUG] [co.si.cr.Create/]: Prepared Redstone Network Space for creatingspace:venus
[12:38:50] [Server thread/DEBUG] [co.si.cr.Create/]: Prepared Kinetic Network Space for creatingspace:venus
[12:38:50] [Server thread/DEBUG] [co.si.cr.Create/]: Prepared Redstone Network Space for creatingspace:mars
[12:38:50] [Server thread/DEBUG] [co.si.cr.Create/]: Prepared Kinetic Network Space for creatingspace:mars
[12:38:50] [Server thread/DEBUG] [co.si.cr.Create/]: Prepared Redstone Network Space for creatingspace:mars_orbit
[12:38:50] [Server thread/DEBUG] [co.si.cr.Create/]: Prepared Kinetic Network Space for creatingspace:mars_orbit
[12:38:50] [Server thread/DEBUG] [co.si.cr.Create/]: Prepared Redstone Network Space for creatingspace:moon_orbit
[12:38:50] [Server thread/DEBUG] [co.si.cr.Create/]: Prepared Kinetic Network Space for creatingspace:moon_orbit
[12:38:50] [Server thread/DEBUG] [co.si.cr.Create/]: Prepared Redstone Network Space for minecraft:the_end
[12:38:50] [Server thread/DEBUG] [co.si.cr.Create/]: Prepared Kinetic Network Space for minecraft:the_end
[12:38:50] [Server thread/DEBUG] [co.si.cr.Create/]: Prepared Redstone Network Space for minecraft:the_nether
[12:38:50] [Server thread/DEBUG] [co.si.cr.Create/]: Prepared Kinetic Network Space for minecraft:the_nether
[12:38:50] [Server thread/DEBUG] [co.si.cr.Create/]: Prepared Redstone Network Space for creatingspace:the_moon
[12:38:50] [Server thread/DEBUG] [co.si.cr.Create/]: Prepared Kinetic Network Space for creatingspace:the_moon
[12:38:50] [Server thread/DEBUG] [co.si.cr.Create/]: Prepared Redstone Network Space for creatingspace:earth_orbit
[12:38:50] [Server thread/DEBUG] [co.si.cr.Create/]: Prepared Kinetic Network Space for creatingspace:earth_orbit
[12:38:50] [Server thread/INFO] [minecraft/MinecraftServer]: Preparing start region for dimension minecraft:overworld
[12:38:50] [worldgen/INFO] [minecraft/LoggerChunkProgressListener]: Preparing spawn area: 0%
[12:38:50] [worldgen/INFO] [minecraft/LoggerChunkProgressListener]: Preparing spawn area: 0%
[12:38:51] [worldgen/INFO] [minecraft/LoggerChunkProgressListener]: Preparing spawn area: 51%
[12:38:51] [worldgen/INFO] [minecraft/LoggerChunkProgressListener]: Preparing spawn area: 51%
[12:38:52] [worldgen/INFO] [minecraft/LoggerChunkProgressListener]: Preparing spawn area: 51%
[12:38:52] [worldgen/INFO] [minecraft/LoggerChunkProgressListener]: Preparing spawn area: 51%
[12:38:52] [Server thread/INFO] [minecraft/LoggerChunkProgressListener]: Time elapsed: 2642 ms
[12:38:52] [Server thread/INFO] [minecraft/DedicatedServer]: Done (3.435s)! For help, type "help"
[12:38:52] [Server thread/DEBUG] [ne.ne.ne.ne.DualStackUtils/]: Detected IPv6 address: "0:0:0:0:0:0:0:0"
[12:38:52] [Server thread/DEBUG] [ne.ne.ne.se.LanguageHook/]: Loaded 8 language files for en_us
[12:38:52] [Server thread/INFO] [ne.ne.ne.ga.GameTestHooks/]: Enabled Gametest Namespaces: [unlimitedspace]
[12:38:53] [Server thread/DEBUG] [mixin/]: Mixing accessor.GameTestHelperAccessor from create.mixins.json into net.minecraft.gametest.framework.GameTestHelper
[12:38:53] [Server thread/INFO] [ne.ne.ne.se.pe.PermissionAPI/]: Successfully initialized permission handler neoforge:default_handler
[12:38:53] [Server thread/INFO] [co.mo.un.UnlimitedSpace/]: HELLO from server starting
[12:38:53] [Server thread/INFO] [co.ra.cr.co.ev.DataEventHandler/]: getting the server registry access
[12:38:53] [Server thread/INFO] [co.ra.cr.co.ev.DataEventHandler/]: updating the travel map
[12:38:53] [Server thread/DEBUG] [co.ra.cr.co.ev.DataEventHandler/]: updating the space travel cost map
