[22сент.2026 18:18:54.188] [main/INFO] [cpw.mods.modlauncher.Launcher/MODLAUNCHER]: ModLauncher running: args [--launchTarget, forgeserverdev, --gameDir, ., --fml.fmlVersion, 4.0.43, --fml.mcVersion, 1.21.1, --fml.neoForgeVersion, 21.1.248, --fml.neoFormVersion, 20240808.144430, --nogui]
[22сент.2026 18:18:54.191] [main/INFO] [cpw.mods.modlauncher.Launcher/MODLAUNCHER]: JVM identified as Eclipse Adoptium OpenJDK 64-Bit Server VM 21.0.12+8-LTS
[22сент.2026 18:18:54.193] [main/INFO] [cpw.mods.modlauncher.Launcher/MODLAUNCHER]: ModLauncher 11.0.5+main.901c6ea8 starting: java version 21.0.12 by Eclipse Adoptium; OS Windows 11 arch amd64 version 10.0
[22сент.2026 18:18:54.214] [main/DEBUG] [cpw.mods.modlauncher.LaunchServiceHandler/MODLAUNCHER]: Found launch services [minecraft,forgeclient,forgedatauserdev,testharness,forgeserverdev,forgeserveruserdev,forgejunitdev,forgeclientdev,forgeclientuserdev,forgeserver,forgejunituserdev,forgedatadev]
[22сент.2026 18:18:54.230] [main/DEBUG] [cpw.mods.modlauncher.LaunchPluginHandler/MODLAUNCHER]: Found launch plugins: [mixin,slf4jfixer,runtime_enum_extender,accesstransformer,runtimedistcleaner]
[22сент.2026 18:18:54.237] [main/DEBUG] [cpw.mods.modlauncher.TransformationServicesHandler/MODLAUNCHER]: Discovering transformation services
[22сент.2026 18:18:54.241] [main/DEBUG] [net.neoforged.fml.loading.FMLPaths/CORE]: Path GAMEDIR is C:\Users\trasa\OneDrive\Desktop\unlimitedSpaceFolder\run_phase8_runtime
[22сент.2026 18:18:54.242] [main/DEBUG] [net.neoforged.fml.loading.FMLPaths/CORE]: Path MODSDIR is C:\Users\trasa\OneDrive\Desktop\unlimitedSpaceFolder\run_phase8_runtime\mods
[22сент.2026 18:18:54.242] [main/DEBUG] [net.neoforged.fml.loading.FMLPaths/CORE]: Path CONFIGDIR is C:\Users\trasa\OneDrive\Desktop\unlimitedSpaceFolder\run_phase8_runtime\config
[22сент.2026 18:18:54.243] [main/DEBUG] [net.neoforged.fml.loading.FMLPaths/CORE]: Path FMLCONFIG is C:\Users\trasa\OneDrive\Desktop\unlimitedSpaceFolder\run_phase8_runtime\config\fml.toml
[22сент.2026 18:18:54.289] [main/DEBUG] [net.neoforged.fml.loading.targets.CommonLaunchHandler/CORE]: Got mod coordinates unlimitedspace%%C:\Users\trasa\OneDrive\Desktop\unlimitedSpaceFolder\build\classes\java\main;unlimitedspace%%C:\Users\trasa\OneDrive\Desktop\unlimitedSpaceFolder\build\resources\main from env
[22сент.2026 18:18:54.292] [main/DEBUG] [net.neoforged.fml.loading.targets.CommonLaunchHandler/CORE]: Found supplied mod coordinates [{unlimitedspace=[C:\Users\trasa\OneDrive\Desktop\unlimitedSpaceFolder\build\classes\java\main, C:\Users\trasa\OneDrive\Desktop\unlimitedSpaceFolder\build\resources\main]}]
[22сент.2026 18:18:54.294] [main/DEBUG] [cpw.mods.modlauncher.TransformationServicesHandler/MODLAUNCHER]: Found additional transformation services from discovery services: 
[22сент.2026 18:18:54.301] [main/INFO] [net.neoforged.fml.loading.ImmediateWindowHandler/]: ImmediateWindowProvider not loading because launch target is forgeserverdev
[22сент.2026 18:18:54.312] [main/DEBUG] [cpw.mods.modlauncher.TransformationServicesHandler/MODLAUNCHER]: Found transformer services : [mixin,fml]
[22сент.2026 18:18:54.313] [main/DEBUG] [cpw.mods.modlauncher.TransformationServicesHandler/MODLAUNCHER]: Transformation services loading
[22сент.2026 18:18:54.313] [main/DEBUG] [cpw.mods.modlauncher.TransformationServiceDecorator/MODLAUNCHER]: Loading service mixin
[22сент.2026 18:18:54.314] [main/DEBUG] [cpw.mods.modlauncher.TransformationServiceDecorator/MODLAUNCHER]: Loaded service mixin
[22сент.2026 18:18:54.314] [main/DEBUG] [cpw.mods.modlauncher.TransformationServiceDecorator/MODLAUNCHER]: Loading service fml
[22сент.2026 18:18:54.315] [main/DEBUG] [net.neoforged.fml.loading.FMLLoader/CORE]: FML 4.0.43 loading
[22сент.2026 18:18:54.315] [main/DEBUG] [net.neoforged.fml.loading.FMLLoader/CORE]: FML found ModLauncher version : 11.0.5+main.901c6ea8
[22сент.2026 18:18:54.316] [main/DEBUG] [net.neoforged.fml.loading.FMLLoader/CORE]: FML found AccessTransformer version : 10.0.1+139da711
[22сент.2026 18:18:54.316] [main/DEBUG] [net.neoforged.fml.loading.FMLLoader/CORE]: FML found EventBus version : null
[22сент.2026 18:18:54.317] [main/DEBUG] [net.neoforged.fml.loading.FMLLoader/CORE]: Found Runtime Dist Cleaner
[22сент.2026 18:18:54.317] [main/DEBUG] [cpw.mods.modlauncher.TransformationServiceDecorator/MODLAUNCHER]: Loaded service fml
[22сент.2026 18:18:54.318] [main/DEBUG] [cpw.mods.modlauncher.TransformationServicesHandler/MODLAUNCHER]: Configuring option handling for services
[22сент.2026 18:18:54.337] [main/DEBUG] [net.neoforged.fml.loading.FMLServiceProvider/CORE]: Received command line version data  : VersionInfo[neoForgeVersion=21.1.248, fmlVersion=4.0.43, mcVersion=1.21.1, neoFormVersion=20240808.144430]
[22сент.2026 18:18:54.337] [main/DEBUG] [cpw.mods.modlauncher.TransformationServicesHandler/MODLAUNCHER]: Transformation services initializing
[22сент.2026 18:18:54.338] [main/DEBUG] [cpw.mods.modlauncher.TransformationServiceDecorator/MODLAUNCHER]: Initializing transformation service mixin
[22сент.2026 18:18:54.349] [main/DEBUG] [mixin/]: MixinService [ModLauncher] was successfully booted in cpw.mods.cl.ModuleClassLoader@33f88ab
[22сент.2026 18:18:54.369] [main/INFO] [mixin/]: SpongePowered MIXIN Subsystem Version=0.8.7 Source=union:/C:/Users/trasa/.gradle/caches/modules-2/files-2.1/net.fabricmc/sponge-mixin/0.15.2+mixin.0.8.7/2af2f021d8e02a0220dc27a7a72b4666d66d44ca/sponge-mixin-0.15.2+mixin.0.8.7.jar%2394!/ Service=ModLauncher Env=SERVER
[22сент.2026 18:18:54.372] [main/DEBUG] [mixin/]: Initialising Mixin Platform Manager
[22сент.2026 18:18:54.373] [main/DEBUG] [mixin/]: Adding mixin platform agents for container ModLauncher Root Container(ModLauncher:4f56a0a2)
[22сент.2026 18:18:54.374] [main/DEBUG] [mixin/]: Instancing new MixinPlatformAgentMinecraftForge for ModLauncher Root Container(ModLauncher:4f56a0a2)
[22сент.2026 18:18:54.375] [main/DEBUG] [mixin/]: MixinPlatformAgentMinecraftForge rejected container ModLauncher Root Container(ModLauncher:4f56a0a2)
[22сент.2026 18:18:54.376] [main/DEBUG] [mixin/]: Instancing new MixinPlatformAgentDefault for ModLauncher Root Container(ModLauncher:4f56a0a2)
[22сент.2026 18:18:54.376] [main/DEBUG] [mixin/]: MixinPlatformAgentDefault accepted container ModLauncher Root Container(ModLauncher:4f56a0a2)
[22сент.2026 18:18:54.382] [main/DEBUG] [cpw.mods.modlauncher.TransformationServiceDecorator/MODLAUNCHER]: Initialized transformation service mixin
[22сент.2026 18:18:54.382] [main/DEBUG] [cpw.mods.modlauncher.TransformationServiceDecorator/MODLAUNCHER]: Initializing transformation service fml
[22сент.2026 18:18:54.382] [main/DEBUG] [net.neoforged.fml.loading.FMLServiceProvider/CORE]: Setting up basic FML game directories
[22сент.2026 18:18:54.383] [main/DEBUG] [net.neoforged.fml.loading.FMLPaths/CORE]: Path GAMEDIR is C:\Users\trasa\OneDrive\Desktop\unlimitedSpaceFolder\run_phase8_runtime
[22сент.2026 18:18:54.383] [main/DEBUG] [net.neoforged.fml.loading.FMLPaths/CORE]: Path MODSDIR is C:\Users\trasa\OneDrive\Desktop\unlimitedSpaceFolder\run_phase8_runtime\mods
[22сент.2026 18:18:54.383] [main/DEBUG] [net.neoforged.fml.loading.FMLPaths/CORE]: Path CONFIGDIR is C:\Users\trasa\OneDrive\Desktop\unlimitedSpaceFolder\run_phase8_runtime\config
[22сент.2026 18:18:54.383] [main/DEBUG] [net.neoforged.fml.loading.FMLPaths/CORE]: Path FMLCONFIG is C:\Users\trasa\OneDrive\Desktop\unlimitedSpaceFolder\run_phase8_runtime\config\fml.toml
[22сент.2026 18:18:54.384] [main/DEBUG] [net.neoforged.fml.loading.FMLServiceProvider/CORE]: Loading configuration
[22сент.2026 18:18:54.387] [main/DEBUG] [net.neoforged.fml.loading.FMLServiceProvider/CORE]: Preparing launch handler
[22сент.2026 18:18:54.388] [main/DEBUG] [net.neoforged.fml.loading.FMLLoader/CORE]: Using forgeserverdev as launch service
[22сент.2026 18:18:54.389] [main/DEBUG] [cpw.mods.modlauncher.TransformationServiceDecorator/MODLAUNCHER]: Initialized transformation service fml
[22сент.2026 18:18:54.390] [main/DEBUG] [cpw.mods.modlauncher.TransformationServicesHandler/MODLAUNCHER]: Transformation services begin scanning
[22сент.2026 18:18:54.390] [main/DEBUG] [cpw.mods.modlauncher.TransformationServiceDecorator/MODLAUNCHER]: Beginning scan trigger - transformation service mixin
[22сент.2026 18:18:54.391] [main/DEBUG] [cpw.mods.modlauncher.TransformationServiceDecorator/MODLAUNCHER]: End scan trigger - transformation service mixin
[22сент.2026 18:18:54.391] [main/DEBUG] [cpw.mods.modlauncher.TransformationServiceDecorator/MODLAUNCHER]: Beginning scan trigger - transformation service fml
[22сент.2026 18:18:54.391] [main/DEBUG] [net.neoforged.fml.loading.FMLServiceProvider/CORE]: Initiating mod scan
[22сент.2026 18:18:54.391] [main/DEBUG] [net.neoforged.fml.loading.targets.CommonLaunchHandler/CORE]: Got mod coordinates unlimitedspace%%C:\Users\trasa\OneDrive\Desktop\unlimitedSpaceFolder\build\classes\java\main;unlimitedspace%%C:\Users\trasa\OneDrive\Desktop\unlimitedSpaceFolder\build\resources\main from env
[22сент.2026 18:18:54.392] [main/DEBUG] [net.neoforged.fml.loading.targets.CommonLaunchHandler/CORE]: Found supplied mod coordinates [{unlimitedspace=[C:\Users\trasa\OneDrive\Desktop\unlimitedSpaceFolder\build\classes\java\main, C:\Users\trasa\OneDrive\Desktop\unlimitedSpaceFolder\build\resources\main]}]
[22сент.2026 18:18:54.393] [main/DEBUG] [net.neoforged.fml.loading.targets.CommonDevLaunchHandler/]: Launching with NeoForge from C:\Users\trasa\OneDrive\Desktop\unlimitedSpaceFolder\build\moddev\artifacts\neoforge-21.1.248.jar
[22сент.2026 18:18:54.405] [main/DEBUG] [net.neoforged.fml.util.ServiceLoaderUtil/CORE]: Found 4 implementations of IModFileCandidateLocator:
[22сент.2026 18:18:54.405] [main/DEBUG] [net.neoforged.fml.util.ServiceLoaderUtil/CORE]: 	       0 - [built-in] net.neoforged.fml.loading.moddiscovery.locators.NeoForgeDevProvider from loader-4.0.43.jar
[22сент.2026 18:18:54.406] [main/DEBUG] [net.neoforged.fml.util.ServiceLoaderUtil/CORE]: 	       0 - net.neoforged.fml.loading.moddiscovery.locators.ModsFolderLocator from loader-4.0.43.jar
[22сент.2026 18:18:54.406] [main/DEBUG] [net.neoforged.fml.util.ServiceLoaderUtil/CORE]: 	       0 - net.neoforged.fml.loading.moddiscovery.locators.MavenDirectoryLocator from loader-4.0.43.jar
[22сент.2026 18:18:54.407] [main/DEBUG] [net.neoforged.fml.util.ServiceLoaderUtil/CORE]: 	   -1000 - [built-in] net.neoforged.fml.loading.moddiscovery.locators.UserdevLocator from loader-4.0.43.jar
[22сент.2026 18:18:54.408] [main/DEBUG] [net.neoforged.fml.util.ServiceLoaderUtil/CORE]: Found 2 implementations of IModFileReader:
[22сент.2026 18:18:54.409] [main/DEBUG] [net.neoforged.fml.util.ServiceLoaderUtil/CORE]: 	       0 - net.neoforged.fml.loading.moddiscovery.readers.JarModsDotTomlModFileReader from loader-4.0.43.jar
[22сент.2026 18:18:54.409] [main/DEBUG] [net.neoforged.fml.util.ServiceLoaderUtil/CORE]: 	   -1000 - net.neoforged.fml.loading.moddiscovery.readers.NestedLibraryModReader from loader-4.0.43.jar
[22сент.2026 18:18:54.411] [main/DEBUG] [net.neoforged.fml.util.ServiceLoaderUtil/CORE]: Found 1 implementations of IDependencyLocator:
[22сент.2026 18:18:54.411] [main/DEBUG] [net.neoforged.fml.util.ServiceLoaderUtil/CORE]: 	       0 - net.neoforged.fml.loading.moddiscovery.locators.JarInJarDependencyLocator from loader-4.0.43.jar
[22сент.2026 18:18:54.457] [main/DEBUG] [net.neoforged.fml.loading.moddiscovery.ModFileInfo/LOADING]: Found valid mod file neoforge-21.1.248.jar with {minecraft} mods - versions {1.21.1}
[22сент.2026 18:18:54.463] [main/DEBUG] [net.neoforged.fml.loading.moddiscovery.ModFileParser/LOADING]: Considering mod file candidate C:\Users\trasa\OneDrive\Desktop\unlimitedSpaceFolder\build\moddev\artifacts\neoforge-21.1.248.jar
[22сент.2026 18:18:54.477] [main/DEBUG] [net.neoforged.fml.loading.moddiscovery.ModFileInfo/LOADING]: Found valid mod file neoforge-21.1.248.jar with {neoforge} mods - versions {21.1.248}
[22сент.2026 18:18:54.481] [main/DEBUG] [net.neoforged.fml.loading.moddiscovery.ModListHandler/CORE]: Found mod coordinates from lists: []
[22сент.2026 18:18:54.483] [main/DEBUG] [net.neoforged.fml.loading.moddiscovery.ModFileParser/LOADING]: Considering mod file candidate C:\Users\trasa\OneDrive\Desktop\unlimitedSpaceFolder\build\classes\java\main
[22сент.2026 18:18:54.493] [main/DEBUG] [net.neoforged.fml.loading.moddiscovery.ModFileInfo/LOADING]: Found valid mod file main with {unlimitedspace} mods - versions {1.0.0}
[22сент.2026 18:18:54.500] [main/DEBUG] [net.neoforged.fml.loading.moddiscovery.ModFileParser/LOADING]: Considering mod file candidate C:\Users\trasa\OneDrive\Desktop\unlimitedSpaceFolder\DynamicDimensions\dynamicdimensions-neoforge-0.9.1+75e1622e-dirty.jar
[22сент.2026 18:18:54.503] [main/DEBUG] [net.neoforged.fml.loading.moddiscovery.ModFileInfo/LOADING]: Found valid mod file dynamicdimensions-neoforge-0.9.1+75e1622e-dirty.jar with {dynamicdimensions} mods - versions {0.9.1+75e1622e-dirty}
[22сент.2026 18:18:54.505] [main/DEBUG] [net.neoforged.fml.loading.moddiscovery.ModFileParser/LOADING]: Considering mod file candidate C:\Users\trasa\OneDrive\Desktop\unlimitedSpaceFolder\DynamicDimensions\badpackets-neo-0.8.2.jar
[22сент.2026 18:18:54.506] [main/DEBUG] [net.neoforged.fml.loading.moddiscovery.ModFileInfo/LOADING]: Found valid mod file badpackets-neo-0.8.2.jar with {badpackets} mods - versions {0.8.2}
[22сент.2026 18:18:54.512] [main/DEBUG] [net.neoforged.fml.loading.moddiscovery.ModFileParser/LOADING]: Considering mod file candidate C:\Users\trasa\OneDrive\Desktop\unlimitedSpaceFolder\build\moddev\artifacts\neoforge-21.1.248.jar
[22сент.2026 18:18:54.513] [main/DEBUG] [net.neoforged.fml.loading.moddiscovery.ModFileInfo/LOADING]: Found valid mod file neoforge-21.1.248.jar with {neoforge} mods - versions {21.1.248}
[22сент.2026 18:18:54.519] [main/DEBUG] [net.neoforged.fml.loading.moddiscovery.ModFileParser/LOADING]: Considering mod file candidate C:\Users\trasa\.gradle\caches\modules-2\files-2.1\com.simibubi.create\create-1.21.1\6.0.9-216\a08cd5cc9846a97d6dd61b89b926798f93b43c90\create-1.21.1-6.0.9-216-slim.jar
[22сент.2026 18:18:54.524] [main/DEBUG] [net.neoforged.fml.loading.moddiscovery.ModFileInfo/LOADING]: Found valid mod file create-1.21.1-6.0.9-216-slim.jar with {create} mods - versions {6.0.9}
[22сент.2026 18:18:54.526] [main/DEBUG] [net.neoforged.fml.loading.moddiscovery.ModFileParser/LOADING]: Considering mod file candidate C:\Users\trasa\.gradle\caches\modules-2\files-2.1\maven.modrinth\creating-space\1.7.18\b979ff298fdf6a61dabeb9325d1adda7b4db8da8\creating-space-1.7.18.jar
[22сент.2026 18:18:54.528] [main/DEBUG] [net.neoforged.fml.loading.moddiscovery.ModFileInfo/LOADING]: Found valid mod file creating-space-1.7.18.jar with {creatingspace} mods - versions {1.7.18}
[22сент.2026 18:18:54.530] [main/DEBUG] [net.neoforged.fml.loading.moddiscovery.ModFileParser/LOADING]: Considering mod file candidate C:\Users\trasa\.gradle\caches\modules-2\files-2.1\net.createmod.ponder\ponder-neoforge\1.0.81+mc1.21.1\33d5fda0be2726256eb4722f1da2dad5d073d08d\ponder-neoforge-1.0.81+mc1.21.1.jar
[22сент.2026 18:18:54.531] [main/DEBUG] [net.neoforged.fml.loading.moddiscovery.ModFileInfo/LOADING]: Found valid mod file ponder-neoforge-1.0.81+mc1.21.1.jar with {ponder} mods - versions {1.0.81+mc1.21.1}
[22сент.2026 18:18:54.532] [main/DEBUG] [net.neoforged.fml.loading.moddiscovery.ModFileParser/LOADING]: Considering mod file candidate C:\Users\trasa\.gradle\caches\modules-2\files-2.1\dev.engine-room.flywheel\flywheel-neoforge-1.21.1\1.0.6\a943872ad0bdd4458d818d8d7dc123fb250eb744\flywheel-neoforge-1.21.1-1.0.6.jar
[22сент.2026 18:18:54.534] [main/DEBUG] [net.neoforged.fml.loading.moddiscovery.ModFileInfo/LOADING]: Found valid mod file flywheel-neoforge-1.21.1-1.0.6.jar with {flywheel} mods - versions {1.0.6}
[22сент.2026 18:18:54.550] [main/DEBUG] [net.neoforged.fml.loading.moddiscovery.ModDiscoverer/]: Skipping C:\Users\trasa\.gradle\caches\modules-2\files-2.1\net.neoforged.fancymodloader\earlydisplay\4.0.43\3a941fcf258b5a7dde0445377a7206a55d11630d\earlydisplay-4.0.43.jar because it was already located earlier
[22сент.2026 18:18:54.550] [main/DEBUG] [net.neoforged.fml.loading.moddiscovery.ModDiscoverer/]: Skipping C:\Users\trasa\.gradle\caches\modules-2\files-2.1\net.neoforged.fancymodloader\loader\4.0.43\fb10b7bf2f568a9676ad8b426b19c23badbbd98a\loader-4.0.43.jar because it was already located earlier
[22сент.2026 18:18:54.551] [main/DEBUG] [net.neoforged.fml.loading.moddiscovery.ModDiscoverer/]: Skipping C:\Users\trasa\.gradle\caches\modules-2\files-2.1\net.neoforged.accesstransformers\at-modlauncher\10.0.1\5aba50202aceead086bc09fbc2751c9f05cb4890\at-modlauncher-10.0.1.jar because it was already located earlier
[22сент.2026 18:18:54.551] [main/DEBUG] [net.neoforged.fml.loading.moddiscovery.ModDiscoverer/]: Skipping C:\Users\trasa\.gradle\caches\modules-2\files-2.1\net.neoforged\accesstransformers\10.0.1\fd83b5725f76eae9115e9355fa1c456a6a441400\accesstransformers-10.0.1.jar because it was already located earlier
[22сент.2026 18:18:54.551] [main/DEBUG] [net.neoforged.fml.loading.moddiscovery.ModDiscoverer/]: Skipping C:\Users\trasa\.gradle\caches\modules-2\files-2.1\net.neoforged\bus\8.0.5\5b2d33285ab5d1554e9798ad98c40d6ea3868bd5\bus-8.0.5.jar because it was already located earlier
[22сент.2026 18:18:54.551] [main/DEBUG] [net.neoforged.fml.loading.moddiscovery.ModDiscoverer/]: Skipping C:\Users\trasa\.gradle\caches\modules-2\files-2.1\net.neoforged\coremods\7.0.3\9147e6f638b4272b3bd5fc8f92ad37802512c6c\coremods-7.0.3.jar because it was already located earlier
[22сент.2026 18:18:54.551] [main/DEBUG] [net.neoforged.fml.loading.moddiscovery.ModDiscoverer/]: Skipping C:\Users\trasa\.gradle\caches\modules-2\files-2.1\cpw.mods\modlauncher\11.0.5\b8f0d49294f733fdb6173931b263553e943dc950\modlauncher-11.0.5.jar because it was already located earlier
[22сент.2026 18:18:54.551] [main/DEBUG] [net.neoforged.fml.loading.moddiscovery.ModDiscoverer/]: Skipping C:\Users\trasa\.gradle\caches\modules-2\files-2.1\net.neoforged\mergetool\2.0.0\52fe1949be64e3303aabaaa21e315f551db9c9f4\mergetool-2.0.0-api.jar because it was already located earlier
[22сент.2026 18:18:54.552] [main/DEBUG] [net.neoforged.fml.loading.moddiscovery.ModDiscoverer/]: Skipping C:\Users\trasa\.gradle\caches\modules-2\files-2.1\com.electronwill.night-config\toml\3.8.3\90b2fd6efcb4a7d5b9810cf78f9d824994d717f2\toml-3.8.3.jar because it was already located earlier
[22сент.2026 18:18:54.552] [main/DEBUG] [net.neoforged.fml.loading.moddiscovery.ModDiscoverer/]: Skipping C:\Users\trasa\.gradle\caches\modules-2\files-2.1\com.electronwill.night-config\core\3.8.3\b442a95f09e349927f5a945ecb594455870fcf4f\core-3.8.3.jar because it was already located earlier
[22сент.2026 18:18:54.552] [main/DEBUG] [net.neoforged.fml.loading.moddiscovery.ModDiscoverer/]: Skipping C:\Users\trasa\.gradle\caches\modules-2\files-2.1\net.neoforged\JarJarSelector\0.4.1\fb3cc7a58af22ad2880adb98af6d518128c47dae\JarJarSelector-0.4.1.jar because it was already located earlier
[22сент.2026 18:18:54.552] [main/DEBUG] [net.neoforged.fml.loading.moddiscovery.ModDiscoverer/]: Skipping C:\Users\trasa\.gradle\caches\modules-2\files-2.1\net.neoforged\JarJarMetadata\0.4.1\f8da03683dc81694556dc3e177c5e3bb77ae6fcb\JarJarMetadata-0.4.1.jar because it was already located earlier
[22сент.2026 18:18:54.552] [main/DEBUG] [net.neoforged.fml.loading.moddiscovery.ModDiscoverer/]: Skipping C:\Users\trasa\.gradle\caches\modules-2\files-2.1\org.apache.maven\maven-artifact\3.8.5\4433f50c07debefaed0553bd0068f4f48d449313\maven-artifact-3.8.5.jar because it was already located earlier
[22сент.2026 18:18:54.552] [main/DEBUG] [net.neoforged.fml.loading.moddiscovery.ModDiscoverer/]: Skipping C:\Users\trasa\.gradle\caches\modules-2\files-2.1\net.jodah\typetools\0.6.3\a01aaa6ddaea9ec07ec4f209487b7a46a526283a\typetools-0.6.3.jar because it was already located earlier
[22сент.2026 18:18:54.552] [main/DEBUG] [net.neoforged.fml.loading.moddiscovery.ModDiscoverer/]: Skipping C:\Users\trasa\.gradle\caches\modules-2\files-2.1\net.minecrell\terminalconsoleappender\1.3.0\b562e9bb61235c9520e26282cdee71f8f802d1fc\terminalconsoleappender-1.3.0.jar because it was already located earlier
[22сент.2026 18:18:54.552] [main/DEBUG] [net.neoforged.fml.loading.moddiscovery.ModDiscoverer/]: Skipping C:\Users\trasa\.gradle\caches\modules-2\files-2.1\net.fabricmc\sponge-mixin\0.15.2+mixin.0.8.7\2af2f021d8e02a0220dc27a7a72b4666d66d44ca\sponge-mixin-0.15.2+mixin.0.8.7.jar because it was already located earlier
[22сент.2026 18:18:54.553] [main/DEBUG] [net.neoforged.fml.loading.moddiscovery.ModDiscoverer/]: Skipping C:\Users\trasa\.gradle\caches\modules-2\files-2.1\org.openjdk.nashorn\nashorn-core\15.4\f67f5ffaa5f5130cf6fb9b133da00c7df3b532a5\nashorn-core-15.4.jar because it was already located earlier
[22сент.2026 18:18:54.553] [main/DEBUG] [net.neoforged.fml.loading.moddiscovery.ModDiscoverer/]: Skipping C:\Users\trasa\.gradle\caches\modules-2\files-2.1\org.apache.commons\commons-lang3\3.14.0\1ed471194b02f2c6cb734a0cd6f6f107c673afae\commons-lang3-3.14.0.jar because it was already located earlier
[22сент.2026 18:18:54.553] [main/DEBUG] [net.neoforged.fml.loading.moddiscovery.ModDiscoverer/]: Skipping C:\Users\trasa\.gradle\caches\modules-2\files-2.1\net.sf.jopt-simple\jopt-simple\5.0.4\4fdac2fbe92dfad86aa6e9301736f6b4342a3f5c\jopt-simple-5.0.4.jar because it was already located earlier
[22сент.2026 18:18:54.553] [main/DEBUG] [net.neoforged.fml.loading.moddiscovery.ModDiscoverer/]: Skipping C:\Users\trasa\.gradle\caches\modules-2\files-2.1\commons-io\commons-io\2.15.1\f11560da189ab563a5c8e351941415430e9304ea\commons-io-2.15.1.jar because it was already located earlier
[22сент.2026 18:18:54.553] [main/DEBUG] [net.neoforged.fml.loading.moddiscovery.ModDiscoverer/]: Skipping C:\Users\trasa\.gradle\caches\modules-2\files-2.1\com.mojang\logging\1.2.7\24cb95ffb0e3433fd6e844c04e68009e504ca1c0\logging-1.2.7.jar because it was already located earlier
[22сент.2026 18:18:54.553] [main/DEBUG] [net.neoforged.fml.loading.moddiscovery.ModDiscoverer/]: Skipping C:\Users\trasa\.gradle\caches\modules-2\files-2.1\org.apache.logging.log4j\log4j-slf4j2-impl\2.22.1\d7e6693c2606cb7e7335047d7bb96dec52db5665\log4j-slf4j2-impl-2.22.1.jar because it was already located earlier
[22сент.2026 18:18:54.553] [main/DEBUG] [net.neoforged.fml.loading.moddiscovery.ModDiscoverer/]: Skipping C:\Users\trasa\.gradle\caches\modules-2\files-2.1\org.apache.logging.log4j\log4j-core\2.22.1\7183a25510a02ad00cc6a95d3b3d2a7d3c5a8dc4\log4j-core-2.22.1.jar because it was already located earlier
[22сент.2026 18:18:54.553] [main/DEBUG] [net.neoforged.fml.loading.moddiscovery.ModDiscoverer/]: Skipping C:\Users\trasa\.gradle\caches\modules-2\files-2.1\org.apache.logging.log4j\log4j-api\2.22.1\bea6fede6328fabafd7e68363161a7ea6605abd1\log4j-api-2.22.1.jar because it was already located earlier
[22сент.2026 18:18:54.553] [main/DEBUG] [net.neoforged.fml.loading.moddiscovery.ModDiscoverer/]: Skipping C:\Users\trasa\.gradle\caches\modules-2\files-2.1\com.google.guava\guava\32.1.2-jre\5e64ec7e056456bef3a4bc4c6fdaef71e8ab6318\guava-32.1.2-jre.jar because it was already located earlier
[22сент.2026 18:18:54.554] [main/DEBUG] [net.neoforged.fml.loading.moddiscovery.ModDiscoverer/]: Skipping C:\Users\trasa\.gradle\caches\modules-2\files-2.1\com.google.code.gson\gson\2.10.1\b3add478d4382b78ea20b1671390a858002feb6c\gson-2.10.1.jar because it was already located earlier
[22сент.2026 18:18:54.554] [main/DEBUG] [net.neoforged.fml.loading.moddiscovery.ModDiscoverer/]: Skipping C:\Users\trasa\.gradle\caches\modules-2\files-2.1\org.slf4j\slf4j-api\2.0.9\7cf2726fdcfbc8610f9a71fb3ed639871f315340\slf4j-api-2.0.9.jar because it was already located earlier
[22сент.2026 18:18:54.554] [main/DEBUG] [net.neoforged.fml.loading.moddiscovery.ModDiscoverer/]: Skipping C:\Users\trasa\.gradle\caches\modules-2\files-2.1\org.antlr\antlr4-runtime\4.13.1\17125bae1d965624e265ef49552f6465a2bfa307\antlr4-runtime-4.13.1.jar because it was already located earlier
[22сент.2026 18:18:54.554] [main/DEBUG] [net.neoforged.fml.loading.moddiscovery.ModDiscoverer/]: Skipping C:\Users\trasa\.gradle\caches\modules-2\files-2.1\net.minecraftforge\srgutils\0.4.15\ca408b131759478f164e010fae0d73997e125fb5\srgutils-0.4.15.jar because it was already located earlier
[22сент.2026 18:18:54.554] [main/DEBUG] [net.neoforged.fml.loading.moddiscovery.ModDiscoverer/]: Skipping C:\Users\trasa\.gradle\caches\modules-2\files-2.1\org.codehaus.plexus\plexus-utils\3.3.0\cf43b5391de623b36fe066a21127baef82c64022\plexus-utils-3.3.0.jar because it was already located earlier
[22сент.2026 18:18:54.554] [main/DEBUG] [net.neoforged.fml.loading.moddiscovery.ModDiscoverer/]: Skipping C:\Users\trasa\.gradle\caches\modules-2\files-2.1\org.jline\jline-reader\3.20.0\8f15415b022a25b473e8e16c28ae913186ffb9c4\jline-reader-3.20.0.jar because it was already located earlier
[22сент.2026 18:18:54.555] [main/DEBUG] [net.neoforged.fml.loading.moddiscovery.ModDiscoverer/]: Skipping C:\Users\trasa\.gradle\caches\modules-2\files-2.1\com.machinezoo.noexception\noexception\1.7.1\b65330c98e38a1f915fa54a6e5eca496505e3f0a\noexception-1.7.1.jar because it was already located earlier
[22сент.2026 18:18:54.555] [main/DEBUG] [net.neoforged.fml.loading.moddiscovery.ModDiscoverer/]: Skipping C:\Users\trasa\.gradle\caches\modules-2\files-2.1\com.github.oshi\oshi-core\6.4.10\b1d8ab82d11d92fd639b56d639f8f46f739dd5fa\oshi-core-6.4.10.jar because it was already located earlier
[22сент.2026 18:18:54.555] [main/DEBUG] [net.neoforged.fml.loading.moddiscovery.ModDiscoverer/]: Skipping C:\Users\trasa\.gradle\caches\modules-2\files-2.1\com.google.guava\failureaccess\1.0.1\1dcf1de382a0bf95a3d8b0849546c88bac1292c9\failureaccess-1.0.1.jar because it was already located earlier
[22сент.2026 18:18:54.558] [main/DEBUG] [net.neoforged.fml.loading.moddiscovery.ModDiscoverer/]: Skipping C:\Users\trasa\.gradle\caches\modules-2\files-2.1\com.mojang\authlib\6.0.54\de8bc95660e1b2fe8793fd427a7a10dcec5b3ea7\authlib-6.0.54.jar because it was already located earlier
[22сент.2026 18:18:54.560] [main/DEBUG] [net.neoforged.fml.loading.moddiscovery.ModDiscoverer/]: Skipping C:\Users\trasa\.gradle\caches\modules-2\files-2.1\com.mojang\brigadier\1.3.10\d15b53a14cf20fdcaa98f731af5dda654452c010\brigadier-1.3.10.jar because it was already located earlier
[22сент.2026 18:18:54.560] [main/DEBUG] [net.neoforged.fml.loading.moddiscovery.ModDiscoverer/]: Skipping C:\Users\trasa\.gradle\caches\modules-2\files-2.1\com.mojang\datafixerupper\8.0.16\67d4de6d7f95d89bcf5862995fb854ebaec02a34\datafixerupper-8.0.16.jar because it was already located earlier
[22сент.2026 18:18:54.566] [main/DEBUG] [net.neoforged.fml.loading.moddiscovery.ModDiscoverer/]: Skipping C:\Users\trasa\.gradle\caches\modules-2\files-2.1\io.netty\netty-buffer\4.1.97.Final\f8f3d8644afa5e6e1a40a3a6aeb9d9aa970ecb4f\netty-buffer-4.1.97.Final.jar because it was already located earlier
[22сент.2026 18:18:54.566] [main/DEBUG] [net.neoforged.fml.loading.moddiscovery.ModDiscoverer/]: Skipping C:\Users\trasa\.gradle\caches\modules-2\files-2.1\io.netty\netty-codec\4.1.97.Final\384ba4d75670befbedb45c4d3b497a93639c206d\netty-codec-4.1.97.Final.jar because it was already located earlier
[22сент.2026 18:18:54.567] [main/DEBUG] [net.neoforged.fml.loading.moddiscovery.ModDiscoverer/]: Skipping C:\Users\trasa\.gradle\caches\modules-2\files-2.1\io.netty\netty-common\4.1.97.Final\7cceacaf11df8dc63f23d0fb58e9d4640fc88404\netty-common-4.1.97.Final.jar because it was already located earlier
[22сент.2026 18:18:54.567] [main/DEBUG] [net.neoforged.fml.loading.moddiscovery.ModDiscoverer/]: Skipping C:\Users\trasa\.gradle\caches\modules-2\files-2.1\io.netty\netty-handler\4.1.97.Final\abb86c6906bf512bf2b797a41cd7d2e8d3cd7c36\netty-handler-4.1.97.Final.jar because it was already located earlier
[22сент.2026 18:18:54.568] [main/DEBUG] [net.neoforged.fml.loading.moddiscovery.ModDiscoverer/]: Skipping C:\Users\trasa\.gradle\caches\modules-2\files-2.1\io.netty\netty-resolver\4.1.97.Final\cec8348108dc76c47cf87c669d514be52c922144\netty-resolver-4.1.97.Final.jar because it was already located earlier
[22сент.2026 18:18:54.568] [main/DEBUG] [net.neoforged.fml.loading.moddiscovery.ModDiscoverer/]: Skipping C:\Users\trasa\.gradle\caches\modules-2\files-2.1\io.netty\netty-transport-classes-epoll\4.1.97.Final\795da37ded759e862457a82d9d92c4d39ce8ecee\netty-transport-classes-epoll-4.1.97.Final.jar because it was already located earlier
[22сент.2026 18:18:54.569] [main/DEBUG] [net.neoforged.fml.loading.moddiscovery.ModDiscoverer/]: Skipping C:\Users\trasa\.gradle\caches\modules-2\files-2.1\io.netty\netty-transport-native-unix-common\4.1.97.Final\d469d84265ab70095b01b40886cabdd433b6e664\netty-transport-native-unix-common-4.1.97.Final.jar because it was already located earlier
[22сент.2026 18:18:54.569] [main/DEBUG] [net.neoforged.fml.loading.moddiscovery.ModDiscoverer/]: Skipping C:\Users\trasa\.gradle\caches\modules-2\files-2.1\io.netty\netty-transport\4.1.97.Final\f37380d23c9bb079bc702910833b2fd532c9abd0\netty-transport-4.1.97.Final.jar because it was already located earlier
[22сент.2026 18:18:54.569] [main/DEBUG] [net.neoforged.fml.loading.moddiscovery.ModDiscoverer/]: Skipping C:\Users\trasa\.gradle\caches\modules-2\files-2.1\it.unimi.dsi\fastutil\8.5.12\c24946d46824bd528054bface3231d2ecb7e95e8\fastutil-8.5.12.jar because it was already located earlier
[22сент.2026 18:18:54.569] [main/DEBUG] [net.neoforged.fml.loading.moddiscovery.ModDiscoverer/]: Skipping C:\Users\trasa\.gradle\caches\modules-2\files-2.1\net.java.dev.jna\jna-platform\5.14.0\28934d48aed814f11e4c584da55c49fa7032b31b\jna-platform-5.14.0.jar because it was already located earlier
[22сент.2026 18:18:54.569] [main/DEBUG] [net.neoforged.fml.loading.moddiscovery.ModDiscoverer/]: Skipping C:\Users\trasa\.gradle\caches\modules-2\files-2.1\net.java.dev.jna\jna\5.14.0\67bf3eaea4f0718cb376a181a629e5f88fa1c9dd\jna-5.14.0.jar because it was already located earlier
[22сент.2026 18:18:54.576] [main/DEBUG] [net.neoforged.fml.loading.moddiscovery.ModDiscoverer/]: Skipping C:\Users\trasa\.gradle\caches\modules-2\files-2.1\org.joml\joml\1.10.5\22566d58af70ad3d72308bab63b8339906deb649\joml-1.10.5.jar because it was already located earlier
[22сент.2026 18:18:54.634] [main/DEBUG] [net.neoforged.fml.loading.moddiscovery.ModDiscoverer/]: Skipping C:\Users\trasa\.gradle\caches\modules-2\files-2.1\org.lz4\lz4-java\1.8.0\4b986a99445e49ea5fbf5d149c4b63f6ed6c6780\lz4-java-1.8.0.jar because it was already located earlier
[22сент.2026 18:18:54.635] [main/DEBUG] [net.neoforged.fml.loading.moddiscovery.ModDiscoverer/]: Skipping C:\Users\trasa\.gradle\caches\modules-2\files-2.1\org.jline\jline-terminal\3.20.0\d0ddcc708ddf527a3454c941b7b9225cc83a15ff\jline-terminal-3.20.0.jar because it was already located earlier
[22сент.2026 18:18:54.635] [main/DEBUG] [net.neoforged.fml.loading.moddiscovery.ModDiscoverer/]: Skipping C:\Users\trasa\.gradle\caches\modules-2\files-2.1\com.google.guava\listenablefuture\9999.0-empty-to-avoid-conflict-with-guava\b421526c5f297295adef1c886e5246c39d4ac629\listenablefuture-9999.0-empty-to-avoid-conflict-with-guava.jar because it was already located earlier
[22сент.2026 18:18:54.635] [main/DEBUG] [net.neoforged.fml.loading.moddiscovery.ModDiscoverer/]: Skipping C:\Users\trasa\.gradle\caches\modules-2\files-2.1\com.google.code.findbugs\jsr305\3.0.2\25ea2e8b0c338a877313bd4672d3fe056ea78f0d\jsr305-3.0.2.jar because it was already located earlier
[22сент.2026 18:18:54.635] [main/DEBUG] [net.neoforged.fml.loading.moddiscovery.ModDiscoverer/]: Skipping C:\Users\trasa\.gradle\caches\modules-2\files-2.1\org.checkerframework\checker-qual\3.33.0\de2b60b62da487644fc11f734e73c8b0b431238f\checker-qual-3.33.0.jar because it was already located earlier
[22сент.2026 18:18:54.635] [main/DEBUG] [net.neoforged.fml.loading.moddiscovery.ModDiscoverer/]: Skipping C:\Users\trasa\.gradle\caches\modules-2\files-2.1\com.google.errorprone\error_prone_annotations\2.18.0\89b684257096f548fa39a7df9fdaa409d4d4df91\error_prone_annotations-2.18.0.jar because it was already located earlier
[22сент.2026 18:18:54.635] [main/DEBUG] [net.neoforged.fml.loading.moddiscovery.ModDiscoverer/]: Skipping C:\Users\trasa\.gradle\caches\modules-2\files-2.1\com.google.j2objc\j2objc-annotations\2.8\c85270e307e7b822f1086b93689124b89768e273\j2objc-annotations-2.8.jar because it was already located earlier
[22сент.2026 18:18:54.639] [main/DEBUG] [net.neoforged.fml.loading.UniqueModListBuilder/]: Found 2 mods for first modid neoforge, selecting most recent based on version data
[22сент.2026 18:18:54.640] [main/DEBUG] [net.neoforged.fml.loading.UniqueModListBuilder/]: Selected file neoforge-21.1.248.jar for modid neoforge with version 21.1.248
[22сент.2026 18:18:54.856] [main/INFO] [net.neoforged.fml.loading.moddiscovery.locators.JarInJarDependencyLocator/]: Found 2 dependencies adding them to mods collection
[22сент.2026 18:18:54.857] [main/INFO] [net.neoforged.fml.loading.moddiscovery.ModDiscoverer/]: 
     Mod List:
		Name Version (Mod Id)

		Bad Packets 0.8.2 (badpackets)
		Create 6.0.9 (create)
		Creating Space 1.7.18 (creatingspace)
		Dynamic Dimensions 0.9.1+75e1622e-dirty (dynamicdimensions)
		Flywheel 1.0.6 (flywheel)
		Minecraft 1.21.1 (minecraft)
		NeoForge 21.1.248 (neoforge)
		Ponder 1.0.81+mc1.21.1 (ponder)
		Unlimited Space 1.0.0 (unlimitedspace)
[22сент.2026 18:18:54.858] [main/DEBUG] [net.neoforged.fml.loading.moddiscovery.ModFileInfo/LOADING]: Found valid mod file neoforge-21.1.248.jar with {minecraft} mods - versions {1.21.1}
[22сент.2026 18:18:54.860] [main/DEBUG] [net.neoforged.fml.loading.moddiscovery.ModFile/LOADING]: Loading mod file C:\Users\trasa\OneDrive\Desktop\unlimitedSpaceFolder\build\moddev\artifacts\neoforge-21.1.248.jar with languages [LanguageSpec[languageName=minecraft, acceptedVersions=1]]
[22сент.2026 18:18:54.861] [main/DEBUG] [net.neoforged.fml.loading.moddiscovery.ModFileParser/LOADING]: Considering mod file candidate C:\Users\trasa\OneDrive\Desktop\unlimitedSpaceFolder\DynamicDimensions\badpackets-neo-0.8.2.jar
[22сент.2026 18:18:54.863] [main/DEBUG] [net.neoforged.fml.loading.moddiscovery.ModFileInfo/LOADING]: Found valid mod file badpackets-neo-0.8.2.jar with {badpackets} mods - versions {0.8.2}
[22сент.2026 18:18:54.863] [main/DEBUG] [net.neoforged.fml.loading.moddiscovery.ModFile/LOADING]: Loading mod file C:\Users\trasa\OneDrive\Desktop\unlimitedSpaceFolder\DynamicDimensions\badpackets-neo-0.8.2.jar with languages [LanguageSpec[languageName=javafml, acceptedVersions=[1,)]]
[22сент.2026 18:18:54.863] [main/DEBUG] [net.neoforged.fml.loading.moddiscovery.ModFile/LOADING]: Found mixin config MixinConfig[config=badpackets.mixins.json, requiredMods=[]]
[22сент.2026 18:18:54.864] [main/DEBUG] [net.neoforged.fml.loading.moddiscovery.ModFileParser/LOADING]: Considering mod file candidate C:\Users\trasa\.gradle\caches\modules-2\files-2.1\maven.modrinth\creating-space\1.7.18\b979ff298fdf6a61dabeb9325d1adda7b4db8da8\creating-space-1.7.18.jar
[22сент.2026 18:18:54.865] [main/DEBUG] [net.neoforged.fml.loading.moddiscovery.ModFileInfo/LOADING]: Found valid mod file creating-space-1.7.18.jar with {creatingspace} mods - versions {1.7.18}
[22сент.2026 18:18:54.865] [main/DEBUG] [net.neoforged.fml.loading.moddiscovery.ModFile/LOADING]: Loading mod file C:\Users\trasa\.gradle\caches\modules-2\files-2.1\maven.modrinth\creating-space\1.7.18\b979ff298fdf6a61dabeb9325d1adda7b4db8da8\creating-space-1.7.18.jar with languages [LanguageSpec[languageName=javafml, acceptedVersions=[1,)]]
[22сент.2026 18:18:54.865] [main/DEBUG] [net.neoforged.fml.loading.moddiscovery.ModFile/LOADING]: Found mixin config MixinConfig[config=creatingspace.mixins.json, requiredMods=[]]
[22сент.2026 18:18:54.865] [main/DEBUG] [net.neoforged.fml.loading.moddiscovery.ModFileParser/LOADING]: Considering mod file candidate C:\Users\trasa\.gradle\caches\modules-2\files-2.1\dev.engine-room.flywheel\flywheel-neoforge-1.21.1\1.0.6\a943872ad0bdd4458d818d8d7dc123fb250eb744\flywheel-neoforge-1.21.1-1.0.6.jar
[22сент.2026 18:18:54.866] [main/DEBUG] [net.neoforged.fml.loading.moddiscovery.ModFileInfo/LOADING]: Found valid mod file flywheel-neoforge-1.21.1-1.0.6.jar with {flywheel} mods - versions {1.0.6}
[22сент.2026 18:18:54.866] [main/DEBUG] [net.neoforged.fml.loading.moddiscovery.ModFile/LOADING]: Loading mod file C:\Users\trasa\.gradle\caches\modules-2\files-2.1\dev.engine-room.flywheel\flywheel-neoforge-1.21.1\1.0.6\a943872ad0bdd4458d818d8d7dc123fb250eb744\flywheel-neoforge-1.21.1-1.0.6.jar with languages [LanguageSpec[languageName=javafml, acceptedVersions=[0,)]]
[22сент.2026 18:18:54.867] [main/DEBUG] [net.neoforged.fml.loading.moddiscovery.ModFile/LOADING]: Found mixin config MixinConfig[config=flywheel.backend.mixins.json, requiredMods=[]]
[22сент.2026 18:18:54.867] [main/DEBUG] [net.neoforged.fml.loading.moddiscovery.ModFile/LOADING]: Found mixin config MixinConfig[config=flywheel.impl.mixins.json, requiredMods=[]]
[22сент.2026 18:18:54.867] [main/DEBUG] [net.neoforged.fml.loading.moddiscovery.ModFile/LOADING]: Found mixin config MixinConfig[config=flywheel.impl.neoforge.mixins.json, requiredMods=[]]
[22сент.2026 18:18:54.867] [main/DEBUG] [net.neoforged.fml.loading.moddiscovery.ModFileParser/LOADING]: Considering mod file candidate C:\Users\trasa\.gradle\caches\modules-2\files-2.1\com.simibubi.create\create-1.21.1\6.0.9-216\a08cd5cc9846a97d6dd61b89b926798f93b43c90\create-1.21.1-6.0.9-216-slim.jar
[22сент.2026 18:18:54.868] [main/DEBUG] [net.neoforged.fml.loading.moddiscovery.ModFileInfo/LOADING]: Found valid mod file create-1.21.1-6.0.9-216-slim.jar with {create} mods - versions {6.0.9}
[22сент.2026 18:18:54.868] [main/DEBUG] [net.neoforged.fml.loading.moddiscovery.ModFile/LOADING]: Loading mod file C:\Users\trasa\.gradle\caches\modules-2\files-2.1\com.simibubi.create\create-1.21.1\6.0.9-216\a08cd5cc9846a97d6dd61b89b926798f93b43c90\create-1.21.1-6.0.9-216-slim.jar with languages [LanguageSpec[languageName=javafml, acceptedVersions=[0,)]]
[22сент.2026 18:18:54.869] [main/DEBUG] [net.neoforged.fml.loading.moddiscovery.ModFile/LOADING]: Found mixin config MixinConfig[config=create.mixins.json, requiredMods=[]]
[22сент.2026 18:18:54.869] [main/DEBUG] [net.neoforged.fml.loading.moddiscovery.ModFileParser/LOADING]: Considering mod file candidate C:\Users\trasa\OneDrive\Desktop\unlimitedSpaceFolder\DynamicDimensions\dynamicdimensions-neoforge-0.9.1+75e1622e-dirty.jar
[22сент.2026 18:18:54.870] [main/DEBUG] [net.neoforged.fml.loading.moddiscovery.ModFileInfo/LOADING]: Found valid mod file dynamicdimensions-neoforge-0.9.1+75e1622e-dirty.jar with {dynamicdimensions} mods - versions {0.9.1+75e1622e-dirty}
[22сент.2026 18:18:54.870] [main/DEBUG] [net.neoforged.fml.loading.moddiscovery.ModFile/LOADING]: Loading mod file C:\Users\trasa\OneDrive\Desktop\unlimitedSpaceFolder\DynamicDimensions\dynamicdimensions-neoforge-0.9.1+75e1622e-dirty.jar with languages [LanguageSpec[languageName=javafml, acceptedVersions=[2,)]]
[22сент.2026 18:18:54.870] [main/DEBUG] [net.neoforged.fml.loading.moddiscovery.ModFile/LOADING]: Found mixin config MixinConfig[config=dynamicdimensions.mixins.json, requiredMods=[]]
[22сент.2026 18:18:54.870] [main/DEBUG] [net.neoforged.fml.loading.moddiscovery.ModFileParser/LOADING]: Considering mod file candidate C:\Users\trasa\.gradle\caches\modules-2\files-2.1\net.createmod.ponder\ponder-neoforge\1.0.81+mc1.21.1\33d5fda0be2726256eb4722f1da2dad5d073d08d\ponder-neoforge-1.0.81+mc1.21.1.jar
[22сент.2026 18:18:54.871] [main/DEBUG] [net.neoforged.fml.loading.moddiscovery.ModFileInfo/LOADING]: Found valid mod file ponder-neoforge-1.0.81+mc1.21.1.jar with {ponder} mods - versions {1.0.81+mc1.21.1}
[22сент.2026 18:18:54.872] [main/DEBUG] [net.neoforged.fml.loading.moddiscovery.ModFile/LOADING]: Loading mod file C:\Users\trasa\.gradle\caches\modules-2\files-2.1\net.createmod.ponder\ponder-neoforge\1.0.81+mc1.21.1\33d5fda0be2726256eb4722f1da2dad5d073d08d\ponder-neoforge-1.0.81+mc1.21.1.jar with languages [LanguageSpec[languageName=javafml, acceptedVersions=[0,)]]
[22сент.2026 18:18:54.872] [main/DEBUG] [net.neoforged.fml.loading.moddiscovery.ModFile/LOADING]: Found mixin config MixinConfig[config=ponder.mixins.json, requiredMods=[]]
[22сент.2026 18:18:54.872] [main/DEBUG] [net.neoforged.fml.loading.moddiscovery.ModFile/LOADING]: Found mixin config MixinConfig[config=ponder-common.mixins.json, requiredMods=[]]
[22сент.2026 18:18:54.873] [main/DEBUG] [net.neoforged.fml.loading.moddiscovery.ModFileParser/LOADING]: Considering mod file candidate C:\Users\trasa\OneDrive\Desktop\unlimitedSpaceFolder\build\moddev\artifacts\neoforge-21.1.248.jar
[22сент.2026 18:18:54.874] [main/DEBUG] [net.neoforged.fml.loading.moddiscovery.ModFileInfo/LOADING]: Found valid mod file neoforge-21.1.248.jar with {neoforge} mods - versions {21.1.248}
[22сент.2026 18:18:54.874] [main/DEBUG] [net.neoforged.fml.loading.moddiscovery.ModFile/LOADING]: Loading mod file C:\Users\trasa\OneDrive\Desktop\unlimitedSpaceFolder\build\moddev\artifacts\neoforge-21.1.248.jar with languages [LanguageSpec[languageName=javafml, acceptedVersions=[3,]]]
[22сент.2026 18:18:54.874] [main/DEBUG] [net.neoforged.fml.loading.moddiscovery.ModFile/LOADING]: Found mixin config MixinConfig[config=neoforge.mixins.json, requiredMods=[]]
[22сент.2026 18:18:54.874] [main/DEBUG] [net.neoforged.fml.loading.moddiscovery.ModFileParser/LOADING]: Considering mod file candidate C:\Users\trasa\OneDrive\Desktop\unlimitedSpaceFolder\build\classes\java\main
[22сент.2026 18:18:54.877] [main/DEBUG] [net.neoforged.fml.loading.moddiscovery.ModFileInfo/LOADING]: Found valid mod file main with {unlimitedspace} mods - versions {1.0.0}
[22сент.2026 18:18:54.877] [main/DEBUG] [net.neoforged.fml.loading.moddiscovery.ModFile/LOADING]: Loading mod file C:\Users\trasa\OneDrive\Desktop\unlimitedSpaceFolder\build\classes\java\main with languages [LanguageSpec[languageName=javafml, acceptedVersions=[1,)]]
[22сент.2026 18:18:54.877] [main/DEBUG] [net.neoforged.fml.loading.moddiscovery.ModFile/LOADING]: Loading mod file  with languages []
[22сент.2026 18:18:54.877] [main/DEBUG] [net.neoforged.fml.loading.moddiscovery.ModFile/LOADING]: Loading mod file C:\Users\trasa\.gradle\caches\modules-2\files-2.1\com.tterrag.registrate\Registrate\MC1.21-1.3.0+67\66ddc4cd56472fea1ea1a24182901e6c92a51c0a\Registrate-MC1.21-1.3.0+67.jar with languages []
[22сент.2026 18:18:54.878] [main/DEBUG] [cpw.mods.modlauncher.TransformationServiceDecorator/MODLAUNCHER]: End scan trigger - transformation service fml
[22сент.2026 18:18:54.893] [main/DEBUG] [net.neoforged.fml.util.ServiceLoaderUtil/CORE]: Found 3 implementations of IModLanguageLoader:
[22сент.2026 18:18:54.894] [main/DEBUG] [net.neoforged.fml.util.ServiceLoaderUtil/CORE]: 	net.neoforged.fml.javafmlmod.FMLJavaModLanguageProvider from loader-4.0.43.jar
[22сент.2026 18:18:54.894] [main/DEBUG] [net.neoforged.fml.util.ServiceLoaderUtil/CORE]: 	net.neoforged.fml.lowcodemod.LowCodeModLanguageProvider from loader-4.0.43.jar
[22сент.2026 18:18:54.894] [main/DEBUG] [net.neoforged.fml.util.ServiceLoaderUtil/CORE]: 	net.neoforged.fml.mclanguageprovider.MinecraftModLanguageProvider from loader-4.0.43.jar
[22сент.2026 18:18:54.894] [main/DEBUG] [net.neoforged.fml.loading.LanguageProviderLoader/CORE]: Found language provider javafml, version 4.0.43
[22сент.2026 18:18:54.895] [main/DEBUG] [net.neoforged.fml.loading.LanguageProviderLoader/CORE]: Found language provider lowcodefml, version 4.0.43
[22сент.2026 18:18:54.895] [main/DEBUG] [net.neoforged.fml.loading.LanguageProviderLoader/CORE]: Found language provider minecraft, version 4.0.43
[22сент.2026 18:18:54.899] [main/DEBUG] [net.neoforged.fml.loading.ModSorter/]: Configured system mods: [minecraft, neoforge]
[22сент.2026 18:18:54.899] [main/DEBUG] [net.neoforged.fml.loading.ModSorter/]: Found system mod: minecraft
[22сент.2026 18:18:54.899] [main/DEBUG] [net.neoforged.fml.loading.ModSorter/]: Found system mod: neoforge
[22сент.2026 18:18:54.901] [main/DEBUG] [net.neoforged.fml.loading.ModSorter/LOADING]: Found 19 mod requirements (16 mandatory, 3 optional)
[22сент.2026 18:18:54.901] [main/DEBUG] [net.neoforged.fml.loading.ModSorter/LOADING]: Found 0 mod requirements missing (0 mandatory, 0 optional)
[22сент.2026 18:18:55.009] [main/DEBUG] [mixin/]: Adding mixin platform agents for container net.neoforged.fml.loading.mixin.FMLMixinContainerHandle@58cec85b
[22сент.2026 18:18:55.009] [main/DEBUG] [mixin/]: Instancing new MixinPlatformAgentMinecraftForge for net.neoforged.fml.loading.mixin.FMLMixinContainerHandle@58cec85b
[22сент.2026 18:18:55.009] [main/DEBUG] [mixin/]: MixinPlatformAgentMinecraftForge rejected container net.neoforged.fml.loading.mixin.FMLMixinContainerHandle@58cec85b
[22сент.2026 18:18:55.009] [main/DEBUG] [mixin/]: Instancing new MixinPlatformAgentDefault for net.neoforged.fml.loading.mixin.FMLMixinContainerHandle@58cec85b
[22сент.2026 18:18:55.009] [main/DEBUG] [mixin/]: MixinPlatformAgentDefault accepted container net.neoforged.fml.loading.mixin.FMLMixinContainerHandle@58cec85b
[22сент.2026 18:18:55.009] [main/DEBUG] [mixin/]: Instancing new FMLMixinPlatformAgent for net.neoforged.fml.loading.mixin.FMLMixinContainerHandle@58cec85b
[22сент.2026 18:18:55.009] [main/DEBUG] [mixin/]: FMLMixinPlatformAgent accepted container net.neoforged.fml.loading.mixin.FMLMixinContainerHandle@58cec85b
[22сент.2026 18:18:55.026] [main/DEBUG] [cpw.mods.modlauncher.TransformationServicesHandler/MODLAUNCHER]: Transformation services loading transformers
[22сент.2026 18:18:55.028] [main/DEBUG] [cpw.mods.modlauncher.TransformationServiceDecorator/MODLAUNCHER]: Initializing transformers for transformation service mixin
[22сент.2026 18:18:55.030] [main/DEBUG] [cpw.mods.modlauncher.TransformationServiceDecorator/MODLAUNCHER]: Initialized transformers for transformation service mixin
[22сент.2026 18:18:55.030] [main/DEBUG] [cpw.mods.modlauncher.TransformationServiceDecorator/MODLAUNCHER]: Initializing transformers for transformation service fml
[22сент.2026 18:18:55.030] [main/DEBUG] [net.neoforged.fml.loading.FMLServiceProvider/LOADING]: Loading coremod transformers
[22сент.2026 18:18:55.031] [main/DEBUG] [net.neoforged.fml.loading.FMLServiceProvider/CORE]: Not loading coremod script-engine since no mod requested it
[22сент.2026 18:18:55.033] [main/DEBUG] [net.neoforged.fml.util.ServiceLoaderUtil/CORE]: Found 1 implementations of ICoreMod:
[22сент.2026 18:18:55.033] [main/DEBUG] [net.neoforged.fml.util.ServiceLoaderUtil/CORE]: 	net.neoforged.neoforge.coremods.NeoForgeCoreMod from neoforge-21.1.248.jar > net.neoforged.neoforge-coremods-21.1.248.jar
[22сент.2026 18:18:55.069] [main/DEBUG] [net.neoforged.fml.loading.FMLServiceProvider/CORE]: Adding [Target[className=net.minecraft.world.level.biome.Biome, elementName=, elementDescriptor=, targetType=cpw.mods.modlauncher.api.TargetType@7642df8f]] transformer from core-mod net.neoforged.neoforge.coremods.NeoForgeCoreMod@5ac7aa18 in neoforge-21.1.248.jar > net.neoforged.neoforge-coremods-21.1.248.jar
[22сент.2026 18:18:55.069] [main/DEBUG] [net.neoforged.fml.loading.FMLServiceProvider/CORE]: Adding [Target[className=net.minecraft.world.level.levelgen.structure.Structure, elementName=, elementDescriptor=, targetType=cpw.mods.modlauncher.api.TargetType@7642df8f]] transformer from core-mod net.neoforged.neoforge.coremods.NeoForgeCoreMod@5ac7aa18 in neoforge-21.1.248.jar > net.neoforged.neoforge-coremods-21.1.248.jar
[22сент.2026 18:18:55.069] [main/DEBUG] [net.neoforged.fml.loading.FMLServiceProvider/CORE]: Adding [Target[className=net.minecraft.world.level.block.FlowerPotBlock, elementName=, elementDescriptor=, targetType=cpw.mods.modlauncher.api.TargetType@7642df8f]] transformer from core-mod net.neoforged.neoforge.coremods.NeoForgeCoreMod@5ac7aa18 in neoforge-21.1.248.jar > net.neoforged.neoforge-coremods-21.1.248.jar
[22сент.2026 18:18:55.070] [main/DEBUG] [net.neoforged.fml.loading.FMLServiceProvider/CORE]: Adding [Target[className=net/minecraft/world/level/levelgen/structure/structures/SwampHutPiece, elementName=, elementDescriptor=, targetType=cpw.mods.modlauncher.api.TargetType@7642df8f], Target[className=net/minecraft/world/entity/animal/frog/Tadpole, elementName=, elementDescriptor=, targetType=cpw.mods.modlauncher.api.TargetType@7642df8f], Target[className=net/minecraft/world/entity/animal/horse/SkeletonTrapGoal, elementName=, elementDescriptor=, targetType=cpw.mods.modlauncher.api.TargetType@7642df8f], Target[className=net/minecraft/world/entity/npc/Villager, elementName=, elementDescriptor=, targetType=cpw.mods.modlauncher.api.TargetType@7642df8f], Target[className=net/minecraft/world/entity/raid/Raid, elementName=, elementDescriptor=, targetType=cpw.mods.modlauncher.api.TargetType@7642df8f], Target[className=net/minecraft/server/commands/RaidCommand, elementName=, elementDescriptor=, targetType=cpw.mods.modlauncher.api.TargetType@7642df8f], Target[className=net/minecraft/world/entity/npc/CatSpawner, elementName=, elementDescriptor=, targetType=cpw.mods.modlauncher.api.TargetType@7642df8f], Target[className=net/minecraft/world/level/levelgen/structure/structures/OceanRuinPieces$OceanRuinPiece, elementName=, elementDescriptor=, targetType=cpw.mods.modlauncher.api.TargetType@7642df8f], Target[className=net/minecraft/world/level/levelgen/PatrolSpawner, elementName=, elementDescriptor=, targetType=cpw.mods.modlauncher.api.TargetType@7642df8f], Target[className=net/minecraft/world/entity/EntityType, elementName=, elementDescriptor=, targetType=cpw.mods.modlauncher.api.TargetType@7642df8f], Target[className=net/minecraft/world/entity/monster/Strider, elementName=, elementDescriptor=, targetType=cpw.mods.modlauncher.api.TargetType@7642df8f], Target[className=net/minecraft/world/level/levelgen/structure/templatesystem/StructureTemplate, elementName=, elementDescriptor=, targetType=cpw.mods.modlauncher.api.TargetType@7642df8f], Target[className=net/minecraft/world/entity/ai/village/VillageSiege, elementName=, elementDescriptor=, targetType=cpw.mods.modlauncher.api.TargetType@7642df8f], Target[className=net/minecraft/world/entity/monster/Evoker$EvokerSummonSpellGoal, elementName=, elementDescriptor=, targetType=cpw.mods.modlauncher.api.TargetType@7642df8f], Target[className=net/minecraft/world/level/NaturalSpawner, elementName=, elementDescriptor=, targetType=cpw.mods.modlauncher.api.TargetType@7642df8f], Target[className=net/minecraft/server/commands/SummonCommand, elementName=, elementDescriptor=, targetType=cpw.mods.modlauncher.api.TargetType@7642df8f], Target[className=net/minecraft/world/level/levelgen/structure/structures/WoodlandMansionPieces$WoodlandMansionPiece, elementName=, elementDescriptor=, targetType=cpw.mods.modlauncher.api.TargetType@7642df8f], Target[className=net/minecraft/world/level/levelgen/PhantomSpawner, elementName=, elementDescriptor=, targetType=cpw.mods.modlauncher.api.TargetType@7642df8f], Target[className=net/minecraft/world/entity/monster/ZombieVillager, elementName=, elementDescriptor=, targetType=cpw.mods.modlauncher.api.TargetType@7642df8f], Target[className=net/minecraft/world/entity/monster/Zombie, elementName=, elementDescriptor=, targetType=cpw.mods.modlauncher.api.TargetType@7642df8f], Target[className=net/minecraft/world/entity/monster/Spider, elementName=, elementDescriptor=, targetType=cpw.mods.modlauncher.api.TargetType@7642df8f], Target[className=net/minecraft/world/level/levelgen/structure/structures/OceanMonumentPieces$OceanMonumentPiece, elementName=, elementDescriptor=, targetType=cpw.mods.modlauncher.api.TargetType@7642df8f]] transformer from core-mod net.neoforged.neoforge.coremods.NeoForgeCoreMod@5ac7aa18 in neoforge-21.1.248.jar > net.neoforged.neoforge-coremods-21.1.248.jar
[22сент.2026 18:18:55.082] [main/DEBUG] [cpw.mods.modlauncher.TransformStore/MODLAUNCHER]: Adding transformer net.neoforged.neoforge.coremods.ReplaceFieldWithGetterAccess@bdc8014 to Target : cpw.mods.modlauncher.api.TargetType@7642df8f {Lnet/minecraft/world/level/biome/Biome;} {} {V}
[22сент.2026 18:18:55.086] [main/DEBUG] [cpw.mods.modlauncher.TransformStore/MODLAUNCHER]: Adding transformer net.neoforged.neoforge.coremods.ReplaceFieldWithGetterAccess@87abc48 to Target : cpw.mods.modlauncher.api.TargetType@7642df8f {Lnet/minecraft/world/level/levelgen/structure/Structure;} {} {V}
[22сент.2026 18:18:55.086] [main/DEBUG] [cpw.mods.modlauncher.TransformStore/MODLAUNCHER]: Adding transformer net.neoforged.neoforge.coremods.ReplaceFieldWithGetterAccess@28d79cba to Target : cpw.mods.modlauncher.api.TargetType@7642df8f {Lnet/minecraft/world/level/block/FlowerPotBlock;} {} {V}
[22сент.2026 18:18:55.086] [main/DEBUG] [cpw.mods.modlauncher.TransformStore/MODLAUNCHER]: Adding transformer net.neoforged.neoforge.coremods.MethodRedirector@782168b7 to Target : cpw.mods.modlauncher.api.TargetType@7642df8f {Lnet/minecraft/world/level/levelgen/structure/structures/SwampHutPiece;} {} {V}
[22сент.2026 18:18:55.087] [main/DEBUG] [cpw.mods.modlauncher.TransformStore/MODLAUNCHER]: Adding transformer net.neoforged.neoforge.coremods.MethodRedirector@782168b7 to Target : cpw.mods.modlauncher.api.TargetType@7642df8f {Lnet/minecraft/world/entity/animal/frog/Tadpole;} {} {V}
[22сент.2026 18:18:55.087] [main/DEBUG] [cpw.mods.modlauncher.TransformStore/MODLAUNCHER]: Adding transformer net.neoforged.neoforge.coremods.MethodRedirector@782168b7 to Target : cpw.mods.modlauncher.api.TargetType@7642df8f {Lnet/minecraft/world/entity/animal/horse/SkeletonTrapGoal;} {} {V}
[22сент.2026 18:18:55.087] [main/DEBUG] [cpw.mods.modlauncher.TransformStore/MODLAUNCHER]: Adding transformer net.neoforged.neoforge.coremods.MethodRedirector@782168b7 to Target : cpw.mods.modlauncher.api.TargetType@7642df8f {Lnet/minecraft/world/entity/npc/Villager;} {} {V}
[22сент.2026 18:18:55.087] [main/DEBUG] [cpw.mods.modlauncher.TransformStore/MODLAUNCHER]: Adding transformer net.neoforged.neoforge.coremods.MethodRedirector@782168b7 to Target : cpw.mods.modlauncher.api.TargetType@7642df8f {Lnet/minecraft/world/entity/raid/Raid;} {} {V}
[22сент.2026 18:18:55.087] [main/DEBUG] [cpw.mods.modlauncher.TransformStore/MODLAUNCHER]: Adding transformer net.neoforged.neoforge.coremods.MethodRedirector@782168b7 to Target : cpw.mods.modlauncher.api.TargetType@7642df8f {Lnet/minecraft/server/commands/RaidCommand;} {} {V}
[22сент.2026 18:18:55.087] [main/DEBUG] [cpw.mods.modlauncher.TransformStore/MODLAUNCHER]: Adding transformer net.neoforged.neoforge.coremods.MethodRedirector@782168b7 to Target : cpw.mods.modlauncher.api.TargetType@7642df8f {Lnet/minecraft/world/entity/npc/CatSpawner;} {} {V}
[22сент.2026 18:18:55.087] [main/DEBUG] [cpw.mods.modlauncher.TransformStore/MODLAUNCHER]: Adding transformer net.neoforged.neoforge.coremods.MethodRedirector@782168b7 to Target : cpw.mods.modlauncher.api.TargetType@7642df8f {Lnet/minecraft/world/level/levelgen/structure/structures/OceanRuinPieces$OceanRuinPiece;} {} {V}
[22сент.2026 18:18:55.088] [main/DEBUG] [cpw.mods.modlauncher.TransformStore/MODLAUNCHER]: Adding transformer net.neoforged.neoforge.coremods.MethodRedirector@782168b7 to Target : cpw.mods.modlauncher.api.TargetType@7642df8f {Lnet/minecraft/world/level/levelgen/PatrolSpawner;} {} {V}
[22сент.2026 18:18:55.088] [main/DEBUG] [cpw.mods.modlauncher.TransformStore/MODLAUNCHER]: Adding transformer net.neoforged.neoforge.coremods.MethodRedirector@782168b7 to Target : cpw.mods.modlauncher.api.TargetType@7642df8f {Lnet/minecraft/world/entity/EntityType;} {} {V}
[22сент.2026 18:18:55.089] [main/DEBUG] [cpw.mods.modlauncher.TransformStore/MODLAUNCHER]: Adding transformer net.neoforged.neoforge.coremods.MethodRedirector@782168b7 to Target : cpw.mods.modlauncher.api.TargetType@7642df8f {Lnet/minecraft/world/entity/monster/Strider;} {} {V}
[22сент.2026 18:18:55.089] [main/DEBUG] [cpw.mods.modlauncher.TransformStore/MODLAUNCHER]: Adding transformer net.neoforged.neoforge.coremods.MethodRedirector@782168b7 to Target : cpw.mods.modlauncher.api.TargetType@7642df8f {Lnet/minecraft/world/level/levelgen/structure/templatesystem/StructureTemplate;} {} {V}
[22сент.2026 18:18:55.089] [main/DEBUG] [cpw.mods.modlauncher.TransformStore/MODLAUNCHER]: Adding transformer net.neoforged.neoforge.coremods.MethodRedirector@782168b7 to Target : cpw.mods.modlauncher.api.TargetType@7642df8f {Lnet/minecraft/world/entity/ai/village/VillageSiege;} {} {V}
[22сент.2026 18:18:55.089] [main/DEBUG] [cpw.mods.modlauncher.TransformStore/MODLAUNCHER]: Adding transformer net.neoforged.neoforge.coremods.MethodRedirector@782168b7 to Target : cpw.mods.modlauncher.api.TargetType@7642df8f {Lnet/minecraft/world/entity/monster/Evoker$EvokerSummonSpellGoal;} {} {V}
[22сент.2026 18:18:55.089] [main/DEBUG] [cpw.mods.modlauncher.TransformStore/MODLAUNCHER]: Adding transformer net.neoforged.neoforge.coremods.MethodRedirector@782168b7 to Target : cpw.mods.modlauncher.api.TargetType@7642df8f {Lnet/minecraft/world/level/NaturalSpawner;} {} {V}
[22сент.2026 18:18:55.089] [main/DEBUG] [cpw.mods.modlauncher.TransformStore/MODLAUNCHER]: Adding transformer net.neoforged.neoforge.coremods.MethodRedirector@782168b7 to Target : cpw.mods.modlauncher.api.TargetType@7642df8f {Lnet/minecraft/server/commands/SummonCommand;} {} {V}
[22сент.2026 18:18:55.089] [main/DEBUG] [cpw.mods.modlauncher.TransformStore/MODLAUNCHER]: Adding transformer net.neoforged.neoforge.coremods.MethodRedirector@782168b7 to Target : cpw.mods.modlauncher.api.TargetType@7642df8f {Lnet/minecraft/world/level/levelgen/structure/structures/WoodlandMansionPieces$WoodlandMansionPiece;} {} {V}
[22сент.2026 18:18:55.089] [main/DEBUG] [cpw.mods.modlauncher.TransformStore/MODLAUNCHER]: Adding transformer net.neoforged.neoforge.coremods.MethodRedirector@782168b7 to Target : cpw.mods.modlauncher.api.TargetType@7642df8f {Lnet/minecraft/world/level/levelgen/PhantomSpawner;} {} {V}
[22сент.2026 18:18:55.090] [main/DEBUG] [cpw.mods.modlauncher.TransformStore/MODLAUNCHER]: Adding transformer net.neoforged.neoforge.coremods.MethodRedirector@782168b7 to Target : cpw.mods.modlauncher.api.TargetType@7642df8f {Lnet/minecraft/world/entity/monster/ZombieVillager;} {} {V}
[22сент.2026 18:18:55.090] [main/DEBUG] [cpw.mods.modlauncher.TransformStore/MODLAUNCHER]: Adding transformer net.neoforged.neoforge.coremods.MethodRedirector@782168b7 to Target : cpw.mods.modlauncher.api.TargetType@7642df8f {Lnet/minecraft/world/entity/monster/Zombie;} {} {V}
[22сент.2026 18:18:55.090] [main/DEBUG] [cpw.mods.modlauncher.TransformStore/MODLAUNCHER]: Adding transformer net.neoforged.neoforge.coremods.MethodRedirector@782168b7 to Target : cpw.mods.modlauncher.api.TargetType@7642df8f {Lnet/minecraft/world/entity/monster/Spider;} {} {V}
[22сент.2026 18:18:55.090] [main/DEBUG] [cpw.mods.modlauncher.TransformStore/MODLAUNCHER]: Adding transformer net.neoforged.neoforge.coremods.MethodRedirector@782168b7 to Target : cpw.mods.modlauncher.api.TargetType@7642df8f {Lnet/minecraft/world/level/levelgen/structure/structures/OceanMonumentPieces$OceanMonumentPiece;} {} {V}
[22сент.2026 18:18:55.090] [main/DEBUG] [cpw.mods.modlauncher.TransformationServiceDecorator/MODLAUNCHER]: Initialized transformers for transformation service fml
[22сент.2026 18:18:55.675] [main/DEBUG] [mixin/]: Processing prepare() for PlatformAgent[MixinPlatformAgentDefault:ModLauncher Root Container(ModLauncher:4f56a0a2)]
[22сент.2026 18:18:55.676] [main/DEBUG] [mixin/]: Processing prepare() for PlatformAgent[MixinPlatformAgentDefault:net.neoforged.fml.loading.mixin.FMLMixinContainerHandle@58cec85b]
[22сент.2026 18:18:55.676] [main/DEBUG] [mixin/]: Processing prepare() for PlatformAgent[FMLMixinPlatformAgent:null]
[22сент.2026 18:18:55.759] [main/DEBUG] [mixin/]: Compatibility level JAVA_17 specified by creatingspace.mixins.json is higher than the maximum level supported by this version of mixin (JAVA_13).
[22сент.2026 18:18:55.764] [main/INFO] [mixin/]: Compatibility level set to JAVA_17
[22сент.2026 18:18:55.766] [main/DEBUG] [mixin/]: Compatibility level JAVA_21 specified by flywheel.backend.mixins.json is higher than the maximum level supported by this version of mixin (JAVA_13).
[22сент.2026 18:18:55.766] [main/INFO] [mixin/]: Compatibility level set to JAVA_21
[22сент.2026 18:18:55.768] [main/DEBUG] [mixin/]: Compatibility level JAVA_17 specified by flywheel.impl.neoforge.mixins.json is higher than the maximum level supported by this version of mixin (JAVA_13).
[22сент.2026 18:18:55.771] [main/DEBUG] [mixin/]: Compatibility level JAVA_17 specified by ponder.mixins.json is higher than the maximum level supported by this version of mixin (JAVA_13).
[22сент.2026 18:18:55.773] [main/DEBUG] [mixin/]: Compatibility level JAVA_17 specified by ponder-common.mixins.json is higher than the maximum level supported by this version of mixin (JAVA_13).
[22сент.2026 18:18:55.777] [main/DEBUG] [mixin/]: Processing launch tasks for PlatformAgent[MixinPlatformAgentDefault:ModLauncher Root Container(ModLauncher:4f56a0a2)]
[22сент.2026 18:18:55.778] [main/DEBUG] [mixin/]: Adding mixin platform agents for container SecureJarResource(mixin_synthetic)
[22сент.2026 18:18:55.778] [main/DEBUG] [mixin/]: Instancing new MixinPlatformAgentMinecraftForge for SecureJarResource(mixin_synthetic)
[22сент.2026 18:18:55.778] [main/DEBUG] [mixin/]: MixinPlatformAgentMinecraftForge rejected container SecureJarResource(mixin_synthetic)
[22сент.2026 18:18:55.778] [main/DEBUG] [mixin/]: Instancing new MixinPlatformAgentDefault for SecureJarResource(mixin_synthetic)
[22сент.2026 18:18:55.778] [main/DEBUG] [mixin/]: MixinPlatformAgentDefault accepted container SecureJarResource(mixin_synthetic)
[22сент.2026 18:18:55.778] [main/DEBUG] [mixin/]: Instancing new FMLMixinPlatformAgent for SecureJarResource(mixin_synthetic)
[22сент.2026 18:18:55.778] [main/DEBUG] [mixin/]: FMLMixinPlatformAgent rejected container SecureJarResource(mixin_synthetic)
[22сент.2026 18:18:55.778] [main/DEBUG] [mixin/]: Processing prepare() for PlatformAgent[MixinPlatformAgentDefault:SecureJarResource(mixin_synthetic)]
[22сент.2026 18:18:55.778] [main/DEBUG] [mixin/]: Adding mixin platform agents for container SecureJarResource(badpackets)
[22сент.2026 18:18:55.778] [main/DEBUG] [mixin/]: Instancing new MixinPlatformAgentMinecraftForge for SecureJarResource(badpackets)
[22сент.2026 18:18:55.778] [main/DEBUG] [mixin/]: MixinPlatformAgentMinecraftForge rejected container SecureJarResource(badpackets)
[22сент.2026 18:18:55.779] [main/DEBUG] [mixin/]: Instancing new MixinPlatformAgentDefault for SecureJarResource(badpackets)
[22сент.2026 18:18:55.779] [main/DEBUG] [mixin/]: MixinPlatformAgentDefault accepted container SecureJarResource(badpackets)
[22сент.2026 18:18:55.779] [main/DEBUG] [mixin/]: Instancing new FMLMixinPlatformAgent for SecureJarResource(badpackets)
[22сент.2026 18:18:55.779] [main/DEBUG] [mixin/]: FMLMixinPlatformAgent rejected container SecureJarResource(badpackets)
[22сент.2026 18:18:55.779] [main/DEBUG] [mixin/]: Processing prepare() for PlatformAgent[MixinPlatformAgentDefault:SecureJarResource(badpackets)]
[22сент.2026 18:18:55.779] [main/DEBUG] [mixin/]: Adding mixin platform agents for container SecureJarResource(minecraft)
[22сент.2026 18:18:55.779] [main/DEBUG] [mixin/]: Instancing new MixinPlatformAgentMinecraftForge for SecureJarResource(minecraft)
[22сент.2026 18:18:55.779] [main/DEBUG] [mixin/]: MixinPlatformAgentMinecraftForge rejected container SecureJarResource(minecraft)
[22сент.2026 18:18:55.779] [main/DEBUG] [mixin/]: Instancing new MixinPlatformAgentDefault for SecureJarResource(minecraft)
[22сент.2026 18:18:55.780] [main/DEBUG] [mixin/]: MixinPlatformAgentDefault accepted container SecureJarResource(minecraft)
[22сент.2026 18:18:55.780] [main/DEBUG] [mixin/]: Instancing new FMLMixinPlatformAgent for SecureJarResource(minecraft)
[22сент.2026 18:18:55.780] [main/DEBUG] [mixin/]: FMLMixinPlatformAgent rejected container SecureJarResource(minecraft)
[22сент.2026 18:18:55.780] [main/DEBUG] [mixin/]: Processing prepare() for PlatformAgent[MixinPlatformAgentDefault:SecureJarResource(minecraft)]
[22сент.2026 18:18:55.780] [main/DEBUG] [mixin/]: Adding mixin platform agents for container SecureJarResource(creatingspace)
[22сент.2026 18:18:55.780] [main/DEBUG] [mixin/]: Instancing new MixinPlatformAgentMinecraftForge for SecureJarResource(creatingspace)
[22сент.2026 18:18:55.780] [main/DEBUG] [mixin/]: MixinPlatformAgentMinecraftForge rejected container SecureJarResource(creatingspace)
[22сент.2026 18:18:55.780] [main/DEBUG] [mixin/]: Instancing new MixinPlatformAgentDefault for SecureJarResource(creatingspace)
[22сент.2026 18:18:55.780] [main/DEBUG] [mixin/]: MixinPlatformAgentDefault accepted container SecureJarResource(creatingspace)
[22сент.2026 18:18:55.780] [main/DEBUG] [mixin/]: Instancing new FMLMixinPlatformAgent for SecureJarResource(creatingspace)
[22сент.2026 18:18:55.780] [main/DEBUG] [mixin/]: FMLMixinPlatformAgent rejected container SecureJarResource(creatingspace)
[22сент.2026 18:18:55.780] [main/DEBUG] [mixin/]: Processing prepare() for PlatformAgent[MixinPlatformAgentDefault:SecureJarResource(creatingspace)]
[22сент.2026 18:18:55.781] [main/DEBUG] [mixin/]: Adding mixin platform agents for container SecureJarResource(flywheel)
[22сент.2026 18:18:55.781] [main/DEBUG] [mixin/]: Instancing new MixinPlatformAgentMinecraftForge for SecureJarResource(flywheel)
[22сент.2026 18:18:55.781] [main/DEBUG] [mixin/]: MixinPlatformAgentMinecraftForge rejected container SecureJarResource(flywheel)
[22сент.2026 18:18:55.781] [main/DEBUG] [mixin/]: Instancing new MixinPlatformAgentDefault for SecureJarResource(flywheel)
[22сент.2026 18:18:55.781] [main/DEBUG] [mixin/]: MixinPlatformAgentDefault accepted container SecureJarResource(flywheel)
[22сент.2026 18:18:55.781] [main/DEBUG] [mixin/]: Instancing new FMLMixinPlatformAgent for SecureJarResource(flywheel)
[22сент.2026 18:18:55.781] [main/DEBUG] [mixin/]: FMLMixinPlatformAgent rejected container SecureJarResource(flywheel)
[22сент.2026 18:18:55.781] [main/DEBUG] [mixin/]: Processing prepare() for PlatformAgent[MixinPlatformAgentDefault:SecureJarResource(flywheel)]
[22сент.2026 18:18:55.781] [main/DEBUG] [mixin/]: Adding mixin platform agents for container SecureJarResource(dynamicdimensions)
[22сент.2026 18:18:55.781] [main/DEBUG] [mixin/]: Instancing new MixinPlatformAgentMinecraftForge for SecureJarResource(dynamicdimensions)
[22сент.2026 18:18:55.781] [main/DEBUG] [mixin/]: MixinPlatformAgentMinecraftForge rejected container SecureJarResource(dynamicdimensions)
[22сент.2026 18:18:55.781] [main/DEBUG] [mixin/]: Instancing new MixinPlatformAgentDefault for SecureJarResource(dynamicdimensions)
[22сент.2026 18:18:55.781] [main/DEBUG] [mixin/]: MixinPlatformAgentDefault accepted container SecureJarResource(dynamicdimensions)
[22сент.2026 18:18:55.782] [main/DEBUG] [mixin/]: Instancing new FMLMixinPlatformAgent for SecureJarResource(dynamicdimensions)
[22сент.2026 18:18:55.782] [main/DEBUG] [mixin/]: FMLMixinPlatformAgent rejected container SecureJarResource(dynamicdimensions)
[22сент.2026 18:18:55.782] [main/DEBUG] [mixin/]: Processing prepare() for PlatformAgent[MixinPlatformAgentDefault:SecureJarResource(dynamicdimensions)]
[22сент.2026 18:18:55.782] [main/DEBUG] [mixin/]: Adding mixin platform agents for container SecureJarResource(ponder)
[22сент.2026 18:18:55.782] [main/DEBUG] [mixin/]: Instancing new MixinPlatformAgentMinecraftForge for SecureJarResource(ponder)
[22сент.2026 18:18:55.782] [main/DEBUG] [mixin/]: MixinPlatformAgentMinecraftForge rejected container SecureJarResource(ponder)
[22сент.2026 18:18:55.782] [main/DEBUG] [mixin/]: Instancing new MixinPlatformAgentDefault for SecureJarResource(ponder)
[22сент.2026 18:18:55.782] [main/DEBUG] [mixin/]: MixinPlatformAgentDefault accepted container SecureJarResource(ponder)
[22сент.2026 18:18:55.782] [main/DEBUG] [mixin/]: Instancing new FMLMixinPlatformAgent for SecureJarResource(ponder)
[22сент.2026 18:18:55.782] [main/DEBUG] [mixin/]: FMLMixinPlatformAgent rejected container SecureJarResource(ponder)
[22сент.2026 18:18:55.782] [main/DEBUG] [mixin/]: Processing prepare() for PlatformAgent[MixinPlatformAgentDefault:SecureJarResource(ponder)]
[22сент.2026 18:18:55.782] [main/DEBUG] [mixin/]: Adding mixin platform agents for container SecureJarResource(create)
[22сент.2026 18:18:55.782] [main/DEBUG] [mixin/]: Instancing new MixinPlatformAgentMinecraftForge for SecureJarResource(create)
[22сент.2026 18:18:55.782] [main/DEBUG] [mixin/]: MixinPlatformAgentMinecraftForge rejected container SecureJarResource(create)
[22сент.2026 18:18:55.783] [main/DEBUG] [mixin/]: Instancing new MixinPlatformAgentDefault for SecureJarResource(create)
[22сент.2026 18:18:55.783] [main/DEBUG] [mixin/]: MixinPlatformAgentDefault accepted container SecureJarResource(create)
[22сент.2026 18:18:55.783] [main/DEBUG] [mixin/]: Instancing new FMLMixinPlatformAgent for SecureJarResource(create)
[22сент.2026 18:18:55.783] [main/DEBUG] [mixin/]: FMLMixinPlatformAgent rejected container SecureJarResource(create)
[22сент.2026 18:18:55.783] [main/DEBUG] [mixin/]: Processing prepare() for PlatformAgent[MixinPlatformAgentDefault:SecureJarResource(create)]
[22сент.2026 18:18:55.783] [main/DEBUG] [mixin/]: Registering mixin config: create.mixins.json source=SecureJarResource(create)
[22сент.2026 18:18:55.783] [main/DEBUG] [mixin/]: Adding mixin platform agents for container SecureJarResource(unlimitedspace)
[22сент.2026 18:18:55.783] [main/DEBUG] [mixin/]: Instancing new MixinPlatformAgentMinecraftForge for SecureJarResource(unlimitedspace)
[22сент.2026 18:18:55.783] [main/DEBUG] [mixin/]: MixinPlatformAgentMinecraftForge rejected container SecureJarResource(unlimitedspace)
[22сент.2026 18:18:55.783] [main/DEBUG] [mixin/]: Instancing new MixinPlatformAgentDefault for SecureJarResource(unlimitedspace)
[22сент.2026 18:18:55.783] [main/DEBUG] [mixin/]: MixinPlatformAgentDefault accepted container SecureJarResource(unlimitedspace)
[22сент.2026 18:18:55.783] [main/DEBUG] [mixin/]: Instancing new FMLMixinPlatformAgent for SecureJarResource(unlimitedspace)
[22сент.2026 18:18:55.783] [main/DEBUG] [mixin/]: FMLMixinPlatformAgent rejected container SecureJarResource(unlimitedspace)
[22сент.2026 18:18:55.783] [main/DEBUG] [mixin/]: Processing prepare() for PlatformAgent[MixinPlatformAgentDefault:SecureJarResource(unlimitedspace)]
[22сент.2026 18:18:55.783] [main/DEBUG] [mixin/]: Adding mixin platform agents for container SecureJarResource(mixinextras.neoforge)
[22сент.2026 18:18:55.783] [main/DEBUG] [mixin/]: Instancing new MixinPlatformAgentMinecraftForge for SecureJarResource(mixinextras.neoforge)
[22сент.2026 18:18:55.783] [main/DEBUG] [mixin/]: MixinPlatformAgentMinecraftForge rejected container SecureJarResource(mixinextras.neoforge)
[22сент.2026 18:18:55.783] [main/DEBUG] [mixin/]: Instancing new MixinPlatformAgentDefault for SecureJarResource(mixinextras.neoforge)
[22сент.2026 18:18:55.783] [main/DEBUG] [mixin/]: MixinPlatformAgentDefault accepted container SecureJarResource(mixinextras.neoforge)
[22сент.2026 18:18:55.783] [main/DEBUG] [mixin/]: Instancing new FMLMixinPlatformAgent for SecureJarResource(mixinextras.neoforge)
[22сент.2026 18:18:55.783] [main/DEBUG] [mixin/]: FMLMixinPlatformAgent rejected container SecureJarResource(mixinextras.neoforge)
[22сент.2026 18:18:55.783] [main/DEBUG] [mixin/]: Processing prepare() for PlatformAgent[MixinPlatformAgentDefault:SecureJarResource(mixinextras.neoforge)]
[22сент.2026 18:18:55.784] [main/DEBUG] [mixin/]: Registering mixin config: mixinextras.init.mixins.json source=SecureJarResource(mixinextras.neoforge)
[22сент.2026 18:18:55.785] [main/DEBUG] [mixin/]: Adding mixin platform agents for container SecureJarResource(Registrate.MC1._21._67)
[22сент.2026 18:18:55.785] [main/DEBUG] [mixin/]: Instancing new MixinPlatformAgentMinecraftForge for SecureJarResource(Registrate.MC1._21._67)
[22сент.2026 18:18:55.785] [main/DEBUG] [mixin/]: MixinPlatformAgentMinecraftForge rejected container SecureJarResource(Registrate.MC1._21._67)
[22сент.2026 18:18:55.785] [main/DEBUG] [mixin/]: Instancing new MixinPlatformAgentDefault for SecureJarResource(Registrate.MC1._21._67)
[22сент.2026 18:18:55.785] [main/DEBUG] [mixin/]: MixinPlatformAgentDefault accepted container SecureJarResource(Registrate.MC1._21._67)
[22сент.2026 18:18:55.785] [main/DEBUG] [mixin/]: Instancing new FMLMixinPlatformAgent for SecureJarResource(Registrate.MC1._21._67)
[22сент.2026 18:18:55.785] [main/DEBUG] [mixin/]: FMLMixinPlatformAgent rejected container SecureJarResource(Registrate.MC1._21._67)
[22сент.2026 18:18:55.785] [main/DEBUG] [mixin/]: Processing prepare() for PlatformAgent[MixinPlatformAgentDefault:SecureJarResource(Registrate.MC1._21._67)]
[22сент.2026 18:18:55.785] [main/DEBUG] [mixin/]: inject() running with 13 agents
[22сент.2026 18:18:55.785] [main/DEBUG] [mixin/]: Processing inject() for PlatformAgent[MixinPlatformAgentDefault:ModLauncher Root Container(ModLauncher:4f56a0a2)]
[22сент.2026 18:18:55.785] [main/DEBUG] [mixin/]: Processing inject() for PlatformAgent[MixinPlatformAgentDefault:net.neoforged.fml.loading.mixin.FMLMixinContainerHandle@58cec85b]
[22сент.2026 18:18:55.785] [main/DEBUG] [mixin/]: Processing inject() for PlatformAgent[FMLMixinPlatformAgent:null]
[22сент.2026 18:18:55.785] [main/DEBUG] [mixin/]: Processing inject() for PlatformAgent[MixinPlatformAgentDefault:SecureJarResource(mixin_synthetic)]
[22сент.2026 18:18:55.785] [main/DEBUG] [mixin/]: Processing inject() for PlatformAgent[MixinPlatformAgentDefault:SecureJarResource(badpackets)]
[22сент.2026 18:18:55.785] [main/DEBUG] [mixin/]: Processing inject() for PlatformAgent[MixinPlatformAgentDefault:SecureJarResource(minecraft)]
[22сент.2026 18:18:55.786] [main/DEBUG] [mixin/]: Processing inject() for PlatformAgent[MixinPlatformAgentDefault:SecureJarResource(creatingspace)]
[22сент.2026 18:18:55.786] [main/DEBUG] [mixin/]: Processing inject() for PlatformAgent[MixinPlatformAgentDefault:SecureJarResource(flywheel)]
[22сент.2026 18:18:55.786] [main/DEBUG] [mixin/]: Processing inject() for PlatformAgent[MixinPlatformAgentDefault:SecureJarResource(dynamicdimensions)]
[22сент.2026 18:18:55.786] [main/DEBUG] [mixin/]: Processing inject() for PlatformAgent[MixinPlatformAgentDefault:SecureJarResource(ponder)]
[22сент.2026 18:18:55.786] [main/DEBUG] [mixin/]: Processing inject() for PlatformAgent[MixinPlatformAgentDefault:SecureJarResource(create)]
[22сент.2026 18:18:55.786] [main/DEBUG] [mixin/]: Processing inject() for PlatformAgent[MixinPlatformAgentDefault:SecureJarResource(unlimitedspace)]
[22сент.2026 18:18:55.786] [main/DEBUG] [mixin/]: Processing inject() for PlatformAgent[MixinPlatformAgentDefault:SecureJarResource(mixinextras.neoforge)]
[22сент.2026 18:18:55.786] [main/DEBUG] [mixin/]: Processing inject() for PlatformAgent[MixinPlatformAgentDefault:SecureJarResource(Registrate.MC1._21._67)]
[22сент.2026 18:18:55.786] [main/INFO] [cpw.mods.modlauncher.LaunchServiceHandler/MODLAUNCHER]: Launching target 'forgeserverdev' with arguments [--gameDir, ., --nogui]
[22сент.2026 18:18:55.895] [main/DEBUG] [mixin/]: Preparing mixins for MixinEnvironment[DEFAULT]
[22сент.2026 18:18:55.895] [main/DEBUG] [mixin/]: Selecting config badpackets.mixins.json
[22сент.2026 18:18:55.909] [main/DEBUG] [mixin/]: Selecting config creatingspace.mixins.json
[22сент.2026 18:18:55.915] [main/DEBUG] [mixin/]: Selecting config flywheel.backend.mixins.json
[22сент.2026 18:18:55.920] [main/DEBUG] [mixin/]: Selecting config flywheel.impl.mixins.json
[22сент.2026 18:18:55.921] [main/DEBUG] [mixin/]: Selecting config flywheel.impl.neoforge.mixins.json
[22сент.2026 18:18:55.922] [main/DEBUG] [mixin/]: Selecting config dynamicdimensions.mixins.json
[22сент.2026 18:18:55.922] [main/DEBUG] [mixin/]: Selecting config ponder.mixins.json
[22сент.2026 18:18:55.923] [main/DEBUG] [mixin/]: Selecting config ponder-common.mixins.json
[22сент.2026 18:18:55.923] [main/WARN] [mixin/]: Reference map 'ponder.refmap.json' for ponder-common.mixins.json could not be read. If this is a development environment you can ignore this message
[22сент.2026 18:18:55.923] [main/DEBUG] [mixin/]: Selecting config create.mixins.json
[22сент.2026 18:18:55.925] [main/DEBUG] [mixin/]: Selecting config neoforge.mixins.json
[22сент.2026 18:18:55.925] [main/DEBUG] [mixin/]: Selecting config mixinextras.init.mixins.json
[22сент.2026 18:18:56.008] [main/DEBUG] [MixinExtras|Service/]: com.llamalad7.mixinextras.service.MixinExtrasServiceImpl(version=0.5.3) is taking over from null
[22сент.2026 18:18:56.078] [main/DEBUG] [mixin/]: Registering new injector for @Inject with org.spongepowered.asm.mixin.injection.struct.CallbackInjectionInfo
[22сент.2026 18:18:56.080] [main/DEBUG] [mixin/]: Registering new injector for @ModifyArg with org.spongepowered.asm.mixin.injection.struct.ModifyArgInjectionInfo
[22сент.2026 18:18:56.082] [main/DEBUG] [mixin/]: Registering new injector for @ModifyArgs with org.spongepowered.asm.mixin.injection.struct.ModifyArgsInjectionInfo
[22сент.2026 18:18:56.084] [main/DEBUG] [mixin/]: Registering new injector for @Redirect with org.spongepowered.asm.mixin.injection.struct.RedirectInjectionInfo
[22сент.2026 18:18:56.086] [main/DEBUG] [mixin/]: Registering new injector for @ModifyVariable with org.spongepowered.asm.mixin.injection.struct.ModifyVariableInjectionInfo
[22сент.2026 18:18:56.088] [main/DEBUG] [mixin/]: Registering new injector for @ModifyConstant with org.spongepowered.asm.mixin.injection.struct.ModifyConstantInjectionInfo
[22сент.2026 18:18:56.105] [main/DEBUG] [mixin/]: Preparing creatingspace.mixins.json (19)
[22сент.2026 18:18:56.237] [main/DEBUG] [mixin/]: Preparing badpackets.mixins.json (12)
[22сент.2026 18:18:56.254] [main/DEBUG] [mixin/]: Preparing flywheel.backend.mixins.json (9)
[22сент.2026 18:18:56.254] [main/DEBUG] [mixin/]: Preparing flywheel.impl.mixins.json (14)
[22сент.2026 18:18:56.254] [main/DEBUG] [mixin/]: Preparing flywheel.impl.neoforge.mixins.json (1)
[22сент.2026 18:18:56.254] [main/DEBUG] [mixin/]: Preparing dynamicdimensions.mixins.json (9)
[22сент.2026 18:18:56.284] [main/DEBUG] [mixin/]: Preparing ponder.mixins.json (1)
[22сент.2026 18:18:56.285] [main/DEBUG] [mixin/]: Preparing ponder-common.mixins.json (12)
[22сент.2026 18:18:56.286] [main/DEBUG] [mixin/]: Preparing create.mixins.json (64)
[22сент.2026 18:18:56.352] [main/DEBUG] [mixin/]: Preparing neoforge.mixins.json (2)
[22сент.2026 18:18:56.354] [main/DEBUG] [mixin/]: Preparing mixinextras.init.mixins.json (0)
[22сент.2026 18:18:56.386] [main/WARN] [mixin/]: Error loading class: org/jetbrains/annotations/ApiStatus$ScheduledForRemoval (java.lang.ClassNotFoundException: org.jetbrains.annotations.ApiStatus$ScheduledForRemoval)
[22сент.2026 18:18:56.395] [main/DEBUG] [mixin/]: Prepared 83 mixins in 0,498 sec (6,0ms avg) (0ms load, 0ms transform, 0ms plugin)
[22сент.2026 18:18:56.420] [main/DEBUG] [io.netty.util.internal.logging.InternalLoggerFactory/]: Using SLF4J as the default logging framework
[22сент.2026 18:18:56.430] [main/DEBUG] [io.netty.util.ResourceLeakDetector/]: -Dio.netty.leakDetection.level: simple
[22сент.2026 18:18:56.430] [main/DEBUG] [io.netty.util.ResourceLeakDetector/]: -Dio.netty.leakDetection.targetRecords: 4
[22сент.2026 18:18:56.650] [main/INFO] [MixinExtras|Service/]: Initializing MixinExtras via com.llamalad7.mixinextras.service.MixinExtrasServiceImpl(version=0.5.3).
[22сент.2026 18:18:56.651] [main/DEBUG] [mixin/]: Registering new injector for @SugarWrapper with com.llamalad7.mixinextras.sugar.impl.SugarWrapperInjectionInfo
[22сент.2026 18:18:56.651] [main/DEBUG] [mixin/]: Registering new injector for @FactoryRedirectWrapper with com.llamalad7.mixinextras.wrapper.factory.FactoryRedirectWrapperInjectionInfo
[22сент.2026 18:18:56.651] [main/DEBUG] [mixin/]: Registering new injector for @ExpressionInjectorWrapper with com.llamalad7.mixinextras.expression.impl.wrapper.ExpressionInjectorWrapperInjectionInfo
[22сент.2026 18:18:56.660] [main/DEBUG] [mixin/]: Mixing accessor.NbtAccounterAccessor from create.mixins.json into net.minecraft.nbt.NbtAccounter
[22сент.2026 18:18:56.733] [main/DEBUG] [mixin/]: Mixing accessor.SystemReportAccessor from create.mixins.json into net.minecraft.SystemReport
[22сент.2026 18:18:56.734] [main/DEBUG] [mixin/]: Renaming @Accessor method getOPERATING_SYSTEM()Ljava/lang/String; to getOPERATING_SYSTEM$create_$md$eb95d5$0 in create.mixins.json:accessor.SystemReportAccessor from mod create
[22сент.2026 18:18:56.735] [main/DEBUG] [mixin/]: Renaming @Accessor method getJAVA_VERSION()Ljava/lang/String; to getJAVA_VERSION$create_$md$eb95d5$1 in create.mixins.json:accessor.SystemReportAccessor from mod create
[22сент.2026 18:18:56.774] [main/DEBUG] [oshi.util.FileUtil/]: No oshi.properties file found from ClassLoader cpw.mods.modlauncher.TransformingClassLoader@320494b6
[22сент.2026 18:18:57.002] [main/DEBUG] [oshi.util.FileUtil/]: No oshi.architecture.properties file found from ClassLoader cpw.mods.modlauncher.TransformingClassLoader@320494b6
[22сент.2026 18:18:57.240] [main/DEBUG] [mixin/]: Mixing BuiltInRegistriesMixin from create.mixins.json into net.minecraft.core.registries.BuiltInRegistries
[22сент.2026 18:18:57.244] [main/DEBUG] [mixin/]: Renaming synthetic method lambda$create$ourRegistriesAreNotEmpty$0(Ljava/util/function/Consumer;Lnet/minecraft/core/Registry;)V to mdeb95d5$create$lambda$create$ourRegistriesAreNotEmpty$0$0 in create.mixins.json:BuiltInRegistriesMixin from mod create
[22сент.2026 18:18:57.318] [main/DEBUG] [mixin/]: Mixing MappedRegistryAccessor from dynamicdimensions.mixins.json into net.minecraft.core.MappedRegistry
[22сент.2026 18:18:57.320] [main/DEBUG] [mixin/]: Mixing accessor.MappedRegistryAccessor from create.mixins.json into net.minecraft.core.MappedRegistry
[22сент.2026 18:18:57.320] [main/DEBUG] [mixin/]: Mixing MappedRegistryAccessor from neoforge.mixins.json into net.minecraft.core.MappedRegistry
[22сент.2026 18:18:57.322] [main/DEBUG] [mixin/]: Unexpected: Registered method getByValue()Ljava/util/Map; in net.minecraft.core.MappedRegistry was not merged
[22сент.2026 18:18:57.322] [main/DEBUG] [mixin/]: Unexpected: Registered method getToId()Lit/unimi/dsi/fastutil/objects/Reference2IntMap; in net.minecraft.core.MappedRegistry was not merged
[22сент.2026 18:18:57.501] [main/DEBUG] [mixin/]: Mixing BlockMixin from create.mixins.json into net.minecraft.world.level.block.Block
[22сент.2026 18:18:57.537] [main/DEBUG] [mixin/]: Mixing accessor.BlockBehaviourAccessor from create.mixins.json into net.minecraft.world.level.block.state.BlockBehaviour
[22сент.2026 18:18:57.619] [main/DEBUG] [mixin/]: Mixing entity.PlayerMixin from creatingspace.mixins.json into net.minecraft.world.entity.player.Player
[22сент.2026 18:18:57.620] [main/DEBUG] [mixin/]: creatingspace.mixins.json:entity.PlayerMixin from mod creatingspace: Class version 65 required is higher than the class version supported by the current version of Mixin (JAVA_17 supports class version 61)
[22сент.2026 18:18:57.624] [main/DEBUG] [mixin/]: Mixing PlayerMixin from create.mixins.json into net.minecraft.world.entity.player.Player
[22сент.2026 18:18:57.666] [main/DEBUG] [mixin/]: creatingspace.mixins.json:entity.PlayerMixin from mod creatingspace->@Inject::flying(Lorg/spongepowered/asm/mixin/injection/callback/CallbackInfo;)V doesn't use it's CallbackInfo
[22сент.2026 18:18:57.666] [main/DEBUG] [mixin/]: creatingspace.mixins.json:entity.PlayerMixin from mod creatingspace->@Inject::flying(Lorg/spongepowered/asm/mixin/injection/callback/CallbackInfo;)V has 0 override(s) in child classes
[22сент.2026 18:18:57.667] [main/DEBUG] [mixin/]: creatingspace.mixins.json:entity.PlayerMixin from mod creatingspace->@Inject::flying(Lorg/spongepowered/asm/mixin/injection/callback/CallbackInfo;)V won't be passed a CallbackInfo as a result
[22сент.2026 18:18:57.718] [main/DEBUG] [mixin/]: Mixing entity.LivingEntityMixin from creatingspace.mixins.json into net.minecraft.world.entity.LivingEntity
[22сент.2026 18:18:57.719] [main/DEBUG] [mixin/]: creatingspace.mixins.json:entity.LivingEntityMixin from mod creatingspace: Class version 65 required is higher than the class version supported by the current version of Mixin (JAVA_17 supports class version 61)
[22сент.2026 18:18:57.721] [main/DEBUG] [mixin/]: Mixing entity.gravity.LivingEntityMixin from creatingspace.mixins.json into net.minecraft.world.entity.LivingEntity
[22сент.2026 18:18:57.721] [main/DEBUG] [mixin/]: creatingspace.mixins.json:entity.gravity.LivingEntityMixin from mod creatingspace: Class version 65 required is higher than the class version supported by the current version of Mixin (JAVA_17 supports class version 61)
[22сент.2026 18:18:57.725] [main/DEBUG] [mixin/]: Mixing CustomItemUseEffectsMixin from create.mixins.json into net.minecraft.world.entity.LivingEntity
[22сент.2026 18:18:57.728] [main/DEBUG] [mixin/]: Mixing LavaSwimmingMixin from create.mixins.json into net.minecraft.world.entity.LivingEntity
[22сент.2026 18:18:57.731] [main/DEBUG] [mixin/]: Mixing accessor.LivingEntityAccessor from create.mixins.json into net.minecraft.world.entity.LivingEntity
[22сент.2026 18:18:57.752] [main/DEBUG] [mixin/]: creatingspace.mixins.json:entity.gravity.LivingEntityMixin from mod creatingspace->@Inject::getDefaultGravity(Lorg/spongepowered/asm/mixin/injection/callback/CallbackInfoReturnable;)V does use it's CallbackInfoReturnable
[22сент.2026 18:18:57.752] [main/DEBUG] [mixin/]: create.mixins.json:CustomItemUseEffectsMixin from mod create->@Inject::create$onShouldTriggerUseEffects(Lorg/spongepowered/asm/mixin/injection/callback/CallbackInfoReturnable;)V does use it's CallbackInfoReturnable
[22сент.2026 18:18:57.752] [main/DEBUG] [mixin/]: create.mixins.json:CustomItemUseEffectsMixin from mod create->@Inject::create$onTriggerUseEffects(Lnet/minecraft/world/item/ItemStack;ILorg/spongepowered/asm/mixin/injection/callback/CallbackInfo;)V does use it's CallbackInfo
[22сент.2026 18:18:57.752] [main/DEBUG] [mixin/]: create.mixins.json:LavaSwimmingMixin from mod create->@Inject::create$onLavaTravel(Lnet/minecraft/world/phys/Vec3;Lorg/spongepowered/asm/mixin/injection/callback/CallbackInfo;)V doesn't use it's CallbackInfo
[22сент.2026 18:18:57.752] [main/DEBUG] [mixin/]: create.mixins.json:LavaSwimmingMixin from mod create->@Inject::create$onLavaTravel(Lnet/minecraft/world/phys/Vec3;Lorg/spongepowered/asm/mixin/injection/callback/CallbackInfo;)V has 0 override(s) in child classes
[22сент.2026 18:18:57.752] [main/DEBUG] [mixin/]: create.mixins.json:LavaSwimmingMixin from mod create->@Inject::create$onLavaTravel(Lnet/minecraft/world/phys/Vec3;Lorg/spongepowered/asm/mixin/injection/callback/CallbackInfo;)V won't be passed a CallbackInfo as a result
[22сент.2026 18:18:57.799] [main/DEBUG] [mixin/]: Mixing entity.EntityMixin from creatingspace.mixins.json into net.minecraft.world.entity.Entity
[22сент.2026 18:18:57.800] [main/DEBUG] [mixin/]: creatingspace.mixins.json:entity.EntityMixin from mod creatingspace: Class version 65 required is higher than the class version supported by the current version of Mixin (JAVA_17 supports class version 61)
[22сент.2026 18:18:57.802] [main/DEBUG] [mixin/]: Mixing accessor.EntityAccessor from ponder-common.mixins.json into net.minecraft.world.entity.Entity
[22сент.2026 18:18:57.802] [main/DEBUG] [mixin/]: ponder-common.mixins.json:accessor.EntityAccessor from mod ponder: Class version 65 required is higher than the class version supported by the current version of Mixin (JAVA_17 supports class version 61)
[22сент.2026 18:18:57.802] [main/DEBUG] [mixin/]: Mixing EntityMixin from create.mixins.json into net.minecraft.world.entity.Entity
[22сент.2026 18:18:57.897] [main/DEBUG] [io.netty.util.internal.PlatformDependent0/]: -Dio.netty.noUnsafe: false
[22сент.2026 18:18:57.898] [main/DEBUG] [io.netty.util.internal.PlatformDependent0/]: Java version: 21
[22сент.2026 18:18:57.899] [main/DEBUG] [io.netty.util.internal.PlatformDependent0/]: sun.misc.Unsafe.theUnsafe: available
[22сент.2026 18:18:57.899] [main/DEBUG] [io.netty.util.internal.PlatformDependent0/]: sun.misc.Unsafe.copyMemory: available
[22сент.2026 18:18:57.900] [main/DEBUG] [io.netty.util.internal.PlatformDependent0/]: sun.misc.Unsafe.storeFence: available
[22сент.2026 18:18:57.900] [main/DEBUG] [io.netty.util.internal.PlatformDependent0/]: java.nio.Buffer.address: available
[22сент.2026 18:18:57.900] [main/DEBUG] [io.netty.util.internal.PlatformDependent0/]: direct buffer constructor: unavailable: Reflective setAccessible(true) disabled
[22сент.2026 18:18:57.901] [main/DEBUG] [io.netty.util.internal.PlatformDependent0/]: java.nio.Bits.unaligned: available, true
[22сент.2026 18:18:57.902] [main/DEBUG] [io.netty.util.internal.PlatformDependent0/]: jdk.internal.misc.Unsafe.allocateUninitializedArray(int): unavailable: class io.netty.util.internal.PlatformDependent0$7 (in module io.netty.common) cannot access class jdk.internal.misc.Unsafe (in module java.base) because module java.base does not export jdk.internal.misc to module io.netty.common
[22сент.2026 18:18:57.903] [main/DEBUG] [io.netty.util.internal.PlatformDependent0/]: java.nio.DirectByteBuffer.<init>(long, {int,long}): unavailable
[22сент.2026 18:18:57.903] [main/DEBUG] [io.netty.util.internal.PlatformDependent/]: sun.misc.Unsafe: available
[22сент.2026 18:18:57.904] [main/DEBUG] [io.netty.util.internal.PlatformDependent/]: maxDirectMemory: 8552185856 bytes (maybe)
[22сент.2026 18:18:57.904] [main/DEBUG] [io.netty.util.internal.PlatformDependent/]: -Dio.netty.tmpdir: C:\Users\trasa\AppData\Local\Temp (java.io.tmpdir)
[22сент.2026 18:18:57.904] [main/DEBUG] [io.netty.util.internal.PlatformDependent/]: -Dio.netty.bitMode: 64 (sun.arch.data.model)
[22сент.2026 18:18:57.904] [main/DEBUG] [io.netty.util.internal.PlatformDependent/]: Platform: Windows
[22сент.2026 18:18:57.912] [main/DEBUG] [io.netty.util.internal.PlatformDependent/]: -Dio.netty.maxDirectMemory: -1 bytes
[22сент.2026 18:18:57.913] [main/DEBUG] [io.netty.util.internal.PlatformDependent/]: -Dio.netty.uninitializedArrayAllocationThreshold: -1
[22сент.2026 18:18:57.915] [main/DEBUG] [io.netty.util.internal.CleanerJava9/]: java.nio.ByteBuffer.cleaner(): available
[22сент.2026 18:18:57.915] [main/DEBUG] [io.netty.util.internal.PlatformDependent/]: -Dio.netty.noPreferDirect: false
[22сент.2026 18:18:57.925] [main/DEBUG] [mixin/]: Mixing accessor.StateHolderAccessor from create.mixins.json into net.minecraft.world.level.block.state.StateHolder
[22сент.2026 18:18:57.943] [main/DEBUG] [mixin/]: Mixing accessor.ServerLevelAccessor from create.mixins.json into net.minecraft.server.level.ServerLevel
[22сент.2026 18:18:57.952] [main/DEBUG] [mixin/]: Mixing entity.gravity.ItemEntityMixin from creatingspace.mixins.json into net.minecraft.world.entity.item.ItemEntity
[22сент.2026 18:18:57.952] [main/DEBUG] [mixin/]: creatingspace.mixins.json:entity.gravity.ItemEntityMixin from mod creatingspace: Class version 65 required is higher than the class version supported by the current version of Mixin (JAVA_17 supports class version 61)
[22сент.2026 18:18:57.956] [main/DEBUG] [mixin/]: creatingspace.mixins.json:entity.gravity.ItemEntityMixin from mod creatingspace->@Inject::getDefaultGravity(Lorg/spongepowered/asm/mixin/injection/callback/CallbackInfoReturnable;)V does use it's CallbackInfoReturnable
[22сент.2026 18:18:58.200] [main/DEBUG] [mixin/]: Mixing accessor.DispenserBlockAccessor from create.mixins.json into net.minecraft.world.level.block.DispenserBlock
[22сент.2026 18:18:58.217] [main/DEBUG] [mixin/]: Mixing accessor.CropBlockAccessor from create.mixins.json into net.minecraft.world.level.block.CropBlock
[22сент.2026 18:18:58.273] [main/DEBUG] [mixin/]: Mixing accessor.ConcretePowderBlockAccessor from create.mixins.json into net.minecraft.world.level.block.ConcretePowderBlock
[22сент.2026 18:18:58.296] [main/DEBUG] [mixin/]: Mixing BeehiveBlockMixin from create.mixins.json into net.minecraft.world.level.block.BeehiveBlock
[22сент.2026 18:18:58.360] [main/DEBUG] [mixin/]: Mixing WaterWheelFluidSpreadMixin from create.mixins.json into net.minecraft.world.level.material.FlowingFluid
[22сент.2026 18:18:58.370] [main/DEBUG] [mixin/]: Mixing accessor.FlowingFluidAccessor from create.mixins.json into net.minecraft.world.level.material.FlowingFluid
[22сент.2026 18:18:58.373] [main/DEBUG] [mixin/]: create.mixins.json:WaterWheelFluidSpreadMixin from mod create->@Inject::create$canPassThroughOnWaterWheel(Lnet/minecraft/world/level/BlockGetter;Lnet/minecraft/world/level/material/Fluid;Lnet/minecraft/core/BlockPos;Lnet/minecraft/world/level/block/state/BlockState;Lnet/minecraft/core/Direction;Lnet/minecraft/core/BlockPos;Lnet/minecraft/world/level/block/state/BlockState;Lnet/minecraft/world/level/material/FluidState;Lorg/spongepowered/asm/mixin/injection/callback/CallbackInfoReturnable;)V does use it's CallbackInfoReturnable
[22сент.2026 18:18:58.424] [main/DEBUG] [mixin/]: Mixing entity.gravity.FallingBlockEntityMixin from creatingspace.mixins.json into net.minecraft.world.entity.item.FallingBlockEntity
[22сент.2026 18:18:58.424] [main/DEBUG] [mixin/]: creatingspace.mixins.json:entity.gravity.FallingBlockEntityMixin from mod creatingspace: Class version 65 required is higher than the class version supported by the current version of Mixin (JAVA_17 supports class version 61)
[22сент.2026 18:18:58.425] [main/DEBUG] [mixin/]: Mixing accessor.FallingBlockEntityAccessor from create.mixins.json into net.minecraft.world.entity.item.FallingBlockEntity
[22сент.2026 18:18:58.426] [main/DEBUG] [mixin/]: Renaming @Invoker method create$callInit(Lnet/minecraft/world/level/Level;DDDLnet/minecraft/world/level/block/state/BlockState;)Lnet/minecraft/world/entity/item/FallingBlockEntity; to callInit$create_$md$eb95d5$0 in create.mixins.json:accessor.FallingBlockEntityAccessor from mod create
[22сент.2026 18:18:58.427] [main/DEBUG] [mixin/]: creatingspace.mixins.json:entity.gravity.FallingBlockEntityMixin from mod creatingspace->@Inject::getDefaultGravity(Lorg/spongepowered/asm/mixin/injection/callback/CallbackInfoReturnable;)V does use it's CallbackInfoReturnable
[22сент.2026 18:18:58.682] [main/DEBUG] [mixin/]: Mixing accessor.MobEffectInstanceAccessor from create.mixins.json into net.minecraft.world.effect.MobEffectInstance
[22сент.2026 18:18:58.749] [main/DEBUG] [mixin/]: Mixing MobMixin from create.mixins.json into net.minecraft.world.entity.Mob
[22сент.2026 18:18:58.764] [main/DEBUG] [mixin/]: Mixing entity.gravity.PrimedTntMixin from creatingspace.mixins.json into net.minecraft.world.entity.item.PrimedTnt
[22сент.2026 18:18:58.765] [main/DEBUG] [mixin/]: creatingspace.mixins.json:entity.gravity.PrimedTntMixin from mod creatingspace: Class version 65 required is higher than the class version supported by the current version of Mixin (JAVA_17 supports class version 61)
[22сент.2026 18:18:58.766] [main/DEBUG] [mixin/]: creatingspace.mixins.json:entity.gravity.PrimedTntMixin from mod creatingspace->@Inject::getDefaultGravity(Lorg/spongepowered/asm/mixin/injection/callback/CallbackInfoReturnable;)V does use it's CallbackInfoReturnable
[22сент.2026 18:18:58.850] [main/DEBUG] [mixin/]: Mixing BlockEntityTypeAccessor from neoforge.mixins.json into net.minecraft.world.level.block.entity.BlockEntityType
[22сент.2026 18:18:59.068] [main/DEBUG] [mixin/]: Mixing ItemStackMixin from create.mixins.json into net.minecraft.world.item.ItemStack
[22сент.2026 18:18:59.069] [main/DEBUG] [mixin/]: Renaming synthetic method lambda$create$migrateOldClipboardComponents$0(Lcom/simibubi/create/content/equipment/clipboard/ClipboardContent;Lnet/minecraft/util/Unit;)Lcom/simibubi/create/content/equipment/clipboard/ClipboardContent; to mdeb95d5$create$lambda$create$migrateOldClipboardComponents$0$0 in create.mixins.json:ItemStackMixin from mod create
[22сент.2026 18:18:59.076] [main/DEBUG] [mixin/]: create.mixins.json:ItemStackMixin from mod create->@Inject::create$migrateOldClipboardComponents(Lnet/minecraft/world/level/ItemLike;ILnet/minecraft/core/component/PatchedDataComponentMap;Lorg/spongepowered/asm/mixin/injection/callback/CallbackInfo;)V doesn't use it's CallbackInfo
[22сент.2026 18:18:59.361] [main/DEBUG] [mixin/]: Mixing SmithingMenuMixin from create.mixins.json into net.minecraft.world.inventory.SmithingMenu
[22сент.2026 18:18:59.363] [main/DEBUG] [mixin/]: Renaming synthetic method lambda$create$preventUnbreakingOnBacktanks$0(Lnet/minecraft/world/item/ItemStack;Lnet/minecraft/core/Holder;)Z to mdeb95d5$create$lambda$create$preventUnbreakingOnBacktanks$0$0 in create.mixins.json:SmithingMenuMixin from mod create
[22сент.2026 18:18:59.368] [main/DEBUG] [mixin/]: create.mixins.json:SmithingMenuMixin from mod create->@Inject::create$awardAdvancementWhenTrimmingCardboardArmor(Lnet/minecraft/world/entity/player/Player;Lnet/minecraft/world/item/ItemStack;Lorg/spongepowered/asm/mixin/injection/callback/CallbackInfo;)V doesn't use it's CallbackInfo
[22сент.2026 18:18:59.368] [main/DEBUG] [mixin/]: create.mixins.json:SmithingMenuMixin from mod create->@Inject::create$awardAdvancementWhenTrimmingCardboardArmor(Lnet/minecraft/world/entity/player/Player;Lnet/minecraft/world/item/ItemStack;Lorg/spongepowered/asm/mixin/injection/callback/CallbackInfo;)V has 0 override(s) in child classes
[22сент.2026 18:18:59.368] [main/DEBUG] [mixin/]: create.mixins.json:SmithingMenuMixin from mod create->@Inject::create$awardAdvancementWhenTrimmingCardboardArmor(Lnet/minecraft/world/entity/player/Player;Lnet/minecraft/world/item/ItemStack;Lorg/spongepowered/asm/mixin/injection/callback/CallbackInfo;)V won't be passed a CallbackInfo as a result
[22сент.2026 18:19:00.126] [main/DEBUG] [mixin/]: Mixing BlockItemMixin from create.mixins.json into net.minecraft.world.item.BlockItem
[22сент.2026 18:19:00.129] [main/DEBUG] [mixin/]: create.mixins.json:BlockItemMixin from mod create->@Inject::create$fixDeployerPlacement(Lnet/minecraft/world/item/context/BlockPlaceContext;Lorg/spongepowered/asm/mixin/injection/callback/CallbackInfoReturnable;)V does use it's CallbackInfoReturnable
[22сент.2026 18:19:00.202] [main/DEBUG] [mixin/]: Mixing HolderSetNamedAccessor from dynamicdimensions.mixins.json into net.minecraft.core.HolderSet$Named
[22сент.2026 18:19:00.313] [main/DEBUG] [mixin/]: Mixing ArmorTrimMixin from create.mixins.json into net.minecraft.world.item.armortrim.ArmorTrim
[22сент.2026 18:19:00.314] [main/DEBUG] [mixin/]: Renaming synthetic method lambda$new$0(Ljava/lang/Boolean;Lnet/minecraft/core/Holder;)Lnet/minecraft/resources/ResourceLocation; to mdeb95d5$create$lambda$new$0$0 in create.mixins.json:ArmorTrimMixin from mod create
[22сент.2026 18:19:00.320] [main/DEBUG] [mixin/]: create.mixins.json:ArmorTrimMixin from mod create->@Inject::create$swapTexturesForCardboardTrimsInner(Lnet/minecraft/core/Holder;Lorg/spongepowered/asm/mixin/injection/callback/CallbackInfoReturnable;)V does use it's CallbackInfoReturnable
[22сент.2026 18:19:00.321] [main/DEBUG] [mixin/]: create.mixins.json:ArmorTrimMixin from mod create->@Inject::create$swapTexturesForCardboardTrimsOuter(Lnet/minecraft/core/Holder;Lorg/spongepowered/asm/mixin/injection/callback/CallbackInfoReturnable;)V does use it's CallbackInfoReturnable
[22сент.2026 18:19:00.381] [main/DEBUG] [mixin/]: Mixing accessor.UseOnContextAccessor from create.mixins.json into net.minecraft.world.item.context.UseOnContext
[22сент.2026 18:19:00.384] [main/DEBUG] [mixin/]: Mixing entity.gravity.BoatMixin from creatingspace.mixins.json into net.minecraft.world.entity.vehicle.Boat
[22сент.2026 18:19:00.384] [main/DEBUG] [mixin/]: creatingspace.mixins.json:entity.gravity.BoatMixin from mod creatingspace: Class version 65 required is higher than the class version supported by the current version of Mixin (JAVA_17 supports class version 61)
[22сент.2026 18:19:00.386] [main/DEBUG] [mixin/]: creatingspace.mixins.json:entity.gravity.BoatMixin from mod creatingspace->@Inject::getDefaultGravity(Lorg/spongepowered/asm/mixin/injection/callback/CallbackInfoReturnable;)V does use it's CallbackInfoReturnable
[22сент.2026 18:19:00.404] [main/DEBUG] [mixin/]: Mixing entity.gravity.MinecartMixin from creatingspace.mixins.json into net.minecraft.world.entity.vehicle.AbstractMinecart
[22сент.2026 18:19:00.405] [main/DEBUG] [mixin/]: creatingspace.mixins.json:entity.gravity.MinecartMixin from mod creatingspace: Class version 65 required is higher than the class version supported by the current version of Mixin (JAVA_17 supports class version 61)
[22сент.2026 18:19:00.407] [main/DEBUG] [mixin/]: creatingspace.mixins.json:entity.gravity.MinecartMixin from mod creatingspace->@Inject::getDefaultGravity(Lorg/spongepowered/asm/mixin/injection/callback/CallbackInfoReturnable;)V does use it's CallbackInfoReturnable
[22сент.2026 18:19:00.476] [main/DEBUG] [mixin/]: Mixing datafixer.BlockPosFormatAndRenamesFixMixin from create.mixins.json into net.minecraft.util.datafix.fixes.BlockPosFormatAndRenamesFix
[22сент.2026 18:19:00.476] [main/DEBUG] [mixin/]: Renaming synthetic method lambda$create$addFixers$2(Lcom/mojang/datafixers/OpticFinder;Lcom/simibubi/create/foundation/utility/DataFixerHelper$BlockPosFixer;Lcom/mojang/datafixers/Typed;)Lcom/mojang/datafixers/Typed; to mdeb95d5$create$lambda$create$addFixers$2$0 in create.mixins.json:datafixer.BlockPosFormatAndRenamesFixMixin from mod create
[22сент.2026 18:19:00.476] [main/DEBUG] [mixin/]: Renaming synthetic method lambda$create$addFixers$1(Lcom/simibubi/create/foundation/utility/DataFixerHelper$BlockPosFixer;Lcom/mojang/datafixers/Typed;)Lcom/mojang/datafixers/Typed; to mdeb95d5$create$lambda$create$addFixers$1$1 in create.mixins.json:datafixer.BlockPosFormatAndRenamesFixMixin from mod create
[22сент.2026 18:19:00.476] [main/DEBUG] [mixin/]: Renaming synthetic method lambda$create$addFixers$0(Lcom/simibubi/create/foundation/utility/DataFixerHelper$BlockPosFixer;Lcom/mojang/serialization/Dynamic;)Lcom/mojang/serialization/Dynamic; to mdeb95d5$create$lambda$create$addFixers$0$2 in create.mixins.json:datafixer.BlockPosFormatAndRenamesFixMixin from mod create
[22сент.2026 18:19:00.483] [main/DEBUG] [mixin/]: create.mixins.json:datafixer.BlockPosFormatAndRenamesFixMixin from mod create->@Inject::create$addFixers(Lorg/spongepowered/asm/mixin/injection/callback/CallbackInfoReturnable;)V doesn't use it's CallbackInfoReturnable
[22сент.2026 18:19:00.483] [main/DEBUG] [mixin/]: create.mixins.json:datafixer.BlockPosFormatAndRenamesFixMixin from mod create->@Inject::create$addFixers(Lorg/spongepowered/asm/mixin/injection/callback/CallbackInfoReturnable;)V has 0 override(s) in child classes
[22сент.2026 18:19:00.483] [main/DEBUG] [mixin/]: create.mixins.json:datafixer.BlockPosFormatAndRenamesFixMixin from mod create->@Inject::create$addFixers(Lorg/spongepowered/asm/mixin/injection/callback/CallbackInfoReturnable;)V won't be passed a CallbackInfoReturnable as a result
[22сент.2026 18:19:00.487] [main/DEBUG] [mixin/]: Mixing datafixer.ItemStackComponentizationFixMixin from create.mixins.json into net.minecraft.util.datafix.fixes.ItemStackComponentizationFix
[22сент.2026 18:19:00.488] [main/DEBUG] [mixin/]: Renaming synthetic method lambda$create$moveItemStackHandlerToItemContainerContents$4(Lcom/mojang/serialization/Dynamic;Lnet/minecraft/util/datafix/fixes/ItemStackComponentizationFix$ItemStackData;Ljava/lang/String;Lcom/mojang/serialization/Dynamic;)V to mdeb95d5$create$lambda$create$moveItemStackHandlerToItemContainerContents$4$0 in create.mixins.json:datafixer.ItemStackComponentizationFixMixin from mod create
[22сент.2026 18:19:00.488] [main/DEBUG] [mixin/]: Renaming synthetic method lambda$create$moveItemStackHandlerToItemContainerContents$3(Lcom/mojang/serialization/Dynamic;Ljava/util/List;Lcom/mojang/serialization/Dynamic;)V to mdeb95d5$create$lambda$create$moveItemStackHandlerToItemContainerContents$3$1 in create.mixins.json:datafixer.ItemStackComponentizationFixMixin from mod create
[22сент.2026 18:19:00.488] [main/DEBUG] [mixin/]: Renaming synthetic method lambda$create$moveTagToEnumComponent$2([Ljava/lang/Enum;Lnet/minecraft/util/datafix/fixes/ItemStackComponentizationFix$ItemStackData;Ljava/lang/String;Lcom/mojang/serialization/Dynamic;)V to mdeb95d5$create$lambda$create$moveTagToEnumComponent$2$2 in create.mixins.json:datafixer.ItemStackComponentizationFixMixin from mod create
[22сент.2026 18:19:00.489] [main/DEBUG] [mixin/]: Renaming synthetic method lambda$create$fixItemsAndTranslateNBTIntoComponents$1(Lnet/minecraft/util/datafix/fixes/ItemStackComponentizationFix$ItemStackData;Lcom/mojang/serialization/Dynamic;)V to mdeb95d5$create$lambda$create$fixItemsAndTranslateNBTIntoComponents$1$3 in create.mixins.json:datafixer.ItemStackComponentizationFixMixin from mod create
[22сент.2026 18:19:00.489] [main/DEBUG] [mixin/]: Renaming synthetic method lambda$create$fixItemsAndTranslateNBTIntoComponents$0(Lcom/mojang/serialization/Dynamic;Lnet/minecraft/util/datafix/fixes/ItemStackComponentizationFix$ItemStackData;Lcom/mojang/serialization/Dynamic;)V to mdeb95d5$create$lambda$create$fixItemsAndTranslateNBTIntoComponents$0$4 in create.mixins.json:datafixer.ItemStackComponentizationFixMixin from mod create
[22сент.2026 18:19:00.515] [main/DEBUG] [mixin/]: create.mixins.json:datafixer.ItemStackComponentizationFixMixin from mod create->@Inject::create$fixItemsAndTranslateNBTIntoComponents(Lnet/minecraft/util/datafix/fixes/ItemStackComponentizationFix$ItemStackData;Lcom/mojang/serialization/Dynamic;Lorg/spongepowered/asm/mixin/injection/callback/CallbackInfo;)V doesn't use it's CallbackInfo
[22сент.2026 18:19:00.728] [main/DEBUG] [mixin/]: Mixing datafixer.V1460Mixin from create.mixins.json into net.minecraft.util.datafix.schemas.V1460
[22сент.2026 18:19:00.731] [main/DEBUG] [mixin/]: create.mixins.json:datafixer.V1460Mixin from mod create->@Inject::create$registerEntitiesToBeFixed(Lcom/mojang/datafixers/schemas/Schema;Lorg/spongepowered/asm/mixin/injection/callback/CallbackInfoReturnable;)V does use it's CallbackInfoReturnable
[22сент.2026 18:19:00.731] [main/DEBUG] [mixin/]: create.mixins.json:datafixer.V1460Mixin from mod create->@Inject::create$registerBlockEntitiesToBeFixed(Lcom/mojang/datafixers/schemas/Schema;Lorg/spongepowered/asm/mixin/injection/callback/CallbackInfoReturnable;)V does use it's CallbackInfoReturnable
[22сент.2026 18:19:00.965] [main/DEBUG] [mixin/]: Mixing accessor.MinecartFurnaceAccessor from create.mixins.json into net.minecraft.world.entity.vehicle.MinecartFurnace
[22сент.2026 18:19:01.021] [main/DEBUG] [mixin/]: Mixing accessor.ItemFrameAccessor from create.mixins.json into net.minecraft.world.entity.decoration.ItemFrame
[22сент.2026 18:19:01.197] [main/DEBUG] [mixin/]: Mixing accessor.ItemStackHandlerAccessor from create.mixins.json into net.neoforged.neoforge.items.ItemStackHandler
[22сент.2026 18:19:01.215] [main/DEBUG] [mixin/]: Mixing recipe.SequencedAssemblyRecipeMixin from creatingspace.mixins.json into com.simibubi.create.content.processing.sequenced.SequencedAssemblyRecipe
[22сент.2026 18:19:01.215] [main/DEBUG] [mixin/]: creatingspace.mixins.json:recipe.SequencedAssemblyRecipeMixin from mod creatingspace: Class version 65 required is higher than the class version supported by the current version of Mixin (JAVA_17 supports class version 61)
[22сент.2026 18:19:01.218] [main/DEBUG] [mixin/]: creatingspace.mixins.json:recipe.SequencedAssemblyRecipeMixin from mod creatingspace->@Inject::addTagBack(Lnet/minecraft/resources/ResourceLocation;Lnet/minecraft/world/item/ItemStack;Lnet/minecraft/util/RandomSource;Lorg/spongepowered/asm/mixin/injection/callback/CallbackInfoReturnable;)V does use it's CallbackInfoReturnable
[22сент.2026 18:19:01.219] [main/DEBUG] [mixin/]: creatingspace.mixins.json:recipe.SequencedAssemblyRecipeMixin from mod creatingspace->@Inject::addTagBack(Lnet/minecraft/resources/ResourceLocation;Lnet/minecraft/world/item/ItemStack;Lnet/minecraft/util/RandomSource;Lorg/spongepowered/asm/mixin/injection/callback/CallbackInfoReturnable;)V does use it's CallbackInfoReturnable
[22сент.2026 18:19:01.498] [main/DEBUG] [mixin/]: Mixing accessor.ProjectileDispenseBehaviorAccessor from create.mixins.json into net.minecraft.core.dispenser.ProjectileDispenseBehavior
[22сент.2026 18:19:01.548] [main/DEBUG] [mixin/]: Mixing accessor.ShapedRecipeAccessor from create.mixins.json into net.minecraft.world.item.crafting.ShapedRecipe
[22сент.2026 18:19:01.626] [main/DEBUG] [mixin/]: Mixing EnchantedCountIncreaseFunctionMixin from create.mixins.json into net.minecraft.world.level.storage.loot.functions.EnchantedCountIncreaseFunction
[22сент.2026 18:19:01.629] [main/DEBUG] [mixin/]: create.mixins.json:EnchantedCountIncreaseFunctionMixin from mod create->@Inject::create$crushingWheelLooting(Lnet/minecraft/world/item/ItemStack;Lnet/minecraft/world/level/storage/loot/LootContext;Lorg/spongepowered/asm/mixin/injection/callback/CallbackInfoReturnable;)V doesn't use it's CallbackInfoReturnable
[22сент.2026 18:19:01.629] [main/DEBUG] [mixin/]: create.mixins.json:EnchantedCountIncreaseFunctionMixin from mod create->@Inject::create$crushingWheelLooting(Lnet/minecraft/world/item/ItemStack;Lnet/minecraft/world/level/storage/loot/LootContext;Lorg/spongepowered/asm/mixin/injection/callback/CallbackInfoReturnable;)V has 0 override(s) in child classes
[22сент.2026 18:19:01.629] [main/DEBUG] [mixin/]: create.mixins.json:EnchantedCountIncreaseFunctionMixin from mod create->@Inject::create$crushingWheelLooting(Lnet/minecraft/world/item/ItemStack;Lnet/minecraft/world/level/storage/loot/LootContext;Lorg/spongepowered/asm/mixin/injection/callback/CallbackInfoReturnable;)V won't be passed a CallbackInfoReturnable as a result
[22сент.2026 18:19:02.265] [main/DEBUG] [mixin/]: Mixing MinecraftServerAccessor from dynamicdimensions.mixins.json into net.minecraft.server.MinecraftServer
[22сент.2026 18:19:02.266] [main/DEBUG] [mixin/]: Mixing MinecraftServerMixin from dynamicdimensions.mixins.json into net.minecraft.server.MinecraftServer
[22сент.2026 18:19:02.267] [main/DEBUG] [mixin/]: Renaming synthetic method lambda$registerLevel$0()Z to mdeb95d5$dynamicdimensions$lambda$registerLevel$0$0 in dynamicdimensions.mixins.json:MinecraftServerMixin from mod dynamicdimensions
[22сент.2026 18:19:02.276] [main/DEBUG] [mixin/]: Mixing accessor.MinecraftServerAccessor from ponder-common.mixins.json into net.minecraft.server.MinecraftServer
[22сент.2026 18:19:02.276] [main/DEBUG] [mixin/]: ponder-common.mixins.json:accessor.MinecraftServerAccessor from mod ponder: Class version 65 required is higher than the class version supported by the current version of Mixin (JAVA_17 supports class version 61)
[22сент.2026 18:19:02.295] [main/DEBUG] [mixin/]: dynamicdimensions.mixins.json:MinecraftServerMixin from mod dynamicdimensions->@Inject::initDynamicDimensions(Ljava/lang/Thread;Lnet/minecraft/world/level/storage/LevelStorageSource$LevelStorageAccess;Lnet/minecraft/server/packs/repository/PackRepository;Lnet/minecraft/server/WorldStem;Ljava/net/Proxy;Lcom/mojang/datafixers/DataFixer;Lnet/minecraft/server/Services;Lnet/minecraft/server/level/progress/ChunkProgressListenerFactory;Lorg/spongepowered/asm/mixin/injection/callback/CallbackInfo;)V doesn't use it's CallbackInfo
[22сент.2026 18:19:02.295] [main/DEBUG] [mixin/]: dynamicdimensions.mixins.json:MinecraftServerMixin from mod dynamicdimensions->@Inject::initDynamicDimensions(Ljava/lang/Thread;Lnet/minecraft/world/level/storage/LevelStorageSource$LevelStorageAccess;Lnet/minecraft/server/packs/repository/PackRepository;Lnet/minecraft/server/WorldStem;Ljava/net/Proxy;Lcom/mojang/datafixers/DataFixer;Lnet/minecraft/server/Services;Lnet/minecraft/server/level/progress/ChunkProgressListenerFactory;Lorg/spongepowered/asm/mixin/injection/callback/CallbackInfo;)V has 0 override(s) in child classes
[22сент.2026 18:19:02.295] [main/DEBUG] [mixin/]: dynamicdimensions.mixins.json:MinecraftServerMixin from mod dynamicdimensions->@Inject::initDynamicDimensions(Ljava/lang/Thread;Lnet/minecraft/world/level/storage/LevelStorageSource$LevelStorageAccess;Lnet/minecraft/server/packs/repository/PackRepository;Lnet/minecraft/server/WorldStem;Ljava/net/Proxy;Lcom/mojang/datafixers/DataFixer;Lnet/minecraft/server/Services;Lnet/minecraft/server/level/progress/ChunkProgressListenerFactory;Lorg/spongepowered/asm/mixin/injection/callback/CallbackInfo;)V won't be passed a CallbackInfo as a result
[22сент.2026 18:19:02.295] [main/DEBUG] [mixin/]: dynamicdimensions.mixins.json:MinecraftServerMixin from mod dynamicdimensions->@Inject::loadDynamicDimensions(Lnet/minecraft/server/level/progress/ChunkProgressListener;Lorg/spongepowered/asm/mixin/injection/callback/CallbackInfo;)V doesn't use it's CallbackInfo
[22сент.2026 18:19:02.295] [main/DEBUG] [mixin/]: dynamicdimensions.mixins.json:MinecraftServerMixin from mod dynamicdimensions->@Inject::loadDynamicDimensions(Lnet/minecraft/server/level/progress/ChunkProgressListener;Lorg/spongepowered/asm/mixin/injection/callback/CallbackInfo;)V has 0 override(s) in child classes
[22сент.2026 18:19:02.295] [main/DEBUG] [mixin/]: dynamicdimensions.mixins.json:MinecraftServerMixin from mod dynamicdimensions->@Inject::loadDynamicDimensions(Lnet/minecraft/server/level/progress/ChunkProgressListener;Lorg/spongepowered/asm/mixin/injection/callback/CallbackInfo;)V won't be passed a CallbackInfo as a result
[22сент.2026 18:19:02.295] [main/DEBUG] [mixin/]: dynamicdimensions.mixins.json:MinecraftServerMixin from mod dynamicdimensions->@Inject::addLevels(Ljava/util/function/BooleanSupplier;Lorg/spongepowered/asm/mixin/injection/callback/CallbackInfo;)V doesn't use it's CallbackInfo
[22сент.2026 18:19:02.295] [main/DEBUG] [mixin/]: dynamicdimensions.mixins.json:MinecraftServerMixin from mod dynamicdimensions->@Inject::addLevels(Ljava/util/function/BooleanSupplier;Lorg/spongepowered/asm/mixin/injection/callback/CallbackInfo;)V has 0 override(s) in child classes
[22сент.2026 18:19:02.295] [main/DEBUG] [mixin/]: dynamicdimensions.mixins.json:MinecraftServerMixin from mod dynamicdimensions->@Inject::addLevels(Ljava/util/function/BooleanSupplier;Lorg/spongepowered/asm/mixin/injection/callback/CallbackInfo;)V won't be passed a CallbackInfo as a result
[22сент.2026 18:19:02.295] [main/DEBUG] [mixin/]: dynamicdimensions.mixins.json:MinecraftServerMixin from mod dynamicdimensions->@Inject::markTickingLevels(Ljava/util/function/BooleanSupplier;Lorg/spongepowered/asm/mixin/injection/callback/CallbackInfo;)V doesn't use it's CallbackInfo
[22сент.2026 18:19:02.295] [main/DEBUG] [mixin/]: dynamicdimensions.mixins.json:MinecraftServerMixin from mod dynamicdimensions->@Inject::markTickingLevels(Ljava/util/function/BooleanSupplier;Lorg/spongepowered/asm/mixin/injection/callback/CallbackInfo;)V has 0 override(s) in child classes
[22сент.2026 18:19:02.295] [main/DEBUG] [mixin/]: dynamicdimensions.mixins.json:MinecraftServerMixin from mod dynamicdimensions->@Inject::markTickingLevels(Ljava/util/function/BooleanSupplier;Lorg/spongepowered/asm/mixin/injection/callback/CallbackInfo;)V won't be passed a CallbackInfo as a result
[22сент.2026 18:19:02.295] [main/DEBUG] [mixin/]: dynamicdimensions.mixins.json:MinecraftServerMixin from mod dynamicdimensions->@Inject::markNotTickingLevels(Ljava/util/function/BooleanSupplier;Lorg/spongepowered/asm/mixin/injection/callback/CallbackInfo;)V doesn't use it's CallbackInfo
[22сент.2026 18:19:02.295] [main/DEBUG] [mixin/]: dynamicdimensions.mixins.json:MinecraftServerMixin from mod dynamicdimensions->@Inject::markNotTickingLevels(Ljava/util/function/BooleanSupplier;Lorg/spongepowered/asm/mixin/injection/callback/CallbackInfo;)V has 0 override(s) in child classes
[22сент.2026 18:19:02.295] [main/DEBUG] [mixin/]: dynamicdimensions.mixins.json:MinecraftServerMixin from mod dynamicdimensions->@Inject::markNotTickingLevels(Ljava/util/function/BooleanSupplier;Lorg/spongepowered/asm/mixin/injection/callback/CallbackInfo;)V won't be passed a CallbackInfo as a result
[22сент.2026 18:19:02.329] [main/DEBUG] [mixin/]: Mixing MapItemSavedDataMixin from create.mixins.json into net.minecraft.world.level.saveddata.maps.MapItemSavedData
[22сент.2026 18:19:02.338] [main/DEBUG] [mixin/]: create.mixins.json:MapItemSavedDataMixin from mod create->@Inject::create$onLoad(Lnet/minecraft/nbt/CompoundTag;Lnet/minecraft/core/HolderLookup$Provider;Lorg/spongepowered/asm/mixin/injection/callback/CallbackInfoReturnable;)V does use it's CallbackInfoReturnable
[22сент.2026 18:19:02.338] [main/DEBUG] [mixin/]: create.mixins.json:MapItemSavedDataMixin from mod create->@Inject::create$onSave(Lnet/minecraft/nbt/CompoundTag;Lnet/minecraft/core/HolderLookup$Provider;Lorg/spongepowered/asm/mixin/injection/callback/CallbackInfoReturnable;)V doesn't use it's CallbackInfoReturnable
[22сент.2026 18:19:02.338] [main/DEBUG] [mixin/]: create.mixins.json:MapItemSavedDataMixin from mod create->@Inject::create$onSave(Lnet/minecraft/nbt/CompoundTag;Lnet/minecraft/core/HolderLookup$Provider;Lorg/spongepowered/asm/mixin/injection/callback/CallbackInfoReturnable;)V has 0 override(s) in child classes
[22сент.2026 18:19:02.338] [main/DEBUG] [mixin/]: create.mixins.json:MapItemSavedDataMixin from mod create->@Inject::create$onSave(Lnet/minecraft/nbt/CompoundTag;Lnet/minecraft/core/HolderLookup$Provider;Lorg/spongepowered/asm/mixin/injection/callback/CallbackInfoReturnable;)V won't be passed a CallbackInfoReturnable as a result
[22сент.2026 18:19:02.338] [main/DEBUG] [mixin/]: create.mixins.json:MapItemSavedDataMixin from mod create->@Inject::create$onCheckBanners(Lnet/minecraft/world/level/BlockGetter;IILorg/spongepowered/asm/mixin/injection/callback/CallbackInfo;)V doesn't use it's CallbackInfo
[22сент.2026 18:19:02.338] [main/DEBUG] [mixin/]: create.mixins.json:MapItemSavedDataMixin from mod create->@Inject::create$onCheckBanners(Lnet/minecraft/world/level/BlockGetter;IILorg/spongepowered/asm/mixin/injection/callback/CallbackInfo;)V has 0 override(s) in child classes
[22сент.2026 18:19:02.338] [main/DEBUG] [mixin/]: create.mixins.json:MapItemSavedDataMixin from mod create->@Inject::create$onCheckBanners(Lnet/minecraft/world/level/BlockGetter;IILorg/spongepowered/asm/mixin/injection/callback/CallbackInfo;)V won't be passed a CallbackInfo as a result
[22сент.2026 18:19:02.342] [main/DEBUG] [mixin/]: Mixing ServerChunkCacheAccessor from dynamicdimensions.mixins.json into net.minecraft.server.level.ServerChunkCache
[22сент.2026 18:19:02.726] [main/WARN] [net.minecraft.commands.Commands/]: Ambiguity between arguments [teleport, location] and [teleport, destination] with inputs: [0.1 -0.5 .9, 0 0 0]
[22сент.2026 18:19:02.727] [main/WARN] [net.minecraft.commands.Commands/]: Ambiguity between arguments [teleport, location] and [teleport, targets] with inputs: [0.1 -0.5 .9, 0 0 0]
[22сент.2026 18:19:02.730] [main/WARN] [net.minecraft.commands.Commands/]: Ambiguity between arguments [teleport, destination] and [teleport, targets] with inputs: [Player, 0123, @e, dd12be42-52a9-4a91-a8a1-11c01849e498]
[22сент.2026 18:19:02.730] [main/WARN] [net.minecraft.commands.Commands/]: Ambiguity between arguments [teleport, targets] and [teleport, destination] with inputs: [Player, 0123, dd12be42-52a9-4a91-a8a1-11c01849e498]
[22сент.2026 18:19:02.731] [main/WARN] [net.minecraft.commands.Commands/]: Ambiguity between arguments [teleport, targets, location] and [teleport, targets, destination] with inputs: [0.1 -0.5 .9, 0 0 0]
[22сент.2026 18:19:02.762] [main/DEBUG] [net.neoforged.fml.ModWorkManager/LOADING]: Using 16 threads for parallel mod-loading
[22сент.2026 18:19:02.775] [main/DEBUG] [net.neoforged.fml.javafmlmod.FMLModContainer/LOADING]: Creating FMLModContainer instance for [lol.bai.badpackets.impl.neo.NeoBadPackets]
[22сент.2026 18:19:02.778] [main/DEBUG] [net.neoforged.fml.javafmlmod.FMLModContainer/LOADING]: Creating FMLModContainer instance for [com.rae.creatingspace.CreatingSpace]
[22сент.2026 18:19:02.778] [main/DEBUG] [net.neoforged.fml.javafmlmod.FMLModContainer/LOADING]: Creating FMLModContainer instance for []
[22сент.2026 18:19:02.778] [main/DEBUG] [net.neoforged.fml.javafmlmod.FMLModContainer/LOADING]: Creating FMLModContainer instance for [dev.galacticraft.dynamicdimensions.impl.forge.DynamicDimensionsForge]
[22сент.2026 18:19:02.779] [main/DEBUG] [net.neoforged.fml.javafmlmod.FMLModContainer/LOADING]: Creating FMLModContainer instance for [net.createmod.ponder.NeoForgePonder]
[22сент.2026 18:19:02.780] [main/DEBUG] [net.neoforged.fml.javafmlmod.FMLModContainer/LOADING]: Creating FMLModContainer instance for [com.simibubi.create.Create]
[22сент.2026 18:19:02.780] [main/DEBUG] [net.neoforged.fml.javafmlmod.FMLModContainer/LOADING]: Creating FMLModContainer instance for [net.neoforged.neoforge.common.NeoForgeMod]
[22сент.2026 18:19:02.782] [main/DEBUG] [net.neoforged.fml.javafmlmod.FMLModContainer/LOADING]: Creating FMLModContainer instance for [com.modscreating.unlimitedspace.UnlimitedSpace]
[22сент.2026 18:19:02.786] [modloading-worker-0/DEBUG] [net.neoforged.fml.javafmlmod.AutomaticEventSubscriber/LOADING]: Attempting to inject @EventBusSubscriber classes into the eventbus for flywheel
[22сент.2026 18:19:02.786] [modloading-worker-0/DEBUG] [net.neoforged.fml.javafmlmod.AutomaticEventSubscriber/LOADING]: Attempting to inject @EventBusSubscriber classes into the eventbus for badpackets
[22сент.2026 18:19:02.811] [modloading-worker-0/DEBUG] [net.neoforged.neoforge.internal.versions.neoforge.NeoForgeVersion/CORE]: Found NeoForge version 21.1.248
[22сент.2026 18:19:02.811] [modloading-worker-0/DEBUG] [net.neoforged.neoforge.internal.versions.neoforge.NeoForgeVersion/CORE]: Found FML version 4.0.43
[22сент.2026 18:19:02.811] [modloading-worker-0/INFO] [net.neoforged.neoforge.common.NeoForgeMod/NEOFORGE-MOD]: NeoForge mod loading, version 21.1.248, for MC 1.21.1
[22сент.2026 18:19:02.815] [modloading-worker-0/DEBUG] [net.neoforged.fml.config.ConfigTracker/CONFIG]: Config file dynamicdimensions-common.toml for dynamicdimensions tracking
[22сент.2026 18:19:02.815] [modloading-worker-0/DEBUG] [net.neoforged.fml.config.ConfigTracker/CONFIG]: Config file ponder-client.toml for ponder tracking
[22сент.2026 18:19:02.815] [modloading-worker-0/DEBUG] [net.neoforged.fml.javafmlmod.AutomaticEventSubscriber/LOADING]: Attempting to inject @EventBusSubscriber classes into the eventbus for ponder
[22сент.2026 18:19:02.815] [modloading-worker-0/DEBUG] [net.neoforged.fml.javafmlmod.AutomaticEventSubscriber/LOADING]: Scanning class net.createmod.ponder.NeoForgePonder$ModBusEvents for @SubscribeEvent-annotated methods
[22сент.2026 18:19:02.817] [modloading-worker-0/DEBUG] [net.neoforged.fml.javafmlmod.AutomaticEventSubscriber/]: Subscribing @EventBusSubscriber class Lnet/createmod/ponder/NeoForgePonder$ModBusEvents; to the mod event bus of mod ponder
[22сент.2026 18:19:02.819] [modloading-worker-0/DEBUG] [net.neoforged.fml.config.ConfigTracker/CONFIG]: Config file neoforge-client.toml for neoforge tracking
[22сент.2026 18:19:02.819] [modloading-worker-0/DEBUG] [net.neoforged.fml.config.ConfigTracker/CONFIG]: Config file neoforge-server.toml for neoforge tracking
[22сент.2026 18:19:02.819] [modloading-worker-0/DEBUG] [net.neoforged.fml.config.ConfigTracker/CONFIG]: Config file neoforge-common.toml for neoforge tracking
[22сент.2026 18:19:02.820] [modloading-worker-0/DEBUG] [net.neoforged.fml.javafmlmod.AutomaticEventSubscriber/LOADING]: Attempting to inject @EventBusSubscriber classes into the eventbus for dynamicdimensions
[22сент.2026 18:19:02.821] [modloading-worker-0/DEBUG] [net.neoforged.fml.javafmlmod.AutomaticEventSubscriber/LOADING]: Scanning class net.createmod.ponder.NeoForgePonder$Events for @SubscribeEvent-annotated methods
[22сент.2026 18:19:02.821] [modloading-worker-0/DEBUG] [net.neoforged.fml.javafmlmod.AutomaticEventSubscriber/]: Subscribing @EventBusSubscriber class Lnet/createmod/ponder/NeoForgePonder$Events; to the game event bus
[22сент.2026 18:19:02.822] [modloading-worker-0/INFO] [com.simibubi.create.Create/]: Create 6.0.9 initializing! Commit hash: bedec48bb3ac00f6d9f280cddb6b9a692c09db7f
[22сент.2026 18:19:02.848] [modloading-worker-0/DEBUG] [net.neoforged.fml.config.ConfigTracker/CONFIG]: Config file unlimitedspace-common.toml for unlimitedspace tracking
[22сент.2026 18:19:02.851] [modloading-worker-0/DEBUG] [net.neoforged.fml.config.ConfigTracker/CONFIG]: Config file unlimitedspace-server.toml for unlimitedspace tracking
[22сент.2026 18:19:02.865] [modloading-worker-0/DEBUG] [net.neoforged.fml.javafmlmod.AutomaticEventSubscriber/LOADING]: Attempting to inject @EventBusSubscriber classes into the eventbus for neoforge
[22сент.2026 18:19:02.865] [modloading-worker-0/DEBUG] [net.neoforged.fml.javafmlmod.AutomaticEventSubscriber/LOADING]: Scanning class net.neoforged.neoforge.network.filters.GenericPacketSplitter for @SubscribeEvent-annotated methods
[22сент.2026 18:19:02.873] [modloading-worker-0/DEBUG] [net.neoforged.fml.config.ConfigTracker/CONFIG]: Config file unlimitedspace-planet.toml for unlimitedspace tracking
[22сент.2026 18:19:02.873] [modloading-worker-0/DEBUG] [net.neoforged.fml.javafmlmod.AutomaticEventSubscriber/LOADING]: Attempting to inject @EventBusSubscriber classes into the eventbus for unlimitedspace
[22сент.2026 18:19:02.873] [modloading-worker-0/DEBUG] [net.neoforged.fml.javafmlmod.AutomaticEventSubscriber/LOADING]: Scanning class com.modscreating.unlimitedspace.block.USRocketContraptionInteractorInjector for @SubscribeEvent-annotated methods
[22сент.2026 18:19:02.876] [modloading-worker-0/DEBUG] [mixin/]: Mixing entity.ContraptionMixin from creatingspace.mixins.json into com.simibubi.create.content.contraptions.Contraption
[22сент.2026 18:19:02.876] [modloading-worker-0/DEBUG] [mixin/]: creatingspace.mixins.json:entity.ContraptionMixin from mod creatingspace: Class version 65 required is higher than the class version supported by the current version of Mixin (JAVA_17 supports class version 61)
[22сент.2026 18:19:02.880] [modloading-worker-0/DEBUG] [mixin/]: creatingspace.mixins.json:entity.ContraptionMixin from mod creatingspace->@Inject::gettingPos(Lnet/minecraft/world/level/Level;Lnet/minecraft/core/Direction;Ljava/util/Queue;Ljava/util/Set;Lorg/spongepowered/asm/mixin/injection/callback/CallbackInfoReturnable;)V doesn't use it's CallbackInfoReturnable
[22сент.2026 18:19:02.881] [modloading-worker-0/DEBUG] [mixin/]: creatingspace.mixins.json:entity.ContraptionMixin from mod creatingspace->@Inject::gettingPos(Lnet/minecraft/world/level/Level;Lnet/minecraft/core/Direction;Ljava/util/Queue;Ljava/util/Set;Lorg/spongepowered/asm/mixin/injection/callback/CallbackInfoReturnable;)V has 0 override(s) in child classes
[22сент.2026 18:19:02.881] [modloading-worker-0/DEBUG] [mixin/]: creatingspace.mixins.json:entity.ContraptionMixin from mod creatingspace->@Inject::gettingPos(Lnet/minecraft/world/level/Level;Lnet/minecraft/core/Direction;Ljava/util/Queue;Ljava/util/Set;Lorg/spongepowered/asm/mixin/injection/callback/CallbackInfoReturnable;)V won't be passed a CallbackInfoReturnable as a result
[22сент.2026 18:19:02.881] [modloading-worker-0/DEBUG] [mixin/]: creatingspace.mixins.json:entity.ContraptionMixin from mod creatingspace->@Inject::onMoveBlock(Lnet/minecraft/world/level/Level;Lnet/minecraft/core/Direction;Ljava/util/Queue;Ljava/util/Set;Lorg/spongepowered/asm/mixin/injection/callback/CallbackInfoReturnable;)V doesn't use it's CallbackInfoReturnable
[22сент.2026 18:19:02.881] [modloading-worker-0/DEBUG] [mixin/]: creatingspace.mixins.json:entity.ContraptionMixin from mod creatingspace->@Inject::onMoveBlock(Lnet/minecraft/world/level/Level;Lnet/minecraft/core/Direction;Ljava/util/Queue;Ljava/util/Set;Lorg/spongepowered/asm/mixin/injection/callback/CallbackInfoReturnable;)V has 0 override(s) in child classes
[22сент.2026 18:19:02.881] [modloading-worker-0/DEBUG] [mixin/]: creatingspace.mixins.json:entity.ContraptionMixin from mod creatingspace->@Inject::onMoveBlock(Lnet/minecraft/world/level/Level;Lnet/minecraft/core/Direction;Ljava/util/Queue;Ljava/util/Set;Lorg/spongepowered/asm/mixin/injection/callback/CallbackInfoReturnable;)V won't be passed a CallbackInfoReturnable as a result
[22сент.2026 18:19:02.904] [modloading-worker-0/DEBUG] [io.netty.buffer.AbstractByteBuf/]: -Dio.netty.buffer.checkAccessible: true
[22сент.2026 18:19:02.904] [modloading-worker-0/DEBUG] [io.netty.buffer.AbstractByteBuf/]: -Dio.netty.buffer.checkBounds: true
[22сент.2026 18:19:02.904] [modloading-worker-0/DEBUG] [net.neoforged.fml.javafmlmod.AutomaticEventSubscriber/]: Subscribing @EventBusSubscriber class Lcom/modscreating/unlimitedspace/block/USRocketContraptionInteractorInjector; to the game event bus
[22сент.2026 18:19:02.905] [modloading-worker-0/DEBUG] [net.neoforged.fml.javafmlmod.AutomaticEventSubscriber/LOADING]: Scanning class com.modscreating.unlimitedspace.block.USRocketControlEntityInteraction for @SubscribeEvent-annotated methods
[22сент.2026 18:19:02.905] [modloading-worker-0/DEBUG] [io.netty.util.ResourceLeakDetectorFactory/]: Loaded default ResourceLeakDetector: io.netty.util.ResourceLeakDetector@7739b582
[22сент.2026 18:19:02.906] [modloading-worker-0/DEBUG] [net.neoforged.fml.javafmlmod.AutomaticEventSubscriber/]: Subscribing @EventBusSubscriber class Lcom/modscreating/unlimitedspace/block/USRocketControlEntityInteraction; to the game event bus
[22сент.2026 18:19:02.907] [modloading-worker-0/DEBUG] [net.neoforged.fml.javafmlmod.AutomaticEventSubscriber/LOADING]: Scanning class com.modscreating.unlimitedspace.command.GalaxyCommands for @SubscribeEvent-annotated methods
[22сент.2026 18:19:02.923] [modloading-worker-0/DEBUG] [net.neoforged.fml.javafmlmod.AutomaticEventSubscriber/]: Subscribing @EventBusSubscriber class Lcom/modscreating/unlimitedspace/command/GalaxyCommands; to the game event bus
[22сент.2026 18:19:02.924] [modloading-worker-0/DEBUG] [net.neoforged.fml.javafmlmod.AutomaticEventSubscriber/LOADING]: Scanning class com.modscreating.unlimitedspace.cs.ProceduralOrbitFallGuard for @SubscribeEvent-annotated methods
[22сент.2026 18:19:02.926] [modloading-worker-0/DEBUG] [mixin/]: Mixing accessor.BlockLootSubProviderAccessor from create.mixins.json into net.minecraft.data.loot.BlockLootSubProvider
[22сент.2026 18:19:02.926] [modloading-worker-0/DEBUG] [net.neoforged.fml.javafmlmod.AutomaticEventSubscriber/]: Subscribing @EventBusSubscriber class Lcom/modscreating/unlimitedspace/cs/ProceduralOrbitFallGuard; to the game event bus
[22сент.2026 18:19:02.927] [modloading-worker-0/DEBUG] [net.neoforged.fml.javafmlmod.AutomaticEventSubscriber/LOADING]: Scanning class com.modscreating.unlimitedspace.cs.ProceduralPlayerReconnectHandler for @SubscribeEvent-annotated methods
[22сент.2026 18:19:02.928] [modloading-worker-0/DEBUG] [net.neoforged.fml.javafmlmod.AutomaticEventSubscriber/]: Subscribing @EventBusSubscriber class Lcom/modscreating/unlimitedspace/cs/ProceduralPlayerReconnectHandler; to the game event bus
[22сент.2026 18:19:02.929] [modloading-worker-0/DEBUG] [io.netty.util.internal.InternalThreadLocalMap/]: -Dio.netty.threadLocalMap.stringBuilder.initialSize: 1024
[22сент.2026 18:19:02.929] [modloading-worker-0/DEBUG] [io.netty.util.internal.InternalThreadLocalMap/]: -Dio.netty.threadLocalMap.stringBuilder.maxSize: 4096
[22сент.2026 18:19:02.929] [modloading-worker-0/DEBUG] [net.neoforged.fml.javafmlmod.AutomaticEventSubscriber/LOADING]: Scanning class com.modscreating.unlimitedspace.cs.RocketDestinationWorldWatchdog for @SubscribeEvent-annotated methods
[22сент.2026 18:19:02.931] [modloading-worker-0/DEBUG] [net.neoforged.fml.javafmlmod.AutomaticEventSubscriber/]: Subscribing @EventBusSubscriber class Lcom/modscreating/unlimitedspace/cs/RocketDestinationWorldWatchdog; to the game event bus
[22сент.2026 18:19:02.931] [modloading-worker-0/DEBUG] [net.neoforged.fml.javafmlmod.AutomaticEventSubscriber/LOADING]: Scanning class com.modscreating.unlimitedspace.cs.RocketFlightTracer for @SubscribeEvent-annotated methods
[22сент.2026 18:19:02.932] [modloading-worker-0/DEBUG] [net.neoforged.fml.javafmlmod.AutomaticEventSubscriber/]: Subscribing @EventBusSubscriber class Lcom/modscreating/unlimitedspace/cs/RocketFlightTracer; to the game event bus
[22сент.2026 18:19:02.933] [modloading-worker-0/DEBUG] [net.neoforged.fml.javafmlmod.AutomaticEventSubscriber/LOADING]: Scanning class com.modscreating.unlimitedspace.worldgen.star.StarSurfacePhysicsGuard for @SubscribeEvent-annotated methods
[22сент.2026 18:19:02.934] [modloading-worker-0/DEBUG] [net.neoforged.fml.javafmlmod.AutomaticEventSubscriber/]: Subscribing @EventBusSubscriber class Lcom/modscreating/unlimitedspace/worldgen/star/StarSurfacePhysicsGuard; to the game event bus
[22сент.2026 18:19:02.935] [modloading-worker-0/DEBUG] [io.netty.buffer.PooledByteBufAllocator/]: -Dio.netty.allocator.numHeapArenas: 32
[22сент.2026 18:19:02.936] [modloading-worker-0/DEBUG] [io.netty.buffer.PooledByteBufAllocator/]: -Dio.netty.allocator.numDirectArenas: 32
[22сент.2026 18:19:02.936] [modloading-worker-0/DEBUG] [io.netty.buffer.PooledByteBufAllocator/]: -Dio.netty.allocator.pageSize: 8192
[22сент.2026 18:19:02.936] [modloading-worker-0/DEBUG] [io.netty.buffer.PooledByteBufAllocator/]: -Dio.netty.allocator.maxOrder: 9
[22сент.2026 18:19:02.936] [modloading-worker-0/DEBUG] [io.netty.buffer.PooledByteBufAllocator/]: -Dio.netty.allocator.chunkSize: 4194304
[22сент.2026 18:19:02.936] [modloading-worker-0/DEBUG] [io.netty.buffer.PooledByteBufAllocator/]: -Dio.netty.allocator.smallCacheSize: 256
[22сент.2026 18:19:02.936] [modloading-worker-0/DEBUG] [io.netty.buffer.PooledByteBufAllocator/]: -Dio.netty.allocator.normalCacheSize: 64
[22сент.2026 18:19:02.936] [modloading-worker-0/DEBUG] [io.netty.buffer.PooledByteBufAllocator/]: -Dio.netty.allocator.maxCachedBufferCapacity: 32768
[22сент.2026 18:19:02.936] [modloading-worker-0/DEBUG] [io.netty.buffer.PooledByteBufAllocator/]: -Dio.netty.allocator.cacheTrimInterval: 8192
[22сент.2026 18:19:02.936] [modloading-worker-0/DEBUG] [io.netty.buffer.PooledByteBufAllocator/]: -Dio.netty.allocator.cacheTrimIntervalMillis: 0
[22сент.2026 18:19:02.936] [modloading-worker-0/DEBUG] [io.netty.buffer.PooledByteBufAllocator/]: -Dio.netty.allocator.useCacheForAllThreads: false
[22сент.2026 18:19:02.936] [modloading-worker-0/DEBUG] [io.netty.buffer.PooledByteBufAllocator/]: -Dio.netty.allocator.maxCachedByteBuffersPerChunk: 1023
[22сент.2026 18:19:02.946] [modloading-worker-0/DEBUG] [io.netty.buffer.ByteBufUtil/]: -Dio.netty.allocator.type: pooled
[22сент.2026 18:19:02.946] [modloading-worker-0/DEBUG] [io.netty.buffer.ByteBufUtil/]: -Dio.netty.threadLocalDirectBufferSize: 0
[22сент.2026 18:19:02.946] [modloading-worker-0/DEBUG] [io.netty.buffer.ByteBufUtil/]: -Dio.netty.maxThreadLocalCharBufferSize: 16384
[22сент.2026 18:19:02.950] [modloading-worker-0/DEBUG] [mixin/]: Mixing MixinConnection from badpackets.mixins.json into net.minecraft.network.Connection
[22сент.2026 18:19:02.951] [modloading-worker-0/DEBUG] [mixin/]: badpackets.mixins.json:MixinConnection from mod badpackets: Class version 65 required is higher than the class version supported by the current version of Mixin (JAVA_16 supports class version 60)
[22сент.2026 18:19:02.953] [modloading-worker-0/DEBUG] [mixin/]: badpackets.mixins.json:MixinConnection from mod badpackets->@Inject::badpackets_cleanOldListener(Lnet/minecraft/network/ProtocolInfo;Lnet/minecraft/network/PacketListener;Lorg/spongepowered/asm/mixin/injection/callback/CallbackInfo;)V doesn't use it's CallbackInfo
[22сент.2026 18:19:02.953] [modloading-worker-0/DEBUG] [mixin/]: badpackets.mixins.json:MixinConnection from mod badpackets->@Inject::badpackets_cleanOldListener(Lnet/minecraft/network/ProtocolInfo;Lnet/minecraft/network/PacketListener;Lorg/spongepowered/asm/mixin/injection/callback/CallbackInfo;)V has 0 override(s) in child classes
[22сент.2026 18:19:02.953] [modloading-worker-0/DEBUG] [mixin/]: badpackets.mixins.json:MixinConnection from mod badpackets->@Inject::badpackets_cleanOldListener(Lnet/minecraft/network/ProtocolInfo;Lnet/minecraft/network/PacketListener;Lorg/spongepowered/asm/mixin/injection/callback/CallbackInfo;)V won't be passed a CallbackInfo as a result
[22сент.2026 18:19:02.953] [modloading-worker-0/DEBUG] [mixin/]: badpackets.mixins.json:MixinConnection from mod badpackets->@Inject::badpackets_cleanListener(Lio/netty/channel/ChannelHandlerContext;Lorg/spongepowered/asm/mixin/injection/callback/CallbackInfo;)V doesn't use it's CallbackInfo
[22сент.2026 18:19:02.953] [modloading-worker-0/DEBUG] [mixin/]: badpackets.mixins.json:MixinConnection from mod badpackets->@Inject::badpackets_cleanListener(Lio/netty/channel/ChannelHandlerContext;Lorg/spongepowered/asm/mixin/injection/callback/CallbackInfo;)V has 0 override(s) in child classes
[22сент.2026 18:19:02.953] [modloading-worker-0/DEBUG] [mixin/]: badpackets.mixins.json:MixinConnection from mod badpackets->@Inject::badpackets_cleanListener(Lio/netty/channel/ChannelHandlerContext;Lorg/spongepowered/asm/mixin/injection/callback/CallbackInfo;)V won't be passed a CallbackInfo as a result
[22сент.2026 18:19:02.953] [modloading-worker-0/DEBUG] [mixin/]: badpackets.mixins.json:MixinConnection from mod badpackets->@Inject::badpackets_cleanListener(Lorg/spongepowered/asm/mixin/injection/callback/CallbackInfo;)V doesn't use it's CallbackInfo
[22сент.2026 18:19:02.953] [modloading-worker-0/DEBUG] [mixin/]: badpackets.mixins.json:MixinConnection from mod badpackets->@Inject::badpackets_cleanListener(Lorg/spongepowered/asm/mixin/injection/callback/CallbackInfo;)V has 0 override(s) in child classes
[22сент.2026 18:19:02.953] [modloading-worker-0/DEBUG] [mixin/]: badpackets.mixins.json:MixinConnection from mod badpackets->@Inject::badpackets_cleanListener(Lorg/spongepowered/asm/mixin/injection/callback/CallbackInfo;)V won't be passed a CallbackInfo as a result
[22сент.2026 18:19:02.961] [modloading-worker-0/DEBUG] [net.neoforged.fml.javafmlmod.AutomaticEventSubscriber/]: Subscribing @EventBusSubscriber class Lnet/neoforged/neoforge/network/filters/GenericPacketSplitter; to the mod event bus of mod neoforge
[22сент.2026 18:19:02.963] [modloading-worker-0/DEBUG] [net.neoforged.fml.javafmlmod.AutomaticEventSubscriber/LOADING]: Scanning class net.neoforged.neoforge.network.NetworkInitialization for @SubscribeEvent-annotated methods
[22сент.2026 18:19:02.964] [modloading-worker-0/DEBUG] [net.neoforged.fml.javafmlmod.AutomaticEventSubscriber/]: Subscribing @EventBusSubscriber class Lnet/neoforged/neoforge/network/NetworkInitialization; to the mod event bus of mod neoforge
[22сент.2026 18:19:02.965] [modloading-worker-0/DEBUG] [net.neoforged.fml.javafmlmod.AutomaticEventSubscriber/LOADING]: Scanning class net.neoforged.neoforge.network.ConfigurationInitialization for @SubscribeEvent-annotated methods
[22сент.2026 18:19:02.968] [modloading-worker-0/DEBUG] [net.neoforged.fml.javafmlmod.AutomaticEventSubscriber/]: Subscribing @EventBusSubscriber class Lnet/neoforged/neoforge/network/ConfigurationInitialization; to the mod event bus of mod neoforge
[22сент.2026 18:19:02.968] [modloading-worker-0/DEBUG] [net.neoforged.fml.javafmlmod.AutomaticEventSubscriber/LOADING]: Scanning class net.neoforged.neoforge.common.MonsterRoomHooks for @SubscribeEvent-annotated methods
[22сент.2026 18:19:02.970] [modloading-worker-0/DEBUG] [net.neoforged.fml.javafmlmod.AutomaticEventSubscriber/]: Subscribing @EventBusSubscriber class Lnet/neoforged/neoforge/common/MonsterRoomHooks; to the game event bus
[22сент.2026 18:19:02.971] [modloading-worker-0/DEBUG] [net.neoforged.fml.javafmlmod.AutomaticEventSubscriber/LOADING]: Scanning class net.neoforged.neoforge.common.DeferredSpawnEggItem$CommonHandler for @SubscribeEvent-annotated methods
[22сент.2026 18:19:02.973] [modloading-worker-0/DEBUG] [net.neoforged.fml.javafmlmod.AutomaticEventSubscriber/]: Subscribing @EventBusSubscriber class Lnet/neoforged/neoforge/common/DeferredSpawnEggItem$CommonHandler; to the mod event bus of mod neoforge
[22сент.2026 18:19:02.974] [modloading-worker-0/DEBUG] [net.neoforged.fml.javafmlmod.AutomaticEventSubscriber/LOADING]: Scanning class net.neoforged.neoforge.attachment.AttachmentSync for @SubscribeEvent-annotated methods
[22сент.2026 18:19:02.979] [modloading-worker-0/DEBUG] [net.neoforged.fml.javafmlmod.AutomaticEventSubscriber/]: Subscribing @EventBusSubscriber class Lnet/neoforged/neoforge/attachment/AttachmentSync; to the game event bus
[22сент.2026 18:19:02.980] [modloading-worker-0/DEBUG] [net.neoforged.fml.javafmlmod.AutomaticEventSubscriber/LOADING]: Scanning class net.neoforged.neoforge.attachment.AttachmentInternals for @SubscribeEvent-annotated methods
[22сент.2026 18:19:02.981] [modloading-worker-0/DEBUG] [net.neoforged.fml.javafmlmod.AutomaticEventSubscriber/]: Subscribing @EventBusSubscriber class Lnet/neoforged/neoforge/attachment/AttachmentInternals; to the game event bus
[22сент.2026 18:19:03.010] [modloading-worker-0/DEBUG] [Ponder/]: Loaded net.createmod.catnip.platform.NeoForgePlatformHelper@591c36cd for service interface net.createmod.catnip.platform.services.PlatformHelper
[22сент.2026 18:19:03.011] [modloading-worker-0/DEBUG] [Ponder/]: Loaded net.createmod.catnip.platform.NeoForgeFluidHelper@a51cb97 for service interface net.createmod.catnip.platform.services.ModFluidHelper
[22сент.2026 18:19:03.012] [modloading-worker-0/DEBUG] [Ponder/]: Loaded net.createmod.catnip.platform.NeoForgeHooksHelper@30eaa767 for service interface net.createmod.catnip.platform.services.ModHooksHelper
[22сент.2026 18:19:03.013] [modloading-worker-0/DEBUG] [Ponder/]: Loaded net.createmod.catnip.platform.NeoForgeNetworkHelper@5e771c91 for service interface net.createmod.catnip.platform.services.NetworkHelper
[22сент.2026 18:19:03.054] [modloading-worker-0/DEBUG] [mixin/]: Mixing recipe.ProcessingRecipeParamsMixin from creatingspace.mixins.json into com.simibubi.create.content.processing.recipe.ProcessingRecipeParams
[22сент.2026 18:19:03.054] [modloading-worker-0/DEBUG] [mixin/]: creatingspace.mixins.json:recipe.ProcessingRecipeParamsMixin from mod creatingspace: Class version 65 required is higher than the class version supported by the current version of Mixin (JAVA_17 supports class version 61)
[22сент.2026 18:19:03.054] [modloading-worker-0/DEBUG] [mixin/]: Renaming synthetic method lambda$addDecode$1(I)Ljava/util/ArrayList; to mdeb95d5$creatingspace$lambda$addDecode$1$0 in creatingspace.mixins.json:recipe.ProcessingRecipeParamsMixin from mod creatingspace
[22сент.2026 18:19:03.055] [modloading-worker-0/DEBUG] [mixin/]: Renaming synthetic method lambda$addDecode$0(I)Ljava/util/ArrayList; to mdeb95d5$creatingspace$lambda$addDecode$0$1 in creatingspace.mixins.json:recipe.ProcessingRecipeParamsMixin from mod creatingspace
[22сент.2026 18:19:03.058] [modloading-worker-0/DEBUG] [mixin/]: creatingspace.mixins.json:recipe.ProcessingRecipeParamsMixin from mod creatingspace->@Inject::addEncodeFailSafe(Lnet/minecraft/network/RegistryFriendlyByteBuf;Lorg/spongepowered/asm/mixin/injection/callback/CallbackInfo;)V doesn't use it's CallbackInfo
[22сент.2026 18:19:03.058] [modloading-worker-0/DEBUG] [mixin/]: creatingspace.mixins.json:recipe.ProcessingRecipeParamsMixin from mod creatingspace->@Inject::addEncodeFailSafe(Lnet/minecraft/network/RegistryFriendlyByteBuf;Lorg/spongepowered/asm/mixin/injection/callback/CallbackInfo;)V has 0 override(s) in child classes
[22сент.2026 18:19:03.058] [modloading-worker-0/DEBUG] [mixin/]: creatingspace.mixins.json:recipe.ProcessingRecipeParamsMixin from mod creatingspace->@Inject::addEncodeFailSafe(Lnet/minecraft/network/RegistryFriendlyByteBuf;Lorg/spongepowered/asm/mixin/injection/callback/CallbackInfo;)V won't be passed a CallbackInfo as a result
[22сент.2026 18:19:03.058] [modloading-worker-0/DEBUG] [mixin/]: creatingspace.mixins.json:recipe.ProcessingRecipeParamsMixin from mod creatingspace->@Inject::addEncode(Lnet/minecraft/network/RegistryFriendlyByteBuf;Lorg/spongepowered/asm/mixin/injection/callback/CallbackInfo;)V doesn't use it's CallbackInfo
[22сент.2026 18:19:03.058] [modloading-worker-0/DEBUG] [mixin/]: creatingspace.mixins.json:recipe.ProcessingRecipeParamsMixin from mod creatingspace->@Inject::addEncode(Lnet/minecraft/network/RegistryFriendlyByteBuf;Lorg/spongepowered/asm/mixin/injection/callback/CallbackInfo;)V has 0 override(s) in child classes
[22сент.2026 18:19:03.058] [modloading-worker-0/DEBUG] [mixin/]: creatingspace.mixins.json:recipe.ProcessingRecipeParamsMixin from mod creatingspace->@Inject::addEncode(Lnet/minecraft/network/RegistryFriendlyByteBuf;Lorg/spongepowered/asm/mixin/injection/callback/CallbackInfo;)V won't be passed a CallbackInfo as a result
[22сент.2026 18:19:03.058] [modloading-worker-0/DEBUG] [mixin/]: creatingspace.mixins.json:recipe.ProcessingRecipeParamsMixin from mod creatingspace->@Inject::addDecode(Lnet/minecraft/network/RegistryFriendlyByteBuf;Lorg/spongepowered/asm/mixin/injection/callback/CallbackInfo;)V doesn't use it's CallbackInfo
[22сент.2026 18:19:03.058] [modloading-worker-0/DEBUG] [mixin/]: creatingspace.mixins.json:recipe.ProcessingRecipeParamsMixin from mod creatingspace->@Inject::addDecode(Lnet/minecraft/network/RegistryFriendlyByteBuf;Lorg/spongepowered/asm/mixin/injection/callback/CallbackInfo;)V has 0 override(s) in child classes
[22сент.2026 18:19:03.058] [modloading-worker-0/DEBUG] [mixin/]: creatingspace.mixins.json:recipe.ProcessingRecipeParamsMixin from mod creatingspace->@Inject::addDecode(Lnet/minecraft/network/RegistryFriendlyByteBuf;Lorg/spongepowered/asm/mixin/injection/callback/CallbackInfo;)V won't be passed a CallbackInfo as a result
[22сент.2026 18:19:03.060] [modloading-worker-0/DEBUG] [mixin/]: Mixing recipe.ProcessingRecipeMixin from creatingspace.mixins.json into com.simibubi.create.content.processing.recipe.ProcessingRecipe
[22сент.2026 18:19:03.060] [modloading-worker-0/DEBUG] [mixin/]: creatingspace.mixins.json:recipe.ProcessingRecipeMixin from mod creatingspace: Class version 65 required is higher than the class version supported by the current version of Mixin (JAVA_17 supports class version 61)
[22сент.2026 18:19:03.062] [modloading-worker-0/DEBUG] [mixin/]: creatingspace.mixins.json:recipe.ProcessingRecipeMixin from mod creatingspace->@Inject::ctor(Lorg/spongepowered/asm/mixin/injection/callback/CallbackInfo;)V doesn't use it's CallbackInfo
[22сент.2026 18:19:03.062] [modloading-worker-0/DEBUG] [mixin/]: creatingspace.mixins.json:recipe.ProcessingRecipeMixin from mod creatingspace->@Inject::ctor(Lorg/spongepowered/asm/mixin/injection/callback/CallbackInfo;)V has 0 override(s) in child classes
[22сент.2026 18:19:03.062] [modloading-worker-0/DEBUG] [mixin/]: creatingspace.mixins.json:recipe.ProcessingRecipeMixin from mod creatingspace->@Inject::ctor(Lorg/spongepowered/asm/mixin/injection/callback/CallbackInfo;)V won't be passed a CallbackInfo as a result
[22сент.2026 18:19:03.075] [modloading-worker-0/DEBUG] [net.neoforged.fml.config.ConfigTracker/CONFIG]: Config file creatingspace-common.toml for creatingspace tracking
[22сент.2026 18:19:03.075] [modloading-worker-0/DEBUG] [net.neoforged.fml.config.ConfigTracker/CONFIG]: Config file creatingspace-client.toml for creatingspace tracking
[22сент.2026 18:19:03.075] [modloading-worker-0/DEBUG] [net.neoforged.fml.config.ConfigTracker/CONFIG]: Config file creatingspace-server.toml for creatingspace tracking
[22сент.2026 18:19:03.093] [modloading-worker-0/DEBUG] [net.neoforged.fml.javafmlmod.AutomaticEventSubscriber/LOADING]: Attempting to inject @EventBusSubscriber classes into the eventbus for creatingspace
[22сент.2026 18:19:03.093] [modloading-worker-0/DEBUG] [net.neoforged.fml.javafmlmod.AutomaticEventSubscriber/LOADING]: Scanning class com.rae.creatingspace.content.life_support.spacesuit.SpacesuitHelmetItem for @SubscribeEvent-annotated methods
[22сент.2026 18:19:03.093] [modloading-worker-0/DEBUG] [net.neoforged.fml.javafmlmod.AutomaticEventSubscriber/]: Subscribing @EventBusSubscriber class Lcom/rae/creatingspace/content/life_support/spacesuit/SpacesuitHelmetItem; to the game event bus
[22сент.2026 18:19:03.096] [modloading-worker-0/DEBUG] [net.neoforged.fml.javafmlmod.AutomaticEventSubscriber/LOADING]: Scanning class com.rae.creatingspace.content.life_support.spacesuit.NetheriteDivingHandler for @SubscribeEvent-annotated methods
[22сент.2026 18:19:03.097] [modloading-worker-0/DEBUG] [net.neoforged.fml.javafmlmod.AutomaticEventSubscriber/]: Subscribing @EventBusSubscriber class Lcom/rae/creatingspace/content/life_support/spacesuit/NetheriteDivingHandler; to the game event bus
[22сент.2026 18:19:03.097] [modloading-worker-0/DEBUG] [net.neoforged.fml.javafmlmod.AutomaticEventSubscriber/LOADING]: Scanning class com.rae.creatingspace.content.event.IgniteOnPlace for @SubscribeEvent-annotated methods
[22сент.2026 18:19:03.097] [modloading-worker-0/DEBUG] [net.neoforged.fml.javafmlmod.AutomaticEventSubscriber/]: Subscribing @EventBusSubscriber class Lcom/rae/creatingspace/content/event/IgniteOnPlace; to the game event bus
[22сент.2026 18:19:03.097] [modloading-worker-0/DEBUG] [net.neoforged.fml.javafmlmod.AutomaticEventSubscriber/LOADING]: Scanning class com.rae.creatingspace.content.event.DataEventHandler for @SubscribeEvent-annotated methods
[22сент.2026 18:19:03.098] [modloading-worker-0/DEBUG] [net.neoforged.fml.javafmlmod.AutomaticEventSubscriber/]: Subscribing @EventBusSubscriber class Lcom/rae/creatingspace/content/event/DataEventHandler; to the game event bus
[22сент.2026 18:19:03.098] [modloading-worker-0/DEBUG] [net.neoforged.fml.javafmlmod.AutomaticEventSubscriber/LOADING]: Scanning class com.rae.creatingspace.content.event.CSEventHandler for @SubscribeEvent-annotated methods
[22сент.2026 18:19:03.099] [modloading-worker-0/DEBUG] [net.neoforged.fml.javafmlmod.AutomaticEventSubscriber/]: Subscribing @EventBusSubscriber class Lcom/rae/creatingspace/content/event/CSEventHandler; to the game event bus
[22сент.2026 18:19:03.100] [modloading-worker-0/DEBUG] [net.neoforged.fml.javafmlmod.AutomaticEventSubscriber/LOADING]: Scanning class com.rae.creatingspace.content.event.CSEventHandler$ModBusEvents for @SubscribeEvent-annotated methods
[22сент.2026 18:19:03.100] [modloading-worker-0/DEBUG] [net.neoforged.fml.javafmlmod.AutomaticEventSubscriber/]: Subscribing @EventBusSubscriber class Lcom/rae/creatingspace/content/event/CSEventHandler$ModBusEvents; to the mod event bus of mod creatingspace
[22сент.2026 18:19:03.101] [modloading-worker-0/DEBUG] [net.neoforged.fml.javafmlmod.AutomaticEventSubscriber/LOADING]: Scanning class com.rae.creatingspace.configs.CSConfigs for @SubscribeEvent-annotated methods
[22сент.2026 18:19:03.101] [modloading-worker-0/DEBUG] [net.neoforged.fml.javafmlmod.AutomaticEventSubscriber/]: Subscribing @EventBusSubscriber class Lcom/rae/creatingspace/configs/CSConfigs; to the mod event bus of mod creatingspace
[22сент.2026 18:19:03.426] [modloading-worker-0/DEBUG] [mixin/]: Mixing kinetics.BacktankBlockEntityMixin from creatingspace.mixins.json into com.simibubi.create.content.equipment.armor.BacktankBlockEntity
[22сент.2026 18:19:03.427] [modloading-worker-0/DEBUG] [mixin/]: creatingspace.mixins.json:kinetics.BacktankBlockEntityMixin from mod creatingspace: Class version 65 required is higher than the class version supported by the current version of Mixin (JAVA_17 supports class version 61)
[22сент.2026 18:19:03.429] [modloading-worker-0/DEBUG] [mixin/]: creatingspace.mixins.json:kinetics.BacktankBlockEntityMixin from mod creatingspace->@Inject::onTick(Lorg/spongepowered/asm/mixin/injection/callback/CallbackInfo;)V does use it's CallbackInfo
[22сент.2026 18:19:03.444] [modloading-worker-0/DEBUG] [mixin/]: Mixing recipe.ItemApplicationMixin from creatingspace.mixins.json into com.simibubi.create.content.kinetics.deployer.ItemApplicationRecipe
[22сент.2026 18:19:03.444] [modloading-worker-0/DEBUG] [mixin/]: creatingspace.mixins.json:recipe.ItemApplicationMixin from mod creatingspace: Class version 65 required is higher than the class version supported by the current version of Mixin (JAVA_17 supports class version 61)
[22сент.2026 18:19:03.446] [modloading-worker-0/DEBUG] [mixin/]: creatingspace.mixins.json:recipe.ItemApplicationMixin from mod creatingspace->@Inject::addAdditionalLogic(Lnet/neoforged/neoforge/items/wrapper/RecipeWrapper;Lnet/minecraft/world/level/Level;Lorg/spongepowered/asm/mixin/injection/callback/CallbackInfoReturnable;)V does use it's CallbackInfoReturnable
[22сент.2026 18:19:03.450] [modloading-worker-0/DEBUG] [mixin/]: Mixing recipe.SequencedAssemblyRecipeSerializerMixin from creatingspace.mixins.json into com.simibubi.create.content.processing.sequenced.SequencedAssemblyRecipeSerializer
[22сент.2026 18:19:03.450] [modloading-worker-0/DEBUG] [mixin/]: creatingspace.mixins.json:recipe.SequencedAssemblyRecipeSerializerMixin from mod creatingspace: Class version 65 required is higher than the class version supported by the current version of Mixin (JAVA_17 supports class version 61)
[22сент.2026 18:19:03.450] [modloading-worker-0/DEBUG] [mixin/]: Renaming synthetic method lambda$addToCodec$8(Lcom/mojang/serialization/MapCodec;Lcom/mojang/serialization/codecs/RecordCodecBuilder$Instance;)Lcom/mojang/datafixers/kinds/App; to mdeb95d5$creatingspace$lambda$addToCodec$8$0 in creatingspace.mixins.json:recipe.SequencedAssemblyRecipeSerializerMixin from mod creatingspace
[22сент.2026 18:19:03.450] [modloading-worker-0/DEBUG] [mixin/]: Renaming synthetic method lambda$addToCodec$7(Lcom/simibubi/create/content/processing/sequenced/SequencedAssemblyRecipe;Ljava/util/List;Ljava/util/List;)Lcom/simibubi/create/content/processing/sequenced/SequencedAssemblyRecipe; to mdeb95d5$creatingspace$lambda$addToCodec$7$1 in creatingspace.mixins.json:recipe.SequencedAssemblyRecipeSerializerMixin from mod creatingspace
[22сент.2026 18:19:03.450] [modloading-worker-0/DEBUG] [mixin/]: Renaming synthetic method lambda$addToCodec$6(Lcom/simibubi/create/content/processing/sequenced/SequencedAssemblyRecipe;)Ljava/util/List; to mdeb95d5$creatingspace$lambda$addToCodec$6$2 in creatingspace.mixins.json:recipe.SequencedAssemblyRecipeSerializerMixin from mod creatingspace
[22сент.2026 18:19:03.450] [modloading-worker-0/DEBUG] [mixin/]: Renaming synthetic method lambda$addToCodec$5(Lcom/simibubi/create/content/processing/sequenced/SequencedAssemblyRecipe;)Ljava/util/List; to mdeb95d5$creatingspace$lambda$addToCodec$5$3 in creatingspace.mixins.json:recipe.SequencedAssemblyRecipeSerializerMixin from mod creatingspace
[22сент.2026 18:19:03.450] [modloading-worker-0/DEBUG] [mixin/]: Renaming synthetic method lambda$addToCodec$4(Lcom/simibubi/create/content/processing/sequenced/SequencedAssemblyRecipe;)Lcom/simibubi/create/content/processing/sequenced/SequencedAssemblyRecipe; to mdeb95d5$creatingspace$lambda$addToCodec$4$4 in creatingspace.mixins.json:recipe.SequencedAssemblyRecipeSerializerMixin from mod creatingspace
[22сент.2026 18:19:03.450] [modloading-worker-0/DEBUG] [mixin/]: Renaming synthetic method lambda$addToStreamCodec$3(Lcom/simibubi/create/content/processing/sequenced/SequencedAssemblyRecipe;Ljava/util/List;Ljava/util/List;)Lcom/simibubi/create/content/processing/sequenced/SequencedAssemblyRecipe; to mdeb95d5$creatingspace$lambda$addToStreamCodec$3$5 in creatingspace.mixins.json:recipe.SequencedAssemblyRecipeSerializerMixin from mod creatingspace
[22сент.2026 18:19:03.450] [modloading-worker-0/DEBUG] [mixin/]: Renaming synthetic method lambda$addToStreamCodec$2(Lcom/simibubi/create/content/processing/sequenced/SequencedAssemblyRecipe;)Ljava/util/List; to mdeb95d5$creatingspace$lambda$addToStreamCodec$2$6 in creatingspace.mixins.json:recipe.SequencedAssemblyRecipeSerializerMixin from mod creatingspace
[22сент.2026 18:19:03.450] [modloading-worker-0/DEBUG] [mixin/]: Renaming synthetic method lambda$addToStreamCodec$1(Lcom/simibubi/create/content/processing/sequenced/SequencedAssemblyRecipe;)Ljava/util/List; to mdeb95d5$creatingspace$lambda$addToStreamCodec$1$7 in creatingspace.mixins.json:recipe.SequencedAssemblyRecipeSerializerMixin from mod creatingspace
[22сент.2026 18:19:03.450] [modloading-worker-0/DEBUG] [mixin/]: Renaming synthetic method lambda$addToStreamCodec$0(Lcom/simibubi/create/content/processing/sequenced/SequencedAssemblyRecipe;)Lcom/simibubi/create/content/processing/sequenced/SequencedAssemblyRecipe; to mdeb95d5$creatingspace$lambda$addToStreamCodec$0$8 in creatingspace.mixins.json:recipe.SequencedAssemblyRecipeSerializerMixin from mod creatingspace
[22сент.2026 18:19:03.455] [modloading-worker-0/DEBUG] [mixin/]: creatingspace.mixins.json:recipe.SequencedAssemblyRecipeSerializerMixin from mod creatingspace->@Inject::addToStreamCodec(Lorg/spongepowered/asm/mixin/injection/callback/CallbackInfoReturnable;)V does use it's CallbackInfoReturnable
[22сент.2026 18:19:03.455] [modloading-worker-0/DEBUG] [mixin/]: creatingspace.mixins.json:recipe.SequencedAssemblyRecipeSerializerMixin from mod creatingspace->@Inject::addToCodec(Lorg/spongepowered/asm/mixin/injection/callback/CallbackInfoReturnable;)V does use it's CallbackInfoReturnable
[22сент.2026 18:19:03.562] [modloading-worker-0/DEBUG] [net.neoforged.fml.config.ConfigTracker/CONFIG]: Config file create-common.toml for create tracking
[22сент.2026 18:19:03.562] [modloading-worker-0/DEBUG] [net.neoforged.fml.config.ConfigTracker/CONFIG]: Config file create-client.toml for create tracking
[22сент.2026 18:19:03.562] [modloading-worker-0/DEBUG] [net.neoforged.fml.config.ConfigTracker/CONFIG]: Config file create-server.toml for create tracking
[22сент.2026 18:19:03.569] [modloading-worker-0/DEBUG] [net.neoforged.fml.javafmlmod.AutomaticEventSubscriber/LOADING]: Attempting to inject @EventBusSubscriber classes into the eventbus for create
[22сент.2026 18:19:03.570] [modloading-worker-0/DEBUG] [net.neoforged.fml.javafmlmod.AutomaticEventSubscriber/LOADING]: Scanning class com.simibubi.create.foundation.blockEntity.behaviour.ValueSettingsInputHandler for @SubscribeEvent-annotated methods
[22сент.2026 18:19:03.570] [modloading-worker-0/DEBUG] [net.neoforged.fml.javafmlmod.AutomaticEventSubscriber/]: Subscribing @EventBusSubscriber class Lcom/simibubi/create/foundation/blockEntity/behaviour/ValueSettingsInputHandler; to the game event bus
[22сент.2026 18:19:03.571] [modloading-worker-0/DEBUG] [net.neoforged.fml.javafmlmod.AutomaticEventSubscriber/LOADING]: Scanning class com.simibubi.create.foundation.blockEntity.behaviour.edgeInteraction.EdgeInteractionHandler for @SubscribeEvent-annotated methods
[22сент.2026 18:19:03.571] [modloading-worker-0/DEBUG] [net.neoforged.fml.javafmlmod.AutomaticEventSubscriber/]: Subscribing @EventBusSubscriber class Lcom/simibubi/create/foundation/blockEntity/behaviour/edgeInteraction/EdgeInteractionHandler; to the game event bus
[22сент.2026 18:19:03.571] [modloading-worker-0/DEBUG] [net.neoforged.fml.javafmlmod.AutomaticEventSubscriber/LOADING]: Scanning class com.simibubi.create.foundation.block.ItemUseOverrides for @SubscribeEvent-annotated methods
[22сент.2026 18:19:03.572] [modloading-worker-0/DEBUG] [net.neoforged.fml.javafmlmod.AutomaticEventSubscriber/]: Subscribing @EventBusSubscriber class Lcom/simibubi/create/foundation/block/ItemUseOverrides; to the game event bus
[22сент.2026 18:19:03.572] [modloading-worker-0/DEBUG] [net.neoforged.fml.javafmlmod.AutomaticEventSubscriber/LOADING]: Scanning class com.simibubi.create.foundation.events.CommonEvents for @SubscribeEvent-annotated methods
[22сент.2026 18:19:03.572] [modloading-worker-0/DEBUG] [net.neoforged.fml.javafmlmod.AutomaticEventSubscriber/]: Subscribing @EventBusSubscriber class Lcom/simibubi/create/foundation/events/CommonEvents; to the game event bus
[22сент.2026 18:19:03.575] [modloading-worker-0/DEBUG] [net.neoforged.fml.javafmlmod.AutomaticEventSubscriber/LOADING]: Scanning class com.simibubi.create.foundation.events.CommonEvents$ModBusEvents for @SubscribeEvent-annotated methods
[22сент.2026 18:19:03.576] [modloading-worker-0/DEBUG] [net.neoforged.fml.javafmlmod.AutomaticEventSubscriber/]: Subscribing @EventBusSubscriber class Lcom/simibubi/create/foundation/events/CommonEvents$ModBusEvents; to the mod event bus of mod create
[22сент.2026 18:19:03.576] [modloading-worker-0/DEBUG] [net.neoforged.fml.javafmlmod.AutomaticEventSubscriber/LOADING]: Scanning class com.simibubi.create.content.trains.schedule.ScheduleItemEntityInteraction for @SubscribeEvent-annotated methods
[22сент.2026 18:19:03.577] [modloading-worker-0/DEBUG] [net.neoforged.fml.javafmlmod.AutomaticEventSubscriber/]: Subscribing @EventBusSubscriber class Lcom/simibubi/create/content/trains/schedule/ScheduleItemEntityInteraction; to the game event bus
[22сент.2026 18:19:03.577] [modloading-worker-0/DEBUG] [net.neoforged.fml.javafmlmod.AutomaticEventSubscriber/LOADING]: Scanning class com.simibubi.create.content.processing.burner.BlazeBurnerHandler for @SubscribeEvent-annotated methods
[22сент.2026 18:19:03.578] [modloading-worker-0/DEBUG] [net.neoforged.fml.javafmlmod.AutomaticEventSubscriber/]: Subscribing @EventBusSubscriber class Lcom/simibubi/create/content/processing/burner/BlazeBurnerHandler; to the game event bus
[22сент.2026 18:19:03.579] [modloading-worker-0/DEBUG] [net.neoforged.fml.javafmlmod.AutomaticEventSubscriber/LOADING]: Scanning class com.simibubi.create.content.equipment.wrench.WrenchEventHandler for @SubscribeEvent-annotated methods
[22сент.2026 18:19:03.579] [modloading-worker-0/DEBUG] [net.neoforged.fml.javafmlmod.AutomaticEventSubscriber/]: Subscribing @EventBusSubscriber class Lcom/simibubi/create/content/equipment/wrench/WrenchEventHandler; to the game event bus
[22сент.2026 18:19:03.579] [modloading-worker-0/DEBUG] [net.neoforged.fml.javafmlmod.AutomaticEventSubscriber/LOADING]: Scanning class com.simibubi.create.content.equipment.extendoGrip.ExtendoGripItem for @SubscribeEvent-annotated methods
[22сент.2026 18:19:03.580] [modloading-worker-0/DEBUG] [net.neoforged.fml.javafmlmod.AutomaticEventSubscriber/]: Subscribing @EventBusSubscriber class Lcom/simibubi/create/content/equipment/extendoGrip/ExtendoGripItem; to the game event bus
[22сент.2026 18:19:03.581] [modloading-worker-0/DEBUG] [net.neoforged.fml.javafmlmod.AutomaticEventSubscriber/LOADING]: Scanning class com.simibubi.create.content.equipment.zapper.ZapperInteractionHandler for @SubscribeEvent-annotated methods
[22сент.2026 18:19:03.582] [modloading-worker-0/DEBUG] [net.neoforged.fml.javafmlmod.AutomaticEventSubscriber/]: Subscribing @EventBusSubscriber class Lcom/simibubi/create/content/equipment/zapper/ZapperInteractionHandler; to the game event bus
[22сент.2026 18:19:03.582] [modloading-worker-0/DEBUG] [net.neoforged.fml.javafmlmod.AutomaticEventSubscriber/LOADING]: Scanning class com.simibubi.create.content.equipment.symmetryWand.SymmetryHandler for @SubscribeEvent-annotated methods
[22сент.2026 18:19:03.583] [modloading-worker-0/DEBUG] [net.neoforged.fml.javafmlmod.AutomaticEventSubscriber/]: Subscribing @EventBusSubscriber class Lcom/simibubi/create/content/equipment/symmetryWand/SymmetryHandler; to the game event bus
[22сент.2026 18:19:03.583] [modloading-worker-0/DEBUG] [net.neoforged.fml.javafmlmod.AutomaticEventSubscriber/LOADING]: Scanning class com.simibubi.create.content.equipment.armor.NetheriteDivingHandler for @SubscribeEvent-annotated methods
[22сент.2026 18:19:03.584] [modloading-worker-0/DEBUG] [net.neoforged.fml.javafmlmod.AutomaticEventSubscriber/]: Subscribing @EventBusSubscriber class Lcom/simibubi/create/content/equipment/armor/NetheriteDivingHandler; to the game event bus
[22сент.2026 18:19:03.584] [modloading-worker-0/DEBUG] [net.neoforged.fml.javafmlmod.AutomaticEventSubscriber/LOADING]: Scanning class com.simibubi.create.content.equipment.armor.DivingHelmetItem for @SubscribeEvent-annotated methods
[22сент.2026 18:19:03.584] [modloading-worker-0/DEBUG] [net.neoforged.fml.javafmlmod.AutomaticEventSubscriber/]: Subscribing @EventBusSubscriber class Lcom/simibubi/create/content/equipment/armor/DivingHelmetItem; to the game event bus
[22сент.2026 18:19:03.584] [modloading-worker-0/DEBUG] [net.neoforged.fml.javafmlmod.AutomaticEventSubscriber/LOADING]: Scanning class com.simibubi.create.content.equipment.armor.CardboardArmorHandler for @SubscribeEvent-annotated methods
[22сент.2026 18:19:03.585] [modloading-worker-0/DEBUG] [net.neoforged.fml.javafmlmod.AutomaticEventSubscriber/]: Subscribing @EventBusSubscriber class Lcom/simibubi/create/content/equipment/armor/CardboardArmorHandler; to the game event bus
[22сент.2026 18:19:03.585] [modloading-worker-0/DEBUG] [net.neoforged.fml.javafmlmod.AutomaticEventSubscriber/LOADING]: Scanning class com.simibubi.create.content.equipment.armor.DivingBootsItem for @SubscribeEvent-annotated methods
[22сент.2026 18:19:03.585] [modloading-worker-0/DEBUG] [net.neoforged.fml.javafmlmod.AutomaticEventSubscriber/]: Subscribing @EventBusSubscriber class Lcom/simibubi/create/content/equipment/armor/DivingBootsItem; to the game event bus
[22сент.2026 18:19:03.585] [modloading-worker-0/DEBUG] [net.neoforged.fml.javafmlmod.AutomaticEventSubscriber/LOADING]: Scanning class com.simibubi.create.content.equipment.clipboard.ClipboardValueSettingsHandler for @SubscribeEvent-annotated methods
[22сент.2026 18:19:03.586] [modloading-worker-0/DEBUG] [net.neoforged.fml.javafmlmod.AutomaticEventSubscriber/]: Subscribing @EventBusSubscriber class Lcom/simibubi/create/content/equipment/clipboard/ClipboardValueSettingsHandler; to the game event bus
[22сент.2026 18:19:03.586] [modloading-worker-0/DEBUG] [net.neoforged.fml.javafmlmod.AutomaticEventSubscriber/LOADING]: Scanning class com.simibubi.create.content.equipment.tool.CardboardSwordItem for @SubscribeEvent-annotated methods
[22сент.2026 18:19:03.587] [modloading-worker-0/DEBUG] [net.neoforged.fml.javafmlmod.AutomaticEventSubscriber/]: Subscribing @EventBusSubscriber class Lcom/simibubi/create/content/equipment/tool/CardboardSwordItem; to the game event bus
[22сент.2026 18:19:03.587] [modloading-worker-0/DEBUG] [net.neoforged.fml.javafmlmod.AutomaticEventSubscriber/LOADING]: Scanning class com.simibubi.create.content.equipment.bell.HauntedBellPulser for @SubscribeEvent-annotated methods
[22сент.2026 18:19:03.588] [modloading-worker-0/DEBUG] [net.neoforged.fml.javafmlmod.AutomaticEventSubscriber/]: Subscribing @EventBusSubscriber class Lcom/simibubi/create/content/equipment/bell/HauntedBellPulser; to the game event bus
[22сент.2026 18:19:03.588] [modloading-worker-0/DEBUG] [net.neoforged.fml.javafmlmod.AutomaticEventSubscriber/LOADING]: Scanning class com.simibubi.create.content.kinetics.crusher.CrushingWheelBlockEntity for @SubscribeEvent-annotated methods
[22сент.2026 18:19:03.588] [modloading-worker-0/DEBUG] [net.neoforged.fml.javafmlmod.AutomaticEventSubscriber/]: Subscribing @EventBusSubscriber class Lcom/simibubi/create/content/kinetics/crusher/CrushingWheelBlockEntity; to the game event bus
[22сент.2026 18:19:03.591] [modloading-worker-0/DEBUG] [net.neoforged.fml.javafmlmod.AutomaticEventSubscriber/LOADING]: Scanning class com.simibubi.create.content.kinetics.crank.ValveHandleBlock for @SubscribeEvent-annotated methods
[22сент.2026 18:19:03.591] [modloading-worker-0/DEBUG] [net.neoforged.fml.javafmlmod.AutomaticEventSubscriber/]: Subscribing @EventBusSubscriber class Lcom/simibubi/create/content/kinetics/crank/ValveHandleBlock; to the game event bus
[22сент.2026 18:19:03.594] [modloading-worker-0/DEBUG] [net.neoforged.fml.javafmlmod.AutomaticEventSubscriber/LOADING]: Scanning class com.simibubi.create.content.kinetics.deployer.ManualApplicationRecipe for @SubscribeEvent-annotated methods
[22сент.2026 18:19:03.594] [modloading-worker-0/DEBUG] [net.neoforged.fml.javafmlmod.AutomaticEventSubscriber/]: Subscribing @EventBusSubscriber class Lcom/simibubi/create/content/kinetics/deployer/ManualApplicationRecipe; to the game event bus
[22сент.2026 18:19:03.595] [modloading-worker-0/DEBUG] [net.neoforged.fml.javafmlmod.AutomaticEventSubscriber/LOADING]: Scanning class com.simibubi.create.content.kinetics.deployer.DeployerFakePlayer for @SubscribeEvent-annotated methods
[22сент.2026 18:19:03.598] [modloading-worker-0/DEBUG] [mixin/]: Mixing MixinServerGamePacketListenerImpl from badpackets.mixins.json into net.minecraft.server.network.ServerGamePacketListenerImpl
[22сент.2026 18:19:03.598] [modloading-worker-0/DEBUG] [mixin/]: badpackets.mixins.json:MixinServerGamePacketListenerImpl from mod badpackets: Class version 65 required is higher than the class version supported by the current version of Mixin (JAVA_16 supports class version 60)
[22сент.2026 18:19:03.600] [modloading-worker-0/DEBUG] [mixin/]: badpackets.mixins.json:MixinServerGamePacketListenerImpl from mod badpackets->@Inject::badpackets_createServerPacketHandler(Lnet/minecraft/server/MinecraftServer;Lnet/minecraft/network/Connection;Lnet/minecraft/server/level/ServerPlayer;Lnet/minecraft/server/network/CommonListenerCookie;Lorg/spongepowered/asm/mixin/injection/callback/CallbackInfo;)V doesn't use it's CallbackInfo
[22сент.2026 18:19:03.601] [modloading-worker-0/DEBUG] [mixin/]: badpackets.mixins.json:MixinServerGamePacketListenerImpl from mod badpackets->@Inject::badpackets_createServerPacketHandler(Lnet/minecraft/server/MinecraftServer;Lnet/minecraft/network/Connection;Lnet/minecraft/server/level/ServerPlayer;Lnet/minecraft/server/network/CommonListenerCookie;Lorg/spongepowered/asm/mixin/injection/callback/CallbackInfo;)V has 0 override(s) in child classes
[22сент.2026 18:19:03.601] [modloading-worker-0/DEBUG] [mixin/]: badpackets.mixins.json:MixinServerGamePacketListenerImpl from mod badpackets->@Inject::badpackets_createServerPacketHandler(Lnet/minecraft/server/MinecraftServer;Lnet/minecraft/network/Connection;Lnet/minecraft/server/level/ServerPlayer;Lnet/minecraft/server/network/CommonListenerCookie;Lorg/spongepowered/asm/mixin/injection/callback/CallbackInfo;)V won't be passed a CallbackInfo as a result
[22сент.2026 18:19:03.605] [modloading-worker-0/DEBUG] [mixin/]: Mixing MixinServerCommonPacketListenerImpl from badpackets.mixins.json into net.minecraft.server.network.ServerCommonPacketListenerImpl
[22сент.2026 18:19:03.606] [modloading-worker-0/DEBUG] [mixin/]: badpackets.mixins.json:MixinServerCommonPacketListenerImpl from mod badpackets: Class version 65 required is higher than the class version supported by the current version of Mixin (JAVA_16 supports class version 60)
[22сент.2026 18:19:03.606] [modloading-worker-0/DEBUG] [mixin/]: badpackets.mixins.json:MixinServerCommonPacketListenerImpl from mod badpackets->@Inject::badpackets_onPong(Lnet/minecraft/network/protocol/common/ServerboundPongPacket;Lorg/spongepowered/asm/mixin/injection/callback/CallbackInfo;)V doesn't use it's CallbackInfo
[22сент.2026 18:19:03.607] [modloading-worker-0/DEBUG] [mixin/]: badpackets.mixins.json:MixinServerCommonPacketListenerImpl from mod badpackets->@Inject::badpackets_onPong(Lnet/minecraft/network/protocol/common/ServerboundPongPacket;Lorg/spongepowered/asm/mixin/injection/callback/CallbackInfo;)V has 0 override(s) in child classes
[22сент.2026 18:19:03.607] [modloading-worker-0/DEBUG] [mixin/]: badpackets.mixins.json:MixinServerCommonPacketListenerImpl from mod badpackets->@Inject::badpackets_onPong(Lnet/minecraft/network/protocol/common/ServerboundPongPacket;Lorg/spongepowered/asm/mixin/injection/callback/CallbackInfo;)V won't be passed a CallbackInfo as a result
[22сент.2026 18:19:03.609] [modloading-worker-0/DEBUG] [net.neoforged.fml.javafmlmod.AutomaticEventSubscriber/]: Subscribing @EventBusSubscriber class Lcom/simibubi/create/content/kinetics/deployer/DeployerFakePlayer; to the game event bus
[22сент.2026 18:19:03.624] [modloading-worker-0/DEBUG] [net.neoforged.fml.javafmlmod.AutomaticEventSubscriber/LOADING]: Scanning class com.simibubi.create.content.logistics.funnel.FunnelItem for @SubscribeEvent-annotated methods
[22сент.2026 18:19:03.624] [modloading-worker-0/DEBUG] [net.neoforged.fml.javafmlmod.AutomaticEventSubscriber/]: Subscribing @EventBusSubscriber class Lcom/simibubi/create/content/logistics/funnel/FunnelItem; to the game event bus
[22сент.2026 18:19:03.625] [modloading-worker-0/DEBUG] [net.neoforged.fml.javafmlmod.AutomaticEventSubscriber/LOADING]: Scanning class com.simibubi.create.content.logistics.itemHatch.ItemHatchHandler for @SubscribeEvent-annotated methods
[22сент.2026 18:19:03.625] [modloading-worker-0/DEBUG] [net.neoforged.fml.javafmlmod.AutomaticEventSubscriber/]: Subscribing @EventBusSubscriber class Lcom/simibubi/create/content/logistics/itemHatch/ItemHatchHandler; to the game event bus
[22сент.2026 18:19:03.625] [modloading-worker-0/DEBUG] [net.neoforged.fml.javafmlmod.AutomaticEventSubscriber/LOADING]: Scanning class com.simibubi.create.content.logistics.stockTicker.StockTickerInteractionHandler for @SubscribeEvent-annotated methods
[22сент.2026 18:19:03.626] [modloading-worker-0/DEBUG] [net.neoforged.fml.javafmlmod.AutomaticEventSubscriber/]: Subscribing @EventBusSubscriber class Lcom/simibubi/create/content/logistics/stockTicker/StockTickerInteractionHandler; to the game event bus
[22сент.2026 18:19:03.626] [modloading-worker-0/DEBUG] [net.neoforged.fml.javafmlmod.AutomaticEventSubscriber/LOADING]: Scanning class com.simibubi.create.content.contraptions.mounted.MinecartContraptionItem for @SubscribeEvent-annotated methods
[22сент.2026 18:19:03.626] [modloading-worker-0/DEBUG] [net.neoforged.fml.javafmlmod.AutomaticEventSubscriber/]: Subscribing @EventBusSubscriber class Lcom/simibubi/create/content/contraptions/mounted/MinecartContraptionItem; to the game event bus
[22сент.2026 18:19:03.626] [modloading-worker-0/DEBUG] [net.neoforged.fml.javafmlmod.AutomaticEventSubscriber/LOADING]: Scanning class com.simibubi.create.content.contraptions.minecart.MinecartCouplingItem for @SubscribeEvent-annotated methods
[22сент.2026 18:19:03.627] [modloading-worker-0/DEBUG] [net.neoforged.fml.javafmlmod.AutomaticEventSubscriber/]: Subscribing @EventBusSubscriber class Lcom/simibubi/create/content/contraptions/minecart/MinecartCouplingItem; to the game event bus
[22сент.2026 18:19:03.627] [modloading-worker-0/DEBUG] [net.neoforged.fml.javafmlmod.AutomaticEventSubscriber/LOADING]: Scanning class com.simibubi.create.content.contraptions.minecart.CouplingHandler for @SubscribeEvent-annotated methods
[22сент.2026 18:19:03.628] [modloading-worker-0/DEBUG] [net.neoforged.fml.javafmlmod.AutomaticEventSubscriber/]: Subscribing @EventBusSubscriber class Lcom/simibubi/create/content/contraptions/minecart/CouplingHandler; to the game event bus
[22сент.2026 18:19:03.628] [modloading-worker-0/DEBUG] [net.neoforged.fml.javafmlmod.AutomaticEventSubscriber/LOADING]: Scanning class com.simibubi.create.content.contraptions.glue.SuperGlueHandler for @SubscribeEvent-annotated methods
[22сент.2026 18:19:03.629] [modloading-worker-0/DEBUG] [net.neoforged.fml.javafmlmod.AutomaticEventSubscriber/]: Subscribing @EventBusSubscriber class Lcom/simibubi/create/content/contraptions/glue/SuperGlueHandler; to the game event bus
[22сент.2026 18:19:03.629] [modloading-worker-0/DEBUG] [net.neoforged.fml.javafmlmod.AutomaticEventSubscriber/LOADING]: Scanning class com.simibubi.create.content.contraptions.glue.SuperGlueItem for @SubscribeEvent-annotated methods
[22сент.2026 18:19:03.629] [modloading-worker-0/DEBUG] [net.neoforged.fml.javafmlmod.AutomaticEventSubscriber/]: Subscribing @EventBusSubscriber class Lcom/simibubi/create/content/contraptions/glue/SuperGlueItem; to the game event bus
[22сент.2026 18:19:03.629] [modloading-worker-0/DEBUG] [net.neoforged.fml.javafmlmod.AutomaticEventSubscriber/LOADING]: Scanning class com.simibubi.create.content.redstone.displayLink.ClickToLinkBlockItem for @SubscribeEvent-annotated methods
[22сент.2026 18:19:03.629] [modloading-worker-0/DEBUG] [net.neoforged.fml.javafmlmod.AutomaticEventSubscriber/]: Subscribing @EventBusSubscriber class Lcom/simibubi/create/content/redstone/displayLink/ClickToLinkBlockItem; to the game event bus
[22сент.2026 18:19:03.629] [modloading-worker-0/DEBUG] [net.neoforged.fml.javafmlmod.AutomaticEventSubscriber/LOADING]: Scanning class com.simibubi.create.content.redstone.link.LinkHandler for @SubscribeEvent-annotated methods
[22сент.2026 18:19:03.630] [modloading-worker-0/DEBUG] [net.neoforged.fml.javafmlmod.AutomaticEventSubscriber/]: Subscribing @EventBusSubscriber class Lcom/simibubi/create/content/redstone/link/LinkHandler; to the game event bus
[22сент.2026 18:19:03.630] [modloading-worker-0/DEBUG] [net.neoforged.fml.javafmlmod.AutomaticEventSubscriber/LOADING]: Scanning class com.simibubi.create.content.fluids.FluidBottleItemHook for @SubscribeEvent-annotated methods
[22сент.2026 18:19:03.630] [modloading-worker-0/DEBUG] [net.neoforged.fml.javafmlmod.AutomaticEventSubscriber/]: Subscribing @EventBusSubscriber class Lcom/simibubi/create/content/fluids/FluidBottleItemHook; to the game event bus
[22сент.2026 18:19:03.630] [modloading-worker-0/DEBUG] [net.neoforged.fml.javafmlmod.AutomaticEventSubscriber/LOADING]: Scanning class com.simibubi.create.content.fluids.FluidReactions for @SubscribeEvent-annotated methods
[22сент.2026 18:19:03.631] [modloading-worker-0/DEBUG] [net.neoforged.fml.javafmlmod.AutomaticEventSubscriber/]: Subscribing @EventBusSubscriber class Lcom/simibubi/create/content/fluids/FluidReactions; to the game event bus
[22сент.2026 18:19:03.631] [modloading-worker-0/DEBUG] [net.neoforged.fml.javafmlmod.AutomaticEventSubscriber/LOADING]: Scanning class com.simibubi.create.impl.registry.CreateDataMapsImpl for @SubscribeEvent-annotated methods
[22сент.2026 18:19:03.632] [modloading-worker-0/DEBUG] [net.neoforged.fml.javafmlmod.AutomaticEventSubscriber/]: Subscribing @EventBusSubscriber class Lcom/simibubi/create/impl/registry/CreateDataMapsImpl; to the mod event bus of mod create
[22сент.2026 18:19:03.632] [modloading-worker-0/DEBUG] [net.neoforged.fml.javafmlmod.AutomaticEventSubscriber/LOADING]: Scanning class com.simibubi.create.impl.registry.CreateRegistriesImpl for @SubscribeEvent-annotated methods
[22сент.2026 18:19:03.632] [modloading-worker-0/DEBUG] [net.neoforged.fml.javafmlmod.AutomaticEventSubscriber/]: Subscribing @EventBusSubscriber class Lcom/simibubi/create/impl/registry/CreateRegistriesImpl; to the mod event bus of mod create
[22сент.2026 18:19:03.632] [modloading-worker-0/DEBUG] [net.neoforged.fml.javafmlmod.AutomaticEventSubscriber/LOADING]: Scanning class com.simibubi.create.infrastructure.RemapHelper for @SubscribeEvent-annotated methods
[22сент.2026 18:19:03.634] [modloading-worker-0/DEBUG] [net.neoforged.fml.javafmlmod.AutomaticEventSubscriber/]: Subscribing @EventBusSubscriber class Lcom/simibubi/create/infrastructure/RemapHelper; to the mod event bus of mod create
[22сент.2026 18:19:03.634] [modloading-worker-0/DEBUG] [net.neoforged.fml.javafmlmod.AutomaticEventSubscriber/LOADING]: Scanning class com.simibubi.create.infrastructure.gametest.CreateGameTests for @SubscribeEvent-annotated methods
[22сент.2026 18:19:03.639] [modloading-worker-0/DEBUG] [net.neoforged.fml.javafmlmod.AutomaticEventSubscriber/]: Subscribing @EventBusSubscriber class Lcom/simibubi/create/infrastructure/gametest/CreateGameTests; to the mod event bus of mod create
[22сент.2026 18:19:03.639] [modloading-worker-0/DEBUG] [net.neoforged.fml.javafmlmod.AutomaticEventSubscriber/LOADING]: Scanning class com.simibubi.create.infrastructure.config.AllConfigs for @SubscribeEvent-annotated methods
[22сент.2026 18:19:03.639] [modloading-worker-0/DEBUG] [net.neoforged.fml.javafmlmod.AutomaticEventSubscriber/]: Subscribing @EventBusSubscriber class Lcom/simibubi/create/infrastructure/config/AllConfigs; to the mod event bus of mod create
[22сент.2026 18:19:03.645] [modloading-sync-worker/DEBUG] [com.rae.creatingspace.CreatingSpace/]: added reload for CS registries
[22сент.2026 18:19:04.251] [modloading-sync-worker/DEBUG] [mixin/]: Mixing recipe.DataComponentIngredientMixin from creatingspace.mixins.json into net.neoforged.neoforge.common.crafting.DataComponentIngredient
[22сент.2026 18:19:04.251] [modloading-sync-worker/DEBUG] [mixin/]: creatingspace.mixins.json:recipe.DataComponentIngredientMixin from mod creatingspace: Class version 65 required is higher than the class version supported by the current version of Mixin (JAVA_17 supports class version 61)
[22сент.2026 18:19:04.256] [modloading-sync-worker/DEBUG] [mixin/]: creatingspace.mixins.json:recipe.DataComponentIngredientMixin from mod creatingspace->@Inject::lessStrictTest(Lnet/minecraft/world/item/ItemStack;Lorg/spongepowered/asm/mixin/injection/callback/CallbackInfoReturnable;)V does use it's CallbackInfoReturnable
[22сент.2026 18:19:04.712] [modloading-sync-worker/DEBUG] [net.neoforged.fml.config.ConfigTracker/CONFIG]: Loading configs type COMMON
[22сент.2026 18:19:04.718] [modloading-sync-worker/DEBUG] [net.neoforged.fml.config.ConfigTracker/CONFIG]: Loaded TOML config file C:\Users\trasa\OneDrive\Desktop\unlimitedSpaceFolder\run_phase8_runtime\config\dynamicdimensions-common.toml
[22сент.2026 18:19:04.723] [modloading-sync-worker/DEBUG] [net.neoforged.fml.config.ConfigTracker/CONFIG]: Watching TOML config file C:\Users\trasa\OneDrive\Desktop\unlimitedSpaceFolder\run_phase8_runtime\config\dynamicdimensions-common.toml for changes
[22сент.2026 18:19:04.724] [modloading-sync-worker/DEBUG] [net.neoforged.neoforge.common.NeoForgeConfig/FORGEMOD]: Loaded NeoForge config file neoforge-common.toml
[22сент.2026 18:19:04.724] [modloading-sync-worker/DEBUG] [net.neoforged.fml.config.ConfigTracker/CONFIG]: Loaded TOML config file C:\Users\trasa\OneDrive\Desktop\unlimitedSpaceFolder\run_phase8_runtime\config\neoforge-common.toml
[22сент.2026 18:19:04.724] [modloading-sync-worker/DEBUG] [net.neoforged.fml.config.ConfigTracker/CONFIG]: Watching TOML config file C:\Users\trasa\OneDrive\Desktop\unlimitedSpaceFolder\run_phase8_runtime\config\neoforge-common.toml for changes
[22сент.2026 18:19:04.725] [modloading-sync-worker/DEBUG] [net.neoforged.fml.config.ConfigTracker/CONFIG]: Loaded TOML config file C:\Users\trasa\OneDrive\Desktop\unlimitedSpaceFolder\run_phase8_runtime\config\unlimitedspace-common.toml
[22сент.2026 18:19:04.725] [modloading-sync-worker/DEBUG] [net.neoforged.fml.config.ConfigTracker/CONFIG]: Watching TOML config file C:\Users\trasa\OneDrive\Desktop\unlimitedSpaceFolder\run_phase8_runtime\config\unlimitedspace-common.toml for changes
[22сент.2026 18:19:04.726] [modloading-sync-worker/DEBUG] [net.neoforged.fml.config.ConfigTracker/CONFIG]: Loaded TOML config file C:\Users\trasa\OneDrive\Desktop\unlimitedSpaceFolder\run_phase8_runtime\config\creatingspace-common.toml
[22сент.2026 18:19:04.726] [modloading-sync-worker/DEBUG] [net.neoforged.fml.config.ConfigTracker/CONFIG]: Watching TOML config file C:\Users\trasa\OneDrive\Desktop\unlimitedSpaceFolder\run_phase8_runtime\config\creatingspace-common.toml for changes
[22сент.2026 18:19:04.726] [modloading-sync-worker/DEBUG] [net.neoforged.fml.config.ConfigTracker/CONFIG]: Loaded TOML config file C:\Users\trasa\OneDrive\Desktop\unlimitedSpaceFolder\run_phase8_runtime\config\create-common.toml
[22сент.2026 18:19:04.727] [modloading-sync-worker/DEBUG] [net.neoforged.fml.config.ConfigTracker/CONFIG]: Watching TOML config file C:\Users\trasa\OneDrive\Desktop\unlimitedSpaceFolder\run_phase8_runtime\config\create-common.toml for changes
[22сент.2026 18:19:04.728] [modloading-worker-0/INFO] [com.modscreating.unlimitedspace.UnlimitedSpace/]: HELLO FROM COMMON SETUP
[22сент.2026 18:19:04.728] [modloading-worker-0/INFO] [com.modscreating.unlimitedspace.UnlimitedSpace/]: [unlimitedspace][R15.1] registered USRocketControlInteraction for rocket_control_terminal
[22сент.2026 18:19:04.728] [modloading-worker-0/INFO] [com.modscreating.unlimitedspace.UnlimitedSpace/]: DIRT BLOCK >> minecraft:dirt
[22сент.2026 18:19:04.729] [modloading-worker-0/INFO] [com.modscreating.unlimitedspace.UnlimitedSpace/]: The magic number is... 42
[22сент.2026 18:19:04.729] [modloading-worker-0/INFO] [com.modscreating.unlimitedspace.UnlimitedSpace/]: ITEM >> minecraft:iron_ingot
[22сент.2026 18:19:04.731] [modloading-worker-0/DEBUG] [mixin/]: Mixing fluid.FluidInteractionRegistryMixin from creatingspace.mixins.json into net.neoforged.neoforge.fluids.FluidInteractionRegistry
[22сент.2026 18:19:04.731] [modloading-worker-0/DEBUG] [mixin/]: creatingspace.mixins.json:fluid.FluidInteractionRegistryMixin from mod creatingspace: Class version 65 required is higher than the class version supported by the current version of Mixin (JAVA_17 supports class version 61)
[22сент.2026 18:19:04.731] [modloading-worker-0/DEBUG] [mixin/]: Renaming synthetic method lambda$redirectFluidInteractionRegistry$0(Lnet/minecraft/world/level/Level;Lnet/minecraft/core/BlockPos;Lnet/minecraft/core/BlockPos;Lnet/minecraft/world/level/material/FluidState;)Z to mdeb95d5$creatingspace$lambda$redirectFluidInteractionRegistry$0$0 in creatingspace.mixins.json:fluid.FluidInteractionRegistryMixin from mod creatingspace
[22сент.2026 18:19:04.739] [modloading-worker-0/DEBUG] [mixin/]: Mixing accessor.FluidInteractionRegistryAccessor from create.mixins.json into net.neoforged.neoforge.fluids.FluidInteractionRegistry
[22сент.2026 18:19:04.739] [modloading-worker-0/DEBUG] [mixin/]: Renaming @Accessor method getInteractions()Ljava/util/Map; to getInteractions$create_$md$eb95d5$1 in create.mixins.json:accessor.FluidInteractionRegistryAccessor from mod create
[22сент.2026 18:19:04.740] [modloading-worker-0/DEBUG] [mixin/]: creatingspace.mixins.json:fluid.FluidInteractionRegistryMixin from mod creatingspace->@Inject::redirectFluidInteractionRegistry(Lorg/spongepowered/asm/mixin/injection/callback/CallbackInfo;)V does use it's CallbackInfo
[22сент.2026 18:19:04.748] [modloading-sync-worker/DEBUG] [net.neoforged.fml.DeferredWorkQueue/LOADING]: Dispatching synchronous work for work queue Common setup: 3 jobs
[22сент.2026 18:19:04.779] [modloading-sync-worker/DEBUG] [net.neoforged.fml.DeferredWorkQueue/LOADING]: Synchronous work queue completed in 28.62 ms
[22сент.2026 18:19:04.806] [modloading-sync-worker/DEBUG] [net.neoforged.fml.DeferredWorkQueue/LOADING]: Dispatching synchronous work for work queue Complete loading of 9 mods: 1 jobs
[22сент.2026 18:19:04.807] [modloading-sync-worker/DEBUG] [net.neoforged.fml.DeferredWorkQueue/LOADING]: Synchronous work queue completed in 1.030 ms
[22сент.2026 18:19:04.873] [modloading-sync-worker/INFO] [com.modscreating.unlimitedspace.cs.ProceduralCsNetworking/]: [unlimitedspace][R14.6.3] registered ProceduralCsSyncPacket payload
[22сент.2026 18:19:04.888] [modloading-sync-worker/INFO] [com.modscreating.unlimitedspace.nav.R15Packets/]: [unlimitedspace][R15] registered Rocket Control navigation payloads
[22сент.2026 18:19:04.937] [main/INFO] [com.mojang.authlib.yggdrasil.YggdrasilAuthenticationService/]: Environment: Environment[sessionHost=https://sessionserver.mojang.com, servicesHost=https://api.minecraftservices.com, name=PROD]
[22сент.2026 18:19:05.042] [main/WARN] [net.minecraft.server.packs.VanillaPackResourcesBuilder/]: Assets URL 'union:/C:/Users/trasa/OneDrive/Desktop/unlimitedSpaceFolder/build/moddev/artifacts/neoforge-21.1.248.jar%23125!/assets/.mcassetsroot' uses unexpected schema
[22сент.2026 18:19:05.043] [main/WARN] [net.minecraft.server.packs.VanillaPackResourcesBuilder/]: Assets URL 'union:/C:/Users/trasa/OneDrive/Desktop/unlimitedSpaceFolder/build/moddev/artifacts/neoforge-21.1.248.jar%23125!/data/.mcassetsroot' uses unexpected schema
[22сент.2026 18:19:05.099] [main/INFO] [com.simibubi.create.Create/]: Created 157 recipes which will be injected into the game
[22сент.2026 18:19:05.105] [main/INFO] [com.simibubi.create.Create/]: Created 0 tags which will be injected into the game
[22сент.2026 18:19:05.110] [main/DEBUG] [mixin/]: Mixing ReloadableServerResourcesAccessor from dynamicdimensions.mixins.json into net.minecraft.server.ReloadableServerResources
[22сент.2026 18:19:05.222] [main/ERROR] [net.minecraft.world.level.biome.MobSpawnSettings/]: Spawn data: Value must be positive: 0
[22сент.2026 18:19:05.661] [main/DEBUG] [mixin/]: Mixing PrimaryLevelDataMixin from dynamicdimensions.mixins.json into net.minecraft.world.level.storage.PrimaryLevelData
[22сент.2026 18:19:05.664] [main/DEBUG] [mixin/]: dynamicdimensions.mixins.json:PrimaryLevelDataMixin from mod dynamicdimensions->@Inject::skipWritingDynamicDimensions(Lnet/minecraft/core/RegistryAccess;Lnet/minecraft/nbt/CompoundTag;Lnet/minecraft/nbt/CompoundTag;Lorg/spongepowered/asm/mixin/injection/callback/CallbackInfo;)V doesn't use it's CallbackInfo
[22сент.2026 18:19:05.664] [main/DEBUG] [mixin/]: dynamicdimensions.mixins.json:PrimaryLevelDataMixin from mod dynamicdimensions->@Inject::skipWritingDynamicDimensions(Lnet/minecraft/core/RegistryAccess;Lnet/minecraft/nbt/CompoundTag;Lnet/minecraft/nbt/CompoundTag;Lorg/spongepowered/asm/mixin/injection/callback/CallbackInfo;)V has 0 override(s) in child classes
[22сент.2026 18:19:05.664] [main/DEBUG] [mixin/]: dynamicdimensions.mixins.json:PrimaryLevelDataMixin from mod dynamicdimensions->@Inject::skipWritingDynamicDimensions(Lnet/minecraft/core/RegistryAccess;Lnet/minecraft/nbt/CompoundTag;Lnet/minecraft/nbt/CompoundTag;Lorg/spongepowered/asm/mixin/injection/callback/CallbackInfo;)V won't be passed a CallbackInfo as a result
[22сент.2026 18:19:05.998] [Worker-Main-6/ERROR] [net.minecraft.tags.TagLoader/]: Couldn't load tag minecraft:placeable as it is missing following references: 
	creatingspace:blank_painting (from mod/creatingspace)
[22сент.2026 18:19:06.249] [main/INFO] [net.minecraft.world.item.crafting.RecipeManager/]: Loaded 3038 recipes
[22сент.2026 18:19:06.440] [main/INFO] [net.minecraft.advancements.AdvancementTree/]: Loaded 2578 advancements
[22сент.2026 18:19:06.445] [main/INFO] [com.rae.creatingspace.CreatingSpace/]: Beginning loading of data for data loader: creatingspace_utilities
[22сент.2026 18:19:06.447] [main/INFO] [com.rae.creatingspace.CreatingSpace/]: Data loader for creatingspace_utilities loaded 1 jsons
[22сент.2026 18:19:06.455] [main/WARN] [net.minecraft.core.MappedRegistry/]: Not all defined tags for registry ResourceKey[minecraft:root / minecraft:block] are present in data pack: creatingspace:moon_carver_replaceables
[22сент.2026 18:19:07.128] [main/DEBUG] [net.neoforged.neoforge.common.CommonHooks/WP]: Gathered mod list to write to world save world
[22сент.2026 18:19:07.140] [main/DEBUG] [mixin/]: Mixing MixinPlayerList from badpackets.mixins.json into net.minecraft.server.players.PlayerList
[22сент.2026 18:19:07.140] [main/DEBUG] [mixin/]: badpackets.mixins.json:MixinPlayerList from mod badpackets: Class version 65 required is higher than the class version supported by the current version of Mixin (JAVA_16 supports class version 60)
[22сент.2026 18:19:07.141] [main/DEBUG] [mixin/]: badpackets.mixins.json:MixinPlayerList from mod badpackets->@Inject::badpackets_initServerPlayPacketHandler(Lnet/minecraft/network/Connection;Lnet/minecraft/server/level/ServerPlayer;Lnet/minecraft/server/network/CommonListenerCookie;Lorg/spongepowered/asm/mixin/injection/callback/CallbackInfo;)V doesn't use it's CallbackInfo
[22сент.2026 18:19:07.141] [main/DEBUG] [mixin/]: badpackets.mixins.json:MixinPlayerList from mod badpackets->@Inject::badpackets_initServerPlayPacketHandler(Lnet/minecraft/network/Connection;Lnet/minecraft/server/level/ServerPlayer;Lnet/minecraft/server/network/CommonListenerCookie;Lorg/spongepowered/asm/mixin/injection/callback/CallbackInfo;)V has 0 override(s) in child classes
[22сент.2026 18:19:07.141] [main/DEBUG] [mixin/]: badpackets.mixins.json:MixinPlayerList from mod badpackets->@Inject::badpackets_initServerPlayPacketHandler(Lnet/minecraft/network/Connection;Lnet/minecraft/server/level/ServerPlayer;Lnet/minecraft/server/network/CommonListenerCookie;Lorg/spongepowered/asm/mixin/injection/callback/CallbackInfo;)V won't be passed a CallbackInfo as a result
[22сент.2026 18:19:07.156] [main/DEBUG] [mixin/]: Mixing accessor.PotionBrewingAccessor from create.mixins.json into net.minecraft.world.item.alchemy.PotionBrewing
[22сент.2026 18:19:07.164] [Server thread/INFO] [net.minecraft.server.dedicated.DedicatedServer/]: Starting minecraft server version 1.21.1
[22сент.2026 18:19:07.165] [Server thread/INFO] [net.minecraft.server.dedicated.DedicatedServer/]: Loading properties
[22сент.2026 18:19:07.165] [Server thread/INFO] [net.minecraft.server.dedicated.DedicatedServer/]: Default game type: SURVIVAL
[22сент.2026 18:19:07.165] [Server thread/INFO] [net.minecraft.server.MinecraftServer/]: Generating keypair
[22сент.2026 18:19:07.215] [Server thread/INFO] [net.minecraft.server.dedicated.DedicatedServer/]: Starting Minecraft server on *:25565
[22сент.2026 18:19:07.215] [Server thread/DEBUG] [net.neoforged.neoforge.network.DualStackUtils/]: Detected IPv6 address: "0:0:0:0:0:0:0:0"
[22сент.2026 18:19:07.231] [Server thread/DEBUG] [io.netty.channel.MultithreadEventLoopGroup/]: -Dio.netty.eventLoopThreads: 32
[22сент.2026 18:19:07.235] [Server thread/DEBUG] [io.netty.util.concurrent.GlobalEventExecutor/]: -Dio.netty.globalEventExecutor.quietPeriodSeconds: 1
[22сент.2026 18:19:07.240] [Server thread/DEBUG] [io.netty.channel.nio.NioEventLoop/]: -Dio.netty.noKeySetOptimization: false
[22сент.2026 18:19:07.240] [Server thread/DEBUG] [io.netty.channel.nio.NioEventLoop/]: -Dio.netty.selectorAutoRebuildThreshold: 512
[22сент.2026 18:19:07.244] [Server thread/DEBUG] [io.netty.util.internal.PlatformDependent/]: org.jctools-core.MpscChunkedArrayQueue: available
[22сент.2026 18:19:07.269] [Server thread/INFO] [net.minecraft.server.network.ServerConnectionListener/]: Using default channel type
[22сент.2026 18:19:07.279] [Server thread/DEBUG] [io.netty.channel.DefaultChannelId/]: -Dio.netty.processId: 15380 (auto-detected)
[22сент.2026 18:19:07.281] [Server thread/DEBUG] [io.netty.util.NetUtil/]: -Djava.net.preferIPv4Stack: false
[22сент.2026 18:19:07.281] [Server thread/DEBUG] [io.netty.util.NetUtil/]: -Djava.net.preferIPv6Addresses: true
[22сент.2026 18:19:07.283] [Server thread/DEBUG] [io.netty.util.NetUtilInitializations/]: Loopback interface: loopback_0 (Software Loopback Interface 1, 0:0:0:0:0:0:0:1)
[22сент.2026 18:19:07.285] [Server thread/DEBUG] [io.netty.util.NetUtil/]: Failed to get SOMAXCONN from sysctl and file \proc\sys\net\core\somaxconn. Default: 200
[22сент.2026 18:19:07.286] [Server thread/DEBUG] [io.netty.channel.DefaultChannelId/]: -Dio.netty.machineId: d8:43:ae:ff:fe:c5:d3:98 (auto-detected)
[22сент.2026 18:19:07.300] [Server thread/WARN] [net.minecraft.server.dedicated.DedicatedServer/]: **** SERVER IS RUNNING IN OFFLINE/INSECURE MODE!
[22сент.2026 18:19:07.300] [Server thread/WARN] [net.minecraft.server.dedicated.DedicatedServer/]: The server will make no attempt to authenticate usernames. Beware.
[22сент.2026 18:19:07.300] [Server thread/WARN] [net.minecraft.server.dedicated.DedicatedServer/]: While this makes the game possible to play without internet access, it also opens up the ability for hackers to connect with any username they choose.
[22сент.2026 18:19:07.300] [Server thread/WARN] [net.minecraft.server.dedicated.DedicatedServer/]: To change this, set "online-mode" to "true" in the server.properties file.
[22сент.2026 18:19:07.311] [Server thread/DEBUG] [net.neoforged.fml.config.ConfigTracker/CONFIG]: Loading configs type SERVER
[22сент.2026 18:19:07.312] [Server thread/DEBUG] [net.neoforged.neoforge.common.NeoForgeConfig/FORGEMOD]: Loaded NeoForge config file neoforge-server.toml
[22сент.2026 18:19:07.312] [Server thread/DEBUG] [net.neoforged.fml.config.ConfigTracker/CONFIG]: Loaded TOML config file C:\Users\trasa\OneDrive\Desktop\unlimitedSpaceFolder\run_phase8_runtime\config\neoforge-server.toml
[22сент.2026 18:19:07.312] [Server thread/DEBUG] [net.neoforged.fml.config.ConfigTracker/CONFIG]: Watching TOML config file C:\Users\trasa\OneDrive\Desktop\unlimitedSpaceFolder\run_phase8_runtime\config\neoforge-server.toml for changes
[22сент.2026 18:19:07.313] [Server thread/DEBUG] [net.neoforged.fml.config.ConfigTracker/CONFIG]: Loaded TOML config file C:\Users\trasa\OneDrive\Desktop\unlimitedSpaceFolder\run_phase8_runtime\config\unlimitedspace-server.toml
[22сент.2026 18:19:07.313] [Server thread/DEBUG] [net.neoforged.fml.config.ConfigTracker/CONFIG]: Watching TOML config file C:\Users\trasa\OneDrive\Desktop\unlimitedSpaceFolder\run_phase8_runtime\config\unlimitedspace-server.toml for changes
[22сент.2026 18:19:07.314] [Server thread/DEBUG] [net.neoforged.fml.config.ConfigTracker/CONFIG]: Loaded TOML config file C:\Users\trasa\OneDrive\Desktop\unlimitedSpaceFolder\run_phase8_runtime\config\unlimitedspace-planet.toml
[22сент.2026 18:19:07.314] [Server thread/DEBUG] [net.neoforged.fml.config.ConfigTracker/CONFIG]: Watching TOML config file C:\Users\trasa\OneDrive\Desktop\unlimitedSpaceFolder\run_phase8_runtime\config\unlimitedspace-planet.toml for changes
[22сент.2026 18:19:07.315] [Server thread/DEBUG] [net.neoforged.fml.config.ConfigTracker/CONFIG]: Loaded TOML config file C:\Users\trasa\OneDrive\Desktop\unlimitedSpaceFolder\run_phase8_runtime\config\creatingspace-server.toml
[22сент.2026 18:19:07.315] [Server thread/DEBUG] [net.neoforged.fml.config.ConfigTracker/CONFIG]: Watching TOML config file C:\Users\trasa\OneDrive\Desktop\unlimitedSpaceFolder\run_phase8_runtime\config\creatingspace-server.toml for changes
[22сент.2026 18:19:07.320] [Server thread/DEBUG] [net.neoforged.fml.config.ConfigTracker/CONFIG]: Loaded TOML config file C:\Users\trasa\OneDrive\Desktop\unlimitedSpaceFolder\run_phase8_runtime\config\create-server.toml
[22сент.2026 18:19:07.321] [Server thread/DEBUG] [net.neoforged.fml.config.ConfigTracker/CONFIG]: Watching TOML config file C:\Users\trasa\OneDrive\Desktop\unlimitedSpaceFolder\run_phase8_runtime\config\create-server.toml for changes
[22сент.2026 18:19:07.348] [Server thread/INFO] [net.minecraft.server.dedicated.DedicatedServer/]: Preparing level "world"
[22сент.2026 18:19:07.349] [Server thread/DEBUG] [mixin/]: Mixing accessor.BiomeManagerAccessor from ponder-common.mixins.json into net.minecraft.world.level.biome.BiomeManager
[22сент.2026 18:19:07.350] [Server thread/DEBUG] [mixin/]: ponder-common.mixins.json:accessor.BiomeManagerAccessor from mod ponder: Class version 65 required is higher than the class version supported by the current version of Mixin (JAVA_17 supports class version 61)
[22сент.2026 18:19:07.383] [Server thread/DEBUG] [mixin/]: Mixing ChunkMapAccessor from dynamicdimensions.mixins.json into net.minecraft.server.level.ChunkMap
[22сент.2026 18:19:07.390] [Server thread/DEBUG] [mixin/]: Mixing DistanceManagerAccessor from dynamicdimensions.mixins.json into net.minecraft.server.level.DistanceManager
[22сент.2026 18:19:07.525] [Server thread/DEBUG] [com.simibubi.create.Create/]: Prepared Redstone Network Space for minecraft:overworld
[22сент.2026 18:19:07.525] [Server thread/DEBUG] [com.simibubi.create.Create/]: Prepared Kinetic Network Space for minecraft:overworld
[22сент.2026 18:19:07.938] [Server thread/DEBUG] [com.simibubi.create.Create/]: Prepared Redstone Network Space for unlimitedspace:procedural_planet_surface
[22сент.2026 18:19:07.938] [Server thread/DEBUG] [com.simibubi.create.Create/]: Prepared Kinetic Network Space for unlimitedspace:procedural_planet_surface
[22сент.2026 18:19:07.944] [Server thread/DEBUG] [com.simibubi.create.Create/]: Prepared Redstone Network Space for unlimitedspace:procedural_planet_orbit
[22сент.2026 18:19:07.944] [Server thread/DEBUG] [com.simibubi.create.Create/]: Prepared Kinetic Network Space for unlimitedspace:procedural_planet_orbit
[22сент.2026 18:19:07.965] [Server thread/DEBUG] [com.simibubi.create.Create/]: Prepared Redstone Network Space for creatingspace:venus
[22сент.2026 18:19:07.965] [Server thread/DEBUG] [com.simibubi.create.Create/]: Prepared Kinetic Network Space for creatingspace:venus
[22сент.2026 18:19:07.970] [Server thread/DEBUG] [com.simibubi.create.Create/]: Prepared Redstone Network Space for unlimitedspace:procedural_planet_surface
[22сент.2026 18:19:07.970] [Server thread/DEBUG] [com.simibubi.create.Create/]: Prepared Kinetic Network Space for unlimitedspace:procedural_planet_surface
[22сент.2026 18:19:07.972] [Server thread/DEBUG] [com.simibubi.create.Create/]: Prepared Redstone Network Space for unlimitedspace:procedural_planet_orbit
[22сент.2026 18:19:07.973] [Server thread/DEBUG] [com.simibubi.create.Create/]: Prepared Kinetic Network Space for unlimitedspace:procedural_planet_orbit
[22сент.2026 18:19:07.976] [Server thread/DEBUG] [com.simibubi.create.Create/]: Prepared Redstone Network Space for creatingspace:moon_orbit
[22сент.2026 18:19:07.976] [Server thread/DEBUG] [com.simibubi.create.Create/]: Prepared Kinetic Network Space for creatingspace:moon_orbit
[22сент.2026 18:19:07.982] [Server thread/DEBUG] [com.simibubi.create.Create/]: Prepared Redstone Network Space for creatingspace:the_moon
[22сент.2026 18:19:07.982] [Server thread/DEBUG] [com.simibubi.create.Create/]: Prepared Kinetic Network Space for creatingspace:the_moon
[22сент.2026 18:19:07.985] [Server thread/DEBUG] [com.simibubi.create.Create/]: Prepared Redstone Network Space for unlimitedspace:procedural_planet_orbit
[22сент.2026 18:19:07.985] [Server thread/DEBUG] [com.simibubi.create.Create/]: Prepared Kinetic Network Space for unlimitedspace:procedural_planet_orbit
[22сент.2026 18:19:07.988] [Server thread/DEBUG] [com.simibubi.create.Create/]: Prepared Redstone Network Space for creatingspace:mars_orbit
[22сент.2026 18:19:07.988] [Server thread/DEBUG] [com.simibubi.create.Create/]: Prepared Kinetic Network Space for creatingspace:mars_orbit
[22сент.2026 18:19:07.990] [Server thread/DEBUG] [com.simibubi.create.Create/]: Prepared Redstone Network Space for unlimitedspace:asteroid_field
[22сент.2026 18:19:07.990] [Server thread/DEBUG] [com.simibubi.create.Create/]: Prepared Kinetic Network Space for unlimitedspace:asteroid_field
[22сент.2026 18:19:07.993] [Server thread/DEBUG] [com.simibubi.create.Create/]: Prepared Redstone Network Space for unlimitedspace:procedural_planet_surface
[22сент.2026 18:19:07.993] [Server thread/DEBUG] [com.simibubi.create.Create/]: Prepared Kinetic Network Space for unlimitedspace:procedural_planet_surface
[22сент.2026 18:19:07.996] [Server thread/DEBUG] [com.simibubi.create.Create/]: Prepared Redstone Network Space for minecraft:the_nether
[22сент.2026 18:19:07.996] [Server thread/DEBUG] [com.simibubi.create.Create/]: Prepared Kinetic Network Space for minecraft:the_nether
[22сент.2026 18:19:08.001] [Server thread/DEBUG] [com.simibubi.create.Create/]: Prepared Redstone Network Space for creatingspace:mars
[22сент.2026 18:19:08.001] [Server thread/DEBUG] [com.simibubi.create.Create/]: Prepared Kinetic Network Space for creatingspace:mars
[22сент.2026 18:19:08.005] [Server thread/DEBUG] [com.simibubi.create.Create/]: Prepared Redstone Network Space for unlimitedspace:procedural_planet_orbit
[22сент.2026 18:19:08.005] [Server thread/DEBUG] [com.simibubi.create.Create/]: Prepared Kinetic Network Space for unlimitedspace:procedural_planet_orbit
[22сент.2026 18:19:08.013] [Server thread/DEBUG] [com.simibubi.create.Create/]: Prepared Redstone Network Space for minecraft:the_end
[22сент.2026 18:19:08.013] [Server thread/DEBUG] [com.simibubi.create.Create/]: Prepared Kinetic Network Space for minecraft:the_end
[22сент.2026 18:19:08.016] [Server thread/DEBUG] [com.simibubi.create.Create/]: Prepared Redstone Network Space for unlimitedspace:space
[22сент.2026 18:19:08.017] [Server thread/DEBUG] [com.simibubi.create.Create/]: Prepared Kinetic Network Space for unlimitedspace:space
[22сент.2026 18:19:08.085] [Server thread/DEBUG] [com.simibubi.create.Create/]: Prepared Redstone Network Space for unlimitedspace:procedural_planet_surface
[22сент.2026 18:19:08.085] [Server thread/DEBUG] [com.simibubi.create.Create/]: Prepared Kinetic Network Space for unlimitedspace:procedural_planet_surface
[22сент.2026 18:19:08.088] [Server thread/DEBUG] [com.simibubi.create.Create/]: Prepared Redstone Network Space for creatingspace:earth_orbit
[22сент.2026 18:19:08.088] [Server thread/DEBUG] [com.simibubi.create.Create/]: Prepared Kinetic Network Space for creatingspace:earth_orbit
[22сент.2026 18:19:08.091] [Server thread/INFO] [net.minecraft.server.MinecraftServer/]: Preparing start region for dimension minecraft:overworld
[22сент.2026 18:19:08.352] [worldgen/INFO] [net.minecraft.server.level.progress.LoggerChunkProgressListener/]: Preparing spawn area: 0%
[22сент.2026 18:19:08.422] [Server thread/INFO] [net.minecraft.server.level.progress.LoggerChunkProgressListener/]: Time elapsed: 332 ms
[22сент.2026 18:19:08.424] [Server thread/INFO] [dynamicdimensions/]: Loaded 0 dynamic dimensions
[22сент.2026 18:19:08.424] [Server thread/INFO] [net.minecraft.server.dedicated.DedicatedServer/]: Done (1.114s)! For help, type "help"
[22сент.2026 18:19:08.424] [Server thread/INFO] [net.minecraft.server.dedicated.DedicatedServer/]: Starting remote control listener
[22сент.2026 18:19:08.428] [Server thread/INFO] [net.minecraft.server.rcon.thread.GenericThread/]: Thread RCON Listener started
[22сент.2026 18:19:08.428] [Server thread/INFO] [net.minecraft.server.rcon.thread.RconThread/]: RCON running on 0.0.0.0:25575
[22сент.2026 18:19:08.434] [Server thread/DEBUG] [net.neoforged.neoforge.network.DualStackUtils/]: Detected IPv6 address: "0:0:0:0:0:0:0:0"
[22сент.2026 18:19:08.468] [Server thread/DEBUG] [net.neoforged.neoforge.server.LanguageHook/]: Loaded 9 language files for en_us
[22сент.2026 18:19:08.474] [Server thread/INFO] [net.neoforged.neoforge.gametest.GameTestHooks/]: Enabled Gametest Namespaces: [unlimitedspace]
[22сент.2026 18:19:08.479] [Server thread/DEBUG] [mixin/]: Mixing accessor.GameTestHelperAccessor from create.mixins.json into net.minecraft.gametest.framework.GameTestHelper
[22сент.2026 18:19:08.532] [Server thread/INFO] [net.neoforged.neoforge.server.permission.PermissionAPI/]: Successfully initialized permission handler neoforge:default_handler
[22сент.2026 18:19:08.533] [Server thread/INFO] [com.modscreating.unlimitedspace.UnlimitedSpace/]: HELLO from server starting
[22сент.2026 18:19:08.556] [Server thread/INFO] [com.modscreating.unlimitedspace.UnlimitedSpace/]: [Unlimited Space] Test Galaxy Statistics
[22сент.2026 18:19:08.557] [Server thread/INFO] [com.modscreating.unlimitedspace.UnlimitedSpace/]: World Seed: -7206522302591668930
[22сент.2026 18:19:08.557] [Server thread/INFO] [com.modscreating.unlimitedspace.UnlimitedSpace/]: Systems in test scope: 128 (finite scope [0..127], configurable via "testSystemCount"; does not materialize the potential galaxy)
[22сент.2026 18:19:08.557] [Server thread/INFO] [com.modscreating.unlimitedspace.UnlimitedSpace/]: Stars: 168
[22сент.2026 18:19:08.557] [Server thread/INFO] [com.modscreating.unlimitedspace.UnlimitedSpace/]: Planets: 444
[22сент.2026 18:19:08.557] [Server thread/INFO] [com.modscreating.unlimitedspace.UnlimitedSpace/]: Moons: 1161
[22сент.2026 18:19:08.557] [Server thread/INFO] [com.modscreating.unlimitedspace.UnlimitedSpace/]: Asteroid Clusters: 469
[22сент.2026 18:19:08.564] [Server thread/INFO] [com.modscreating.unlimitedspace.UnlimitedSpace/]: [unlimitedspace] Asteroid R11: id=system_0000_asteroid_00 seed=162047318924148119 shape=IRREGULAR_MASSIVE density=0,34 asteroidCount=31 sizeRange=10,0-10,0 dominantOre=COPPER primaryMaterial=minecraft:smooth_basalt
[22сент.2026 18:19:08.564] [Server thread/INFO] [com.modscreating.unlimitedspace.UnlimitedSpace/]: [unlimitedspace] Asteroid R11: dimensionRegistered=true serverLevelResolved=true generator=AsteroidChunkGenerator csDestinationRegistered=true destRl=unlimitedspace:asteroid/system_0000_asteroid_00 arrival(geom)=(0,45,0) csGravity=0.0 csIsOrbit=true csOrbitedBody=minecraft:overworld
[22сент.2026 18:19:08.565] [Server thread/INFO] [com.modscreating.unlimitedspace.UnlimitedSpace/]: [unlimitedspace] R14.6.2 frozen registry: overworldReg=true proceduralRegistryEntries=9 (expected 0: procedural metadata is seed-aware and published at runtime by ProceduralCsRuntime, not by the pre-seed datapack) system0OrbitFrozen=true
[22сент.2026 18:19:08.565] [Server thread/INFO] [com.modscreating.unlimitedspace.UnlimitedSpace/]: [unlimitedspace] R7 server worldSeed=-7206522302591668930 system=0 planets=3
[22сент.2026 18:19:08.602] [Server thread/INFO] [com.modscreating.unlimitedspace.UnlimitedSpace/]: [unlimitedspace] R7 planet #0 id=system_0000_planet_00 seed=2638388522489790166 type=VOLCANIC gravity=1.0883447804140038g surfRl=unlimitedspace:planet/system_0000_planet_00/surface orbitRl=unlimitedspace:planet/system_0000_planet_00/orbit destSurf=system_0000_planet_00_surface destOrbit=system_0000_planet_00_orbit | reg[surface=true,orbit=true] linksOrbit=false levels[surface=true,orbit=true] gens[surface=PlanetChunkGenerator,orbit=FlatLevelSource] orbitMeta[arr=64,grav=0.0]
[22сент.2026 18:19:08.603] [Server thread/INFO] [com.modscreating.unlimitedspace.UnlimitedSpace/]: [unlimitedspace] R8 profile #0 pattern=ROCKY_HIGHLANDS family=METAL surfBlock=minecraft:basalt seaLevel=68/70.13839123152502(amp=6.395151988728573,freq=0.023313363180643226) hasWater=true
[22сент.2026 18:19:08.604] [Server thread/INFO] [com.modscreating.unlimitedspace.UnlimitedSpace/]: [unlimitedspace] R7 planet #1 id=system_0000_planet_01 seed=919645318121430811 type=BARREN gravity=0.7926655369068548g surfRl=unlimitedspace:planet/system_0000_planet_01/surface orbitRl=unlimitedspace:planet/system_0000_planet_01/orbit destSurf=system_0000_planet_01_surface destOrbit=system_0000_planet_01_orbit | reg[surface=true,orbit=true] linksOrbit=false levels[surface=true,orbit=true] gens[surface=PlanetChunkGenerator,orbit=FlatLevelSource] orbitMeta[arr=64,grav=0.0]
[22сент.2026 18:19:08.604] [Server thread/INFO] [com.modscreating.unlimitedspace.UnlimitedSpace/]: [unlimitedspace] R8 profile #1 pattern=HILLS family=ROCK surfBlock=minecraft:stone seaLevel=37/43.47114617056848(amp=9.704353515224591,freq=0.041461869058890835) hasWater=true
[22сент.2026 18:19:08.605] [Server thread/INFO] [com.modscreating.unlimitedspace.UnlimitedSpace/]: [unlimitedspace] R7 planet #2 id=system_0000_planet_02 seed=-3739249961237935439 type=VOLCANIC gravity=0.724983497979572g surfRl=unlimitedspace:planet/system_0000_planet_02/surface orbitRl=unlimitedspace:planet/system_0000_planet_02/orbit destSurf=system_0000_planet_02_surface destOrbit=system_0000_planet_02_orbit | reg[surface=true,orbit=true] linksOrbit=false levels[surface=true,orbit=true] gens[surface=PlanetChunkGenerator,orbit=FlatLevelSource] orbitMeta[arr=64,grav=0.0]
[22сент.2026 18:19:08.605] [Server thread/INFO] [com.modscreating.unlimitedspace.UnlimitedSpace/]: [unlimitedspace] R8 profile #2 pattern=HILLS family=METAL surfBlock=minecraft:basalt seaLevel=74/86.5259230449364(amp=26.850746120162317,freq=0.03921297293064213) hasWater=true
[22сент.2026 18:19:08.605] [Server thread/INFO] [com.modscreating.unlimitedspace.UnlimitedSpace/]: [unlimitedspace] R7 done. csDestinations=16 overworldLinksOrbitA=false
[22сент.2026 18:19:08.605] [Server thread/INFO] [com.rae.creatingspace.content.event.DataEventHandler/]: getting the server registry access
[22сент.2026 18:19:08.605] [Server thread/INFO] [com.rae.creatingspace.content.event.DataEventHandler/]: updating the travel map
[22сент.2026 18:19:08.606] [Server thread/DEBUG] [com.rae.creatingspace.content.event.DataEventHandler/]: updating the space travel cost map
[22сент.2026 18:19:08.675] [Server thread/INFO] [com.modscreating.unlimitedspace.cs.ProceduralCsRuntime/]: [unlimitedspace][R14.6.2] building seed-aware CS metadata: worldSeed=-7206522302591668930 baseSystems=[0..200) generatedEntries=5913 [US] metadata=66.0 ms
[22сент.2026 18:19:08.705] [Server thread/INFO] [com.modscreating.unlimitedspace.cs.ProceduralCsRuntime/]: [unlimitedspace][R14.6.2] seed-aware CS travel map applied: stage=startup coveredSystems=200 proceduralEntries=5913 officialEntries=16 [US] updatePlanetsFromRegistry=29.6 ms
[22сент.2026 18:19:35.460] [Server thread/INFO] [com.modscreating.unlimitedspace.cs.ProceduralCsRuntime/]: [US] CS runtime update (startup cost map over base scope): 26754.1 ms (coveredSystems=200 entries=5913)
[22сент.2026 18:19:35.481] [Server thread/INFO] [com.modscreating.unlimitedspace.cs.ProceduralCsRuntime/]: [unlimitedspace][R14.6.2] coverage: canonicalBodies=3592 canonicalEntries=5913 generatedEntries=5913 missing=0
[22сент.2026 18:19:35.482] [Server thread/INFO] [com.modscreating.unlimitedspace.UnlimitedSpace/]: [unlimitedspace][R14.6.2] gravity parity: system=0 body=system_0000_planet_00 domainGravityMs=10.6767 csSurfaceGravity=10.6767 csOrbitGravity=0.0000 csSurfaceArrival=200 csOrbitArrival=64
[22сент.2026 18:19:35.482] [Server thread/INFO] [com.modscreating.unlimitedspace.UnlimitedSpace/]: [unlimitedspace][R14.6.2] gravity parity: system=0 body=system_0000_planet_01 domainGravityMs=7.7760 csSurfaceGravity=7.7760 csOrbitGravity=0.0000 csSurfaceArrival=200 csOrbitArrival=64
[22сент.2026 18:19:35.482] [Server thread/INFO] [com.modscreating.unlimitedspace.UnlimitedSpace/]: [unlimitedspace][R14.6.2] gravity parity: system=0 body=system_0000_planet_02 domainGravityMs=7.1121 csSurfaceGravity=7.1121 csOrbitGravity=0.0000 csSurfaceArrival=200 csOrbitArrival=64
[22сент.2026 18:19:35.482] [Server thread/INFO] [com.modscreating.unlimitedspace.UnlimitedSpace/]: [unlimitedspace][R14.6.2] gravity parity: system=1 body=system_0001_planet_00 domainGravityMs=2.7529 csSurfaceGravity=2.7529 csOrbitGravity=0.0000 csSurfaceArrival=200 csOrbitArrival=64
[22сент.2026 18:19:35.482] [Server thread/INFO] [com.modscreating.unlimitedspace.UnlimitedSpace/]: [unlimitedspace][R14.6.2] gravity parity: system=2 body=system_0002_planet_00 domainGravityMs=6.0625 csSurfaceGravity=6.0625 csOrbitGravity=0.0000 csSurfaceArrival=200 csOrbitArrival=64
[22сент.2026 18:19:35.483] [Server thread/INFO] [com.modscreating.unlimitedspace.UnlimitedSpace/]: [unlimitedspace][R14.6.2] gravity parity: system=2 body=system_0002_planet_01 domainGravityMs=8.5947 csSurfaceGravity=8.5947 csOrbitGravity=0.0000 csSurfaceArrival=200 csOrbitArrival=64
[22сент.2026 18:19:35.483] [Server thread/INFO] [com.modscreating.unlimitedspace.UnlimitedSpace/]: [unlimitedspace][R14.6.2] gravity parity: system=3 body=system_0003_planet_00 domainGravityMs=5.6028 csSurfaceGravity=5.6028 csOrbitGravity=0.0000 csSurfaceArrival=200 csOrbitArrival=64
[22сент.2026 18:19:35.484] [Server thread/DEBUG] [com.modscreating.unlimitedspace.cs.ProceduralReconnectLoader/]: [unlimitedspace][R14.8.1] RECONNECT_PRELOAD: no player .dat files in .\world\playerdata
[22сент.2026 18:19:35.938] [Server thread/DEBUG] [mixin/]: Mixing MixinClientboundCustomPayloadPacket from badpackets.mixins.json into net.minecraft.network.protocol.common.ClientboundCustomPayloadPacket
[22сент.2026 18:19:35.938] [Server thread/DEBUG] [mixin/]: badpackets.mixins.json:MixinClientboundCustomPayloadPacket from mod badpackets: Class version 65 required is higher than the class version supported by the current version of Mixin (JAVA_16 supports class version 60)
[22сент.2026 18:19:35.942] [Server thread/DEBUG] [mixin/]: badpackets.mixins.json:MixinClientboundCustomPayloadPacket from mod badpackets->@Inject::badpackets_handle(Lnet/minecraft/network/protocol/common/ClientCommonPacketListener;Lorg/spongepowered/asm/mixin/injection/callback/CallbackInfo;)V does use it's CallbackInfo
[22сент.2026 18:19:35.953] [Server thread/DEBUG] [mixin/]: Mixing MixinCustomPacketPayload_1 from badpackets.mixins.json into net.minecraft.network.protocol.common.custom.CustomPacketPayload$1
[22сент.2026 18:19:35.953] [Server thread/DEBUG] [mixin/]: badpackets.mixins.json:MixinCustomPacketPayload_1 from mod badpackets: Class version 65 required is higher than the class version supported by the current version of Mixin (JAVA_16 supports class version 60)
[22сент.2026 18:19:35.955] [Server thread/DEBUG] [mixin/]: badpackets.mixins.json:MixinCustomPacketPayload_1 from mod badpackets->@Inject::badpackets_encode(Lnet/minecraft/network/FriendlyByteBuf;Lnet/minecraft/network/protocol/common/custom/CustomPacketPayload$Type;Lnet/minecraft/network/protocol/common/custom/CustomPacketPayload;Lorg/spongepowered/asm/mixin/injection/callback/CallbackInfo;)V does use it's CallbackInfo
[22сент.2026 18:19:35.955] [Server thread/DEBUG] [mixin/]: badpackets.mixins.json:MixinCustomPacketPayload_1 from mod badpackets->@Inject::badpackets_decode(Lnet/minecraft/network/FriendlyByteBuf;Lorg/spongepowered/asm/mixin/injection/callback/CallbackInfoReturnable;Lnet/minecraft/resources/ResourceLocation;)V does use it's CallbackInfoReturnable
[22сент.2026 18:24:35.449] [Server thread/DEBUG] [net.neoforged.neoforge.common.CommonHooks/WP]: Gathered mod list to write to world save world
[22сент.2026 18:29:35.438] [Server thread/DEBUG] [net.neoforged.neoforge.common.CommonHooks/WP]: Gathered mod list to write to world save world
[22сент.2026 18:34:35.437] [Server thread/DEBUG] [net.neoforged.neoforge.common.CommonHooks/WP]: Gathered mod list to write to world save world
[22сент.2026 18:39:35.438] [Server thread/DEBUG] [net.neoforged.neoforge.common.CommonHooks/WP]: Gathered mod list to write to world save world
[22сент.2026 18:44:35.437] [Server thread/DEBUG] [net.neoforged.neoforge.common.CommonHooks/WP]: Gathered mod list to write to world save world
[22сент.2026 18:49:35.441] [Server thread/DEBUG] [net.neoforged.neoforge.common.CommonHooks/WP]: Gathered mod list to write to world save world
[22сент.2026 18:54:35.441] [Server thread/DEBUG] [net.neoforged.neoforge.common.CommonHooks/WP]: Gathered mod list to write to world save world
[22сент.2026 18:59:35.438] [Server thread/DEBUG] [net.neoforged.neoforge.common.CommonHooks/WP]: Gathered mod list to write to world save world
[22сент.2026 19:04:35.438] [Server thread/DEBUG] [net.neoforged.neoforge.common.CommonHooks/WP]: Gathered mod list to write to world save world
[22сент.2026 19:09:35.441] [Server thread/DEBUG] [net.neoforged.neoforge.common.CommonHooks/WP]: Gathered mod list to write to world save world
[22сент.2026 19:14:35.438] [Server thread/DEBUG] [net.neoforged.neoforge.common.CommonHooks/WP]: Gathered mod list to write to world save world
[22сент.2026 19:19:35.437] [Server thread/DEBUG] [net.neoforged.neoforge.common.CommonHooks/WP]: Gathered mod list to write to world save world
[22сент.2026 19:24:35.440] [Server thread/DEBUG] [net.neoforged.neoforge.common.CommonHooks/WP]: Gathered mod list to write to world save world
[22сент.2026 19:29:35.439] [Server thread/DEBUG] [net.neoforged.neoforge.common.CommonHooks/WP]: Gathered mod list to write to world save world
[22сент.2026 19:34:35.438] [Server thread/DEBUG] [net.neoforged.neoforge.common.CommonHooks/WP]: Gathered mod list to write to world save world
[22сент.2026 19:39:35.438] [Server thread/DEBUG] [net.neoforged.neoforge.common.CommonHooks/WP]: Gathered mod list to write to world save world
[22сент.2026 19:44:35.436] [Server thread/DEBUG] [net.neoforged.neoforge.common.CommonHooks/WP]: Gathered mod list to write to world save world
[22сент.2026 19:49:35.438] [Server thread/DEBUG] [net.neoforged.neoforge.common.CommonHooks/WP]: Gathered mod list to write to world save world
[22сент.2026 19:54:35.440] [Server thread/DEBUG] [net.neoforged.neoforge.common.CommonHooks/WP]: Gathered mod list to write to world save world
[22сент.2026 19:59:35.438] [Server thread/DEBUG] [net.neoforged.neoforge.common.CommonHooks/WP]: Gathered mod list to write to world save world
[22сент.2026 20:04:35.438] [Server thread/DEBUG] [net.neoforged.neoforge.common.CommonHooks/WP]: Gathered mod list to write to world save world
[22сент.2026 20:09:35.437] [Server thread/DEBUG] [net.neoforged.neoforge.common.CommonHooks/WP]: Gathered mod list to write to world save world
[22сент.2026 20:14:35.436] [Server thread/DEBUG] [net.neoforged.neoforge.common.CommonHooks/WP]: Gathered mod list to write to world save world
[22сент.2026 20:19:35.436] [Server thread/DEBUG] [net.neoforged.neoforge.common.CommonHooks/WP]: Gathered mod list to write to world save world
[22сент.2026 20:24:35.437] [Server thread/DEBUG] [net.neoforged.neoforge.common.CommonHooks/WP]: Gathered mod list to write to world save world
[22сент.2026 20:29:35.437] [Server thread/DEBUG] [net.neoforged.neoforge.common.CommonHooks/WP]: Gathered mod list to write to world save world
[22сент.2026 20:34:35.438] [Server thread/DEBUG] [net.neoforged.neoforge.common.CommonHooks/WP]: Gathered mod list to write to world save world
[22сент.2026 20:39:35.438] [Server thread/DEBUG] [net.neoforged.neoforge.common.CommonHooks/WP]: Gathered mod list to write to world save world
[22сент.2026 20:44:35.437] [Server thread/DEBUG] [net.neoforged.neoforge.common.CommonHooks/WP]: Gathered mod list to write to world save world
[22сент.2026 20:49:35.436] [Server thread/DEBUG] [net.neoforged.neoforge.common.CommonHooks/WP]: Gathered mod list to write to world save world
[22сент.2026 20:54:35.437] [Server thread/DEBUG] [net.neoforged.neoforge.common.CommonHooks/WP]: Gathered mod list to write to world save world
[22сент.2026 20:59:35.437] [Server thread/DEBUG] [net.neoforged.neoforge.common.CommonHooks/WP]: Gathered mod list to write to world save world
[22сент.2026 21:04:35.437] [Server thread/DEBUG] [net.neoforged.neoforge.common.CommonHooks/WP]: Gathered mod list to write to world save world
[22сент.2026 21:09:35.438] [Server thread/DEBUG] [net.neoforged.neoforge.common.CommonHooks/WP]: Gathered mod list to write to world save world
[22сент.2026 21:14:35.436] [Server thread/DEBUG] [net.neoforged.neoforge.common.CommonHooks/WP]: Gathered mod list to write to world save world
[22сент.2026 21:19:35.436] [Server thread/DEBUG] [net.neoforged.neoforge.common.CommonHooks/WP]: Gathered mod list to write to world save world
[22сент.2026 21:24:35.437] [Server thread/DEBUG] [net.neoforged.neoforge.common.CommonHooks/WP]: Gathered mod list to write to world save world
[22сент.2026 21:29:35.437] [Server thread/DEBUG] [net.neoforged.neoforge.common.CommonHooks/WP]: Gathered mod list to write to world save world
[22сент.2026 21:34:35.436] [Server thread/DEBUG] [net.neoforged.neoforge.common.CommonHooks/WP]: Gathered mod list to write to world save world
[22сент.2026 21:39:35.440] [Server thread/DEBUG] [net.neoforged.neoforge.common.CommonHooks/WP]: Gathered mod list to write to world save world
[22сент.2026 21:44:35.439] [Server thread/DEBUG] [net.neoforged.neoforge.common.CommonHooks/WP]: Gathered mod list to write to world save world
[22сент.2026 21:49:35.437] [Server thread/DEBUG] [net.neoforged.neoforge.common.CommonHooks/WP]: Gathered mod list to write to world save world
[22сент.2026 21:49:45.875] [Server thread/WARN] [net.minecraft.server.MinecraftServer/]: Can't keep up! Is the server overloaded? Running 10389ms or 207 ticks behind
